[{"prefectureJisCode":"42","cityJisCode":"42211","townNameKana":"ｱｶｼﾏﾁｮｳ","townName":"赤島町","zipCode":"8530062"},{"prefectureJisCode":"42","cityJisCode":"42211","townNameKana":"ｲｹﾀﾞﾏﾁ","townName":"池田町","zipCode":"8530018"},{"prefectureJisCode":"42","cityJisCode":"42211","townNameKana":"ｲﾉｷﾁｮｳ","townName":"猪之木町","zipCode":"8532174"},{"prefectureJisCode":"42","cityJisCode":"42211","townNameKana":"ｲﾌｷﾁｮｳ","townName":"伊福貴町","zipCode":"8532481"},{"prefectureJisCode":"42","cityJisCode":"42211","townNameKana":"ｴｶﾞﾜﾏﾁ","townName":"江川町","zipCode":"8530006"},{"prefectureJisCode":"42","cityJisCode":"42211","townNameKana":"ｵｳｼﾏﾁｮｳ","townName":"黄島町","zipCode":"8530061"},{"prefectureJisCode":"42","cityJisCode":"42211","townNameKana":"ｵｵｱﾚﾁｮｳ","townName":"大荒町","zipCode":"8530032"},{"prefectureJisCode":"42","cityJisCode":"42211","townNameKana":"ｵｸｳﾗﾁｮｳ","townName":"奥浦町","zipCode":"8530053"},{"prefectureJisCode":"42","cityJisCode":"42211","townNameKana":"ｵﾄﾞﾏﾘﾁｮｳ","townName":"小泊町","zipCode":"8530025"},{"prefectureJisCode":"42","cityJisCode":"42211","townNameKana":"ｶﾐｵｵﾂﾞﾁｮｳ","townName":"上大津町","zipCode":"8530013"},{"prefectureJisCode":"42","cityJisCode":"42211","townNameKana":"ｶﾐｻｷﾔﾏﾁｮｳ","townName":"上崎山町","zipCode":"8530023"},{"prefectureJisCode":"42","cityJisCode":"42211","townNameKana":"ｷｼｸﾏﾁｶﾜﾗ","townName":"岐宿町川原","zipCode":"8530702"},{"prefectureJisCode":"42","cityJisCode":"42211","townNameKana":"ｷｼｸﾏﾁｷｼｸ","townName":"岐宿町岐宿","zipCode":"8530701"},{"prefectureJisCode":"42","cityJisCode":"42211","townNameKana":"ｷｼｸﾏﾁｸｽﾊﾗ","townName":"岐宿町楠原","zipCode":"8530703"},{"prefectureJisCode":"42","cityJisCode":"42211","townNameKana":"ｷｼｸﾏﾁｺｳﾑ","townName":"岐宿町河務","zipCode":"8530704"},{"prefectureJisCode":"42","cityJisCode":"42211","townNameKana":"ｷｼｸﾏﾁﾄｳｾﾝﾉｳﾗ","townName":"岐宿町唐船ノ浦","zipCode":"8530706"},{"prefectureJisCode":"42","cityJisCode":"42211","townNameKana":"ｷｼｸﾏﾁﾄｷﾞﾉｸﾋﾞ","townName":"岐宿町戸岐ノ首","zipCode":"8530705"},{"prefectureJisCode":"42","cityJisCode":"42211","townNameKana":"ｷｼｸﾏﾁﾅｶﾀﾞｹ","townName":"岐宿町中嶽","zipCode":"8530312"},{"prefectureJisCode":"42","cityJisCode":"42211","townNameKana":"ｷｼｸﾏﾁﾆﾎﾝｸﾞｽ","townName":"岐宿町二本楠","zipCode":"8530311"},{"prefectureJisCode":"42","cityJisCode":"42211","townNameKana":"ｷｼｸﾏﾁﾏﾂﾔﾏ","townName":"岐宿町松山","zipCode":"8530313"},{"prefectureJisCode":"42","cityJisCode":"42211","townNameKana":"ｺｳﾀﾞﾁｮｳ","townName":"高田町","zipCode":"8530043"},{"prefectureJisCode":"42","cityJisCode":"42211","townNameKana":"ｺﾊﾞﾁｮｳ","townName":"木場町","zipCode":"8530033"},{"prefectureJisCode":"42","cityJisCode":"42211","townNameKana":"ｺﾓﾘﾌﾞﾁﾁｮｳ","townName":"籠淵町","zipCode":"8530041"},{"prefectureJisCode":"42","cityJisCode":"42211","townNameKana":"ｺﾝﾔﾏﾁ","townName":"紺屋町","zipCode":"8530016"},{"prefectureJisCode":"42","cityJisCode":"42211","townNameKana":"ｻｲﾜｲﾏﾁ","townName":"幸町","zipCode":"8530004"},{"prefectureJisCode":"42","cityJisCode":"42211","townNameKana":"ｻｶｴﾏﾁ","townName":"栄町","zipCode":"8530001"},{"prefectureJisCode":"42","cityJisCode":"42211","townNameKana":"ｻｶﾉｳｴ","townName":"坂の上","zipCode":"8530065"},{"prefectureJisCode":"42","cityJisCode":"42211","townNameKana":"ｼﾓｵｵﾂﾞﾁｮｳ","townName":"下大津町","zipCode":"8530011"},{"prefectureJisCode":"42","cityJisCode":"42211","townNameKana":"ｼﾓｻｷﾔﾏﾁｮｳ","townName":"下崎山町","zipCode":"8530021"},{"prefectureJisCode":"42","cityJisCode":"42211","townNameKana":"ｼﾝﾐﾅﾄﾏﾁ","townName":"新港町","zipCode":"8530063"},{"prefectureJisCode":"42","cityJisCode":"42211","townNameKana":"ｽｴﾋﾛﾏﾁ","townName":"末広町","zipCode":"8530005"},{"prefectureJisCode":"42","cityJisCode":"42211","townNameKana":"ﾀﾉｳﾗﾁｮｳ","townName":"田ノ浦町","zipCode":"8532173"},{"prefectureJisCode":"42","cityJisCode":"42211","townNameKana":"ﾀﾏﾉｳﾗﾏﾁｱﾗｶﾜ","townName":"玉之浦町荒川","zipCode":"8530501"},{"prefectureJisCode":"42","cityJisCode":"42211","townNameKana":"ﾀﾏﾉｳﾗﾏﾁｲﾂｸﾔﾏ","townName":"玉之浦町幾久山","zipCode":"8530502"},{"prefectureJisCode":"42","cityJisCode":"42211","townNameKana":"ﾀﾏﾉｳﾗﾏﾁｵｶﾞﾜ","townName":"玉之浦町小川","zipCode":"8530503"},{"prefectureJisCode":"42","cityJisCode":"42211","townNameKana":"ﾀﾏﾉｳﾗﾏﾁｶﾐﾉﾋﾗ","townName":"玉之浦町上の平","zipCode":"8530506"},{"prefectureJisCode":"42","cityJisCode":"42211","townNameKana":"ﾀﾏﾉｳﾗﾏﾁﾀﾁﾔ","townName":"玉之浦町立谷","zipCode":"8530412"},{"prefectureJisCode":"42","cityJisCode":"42211","townNameKana":"ﾀﾏﾉｳﾗﾏﾁﾀﾏﾉｳﾗ","townName":"玉之浦町玉之浦","zipCode":"8530411"},{"prefectureJisCode":"42","cityJisCode":"42211","townNameKana":"ﾀﾏﾉｳﾗﾏﾁﾀﾝﾅ","townName":"玉之浦町丹奈","zipCode":"8530504"},{"prefectureJisCode":"42","cityJisCode":"42211","townNameKana":"ﾀﾏﾉｳﾗﾏﾁﾀﾞｲﾎｳ","townName":"玉之浦町大宝","zipCode":"8530413"},{"prefectureJisCode":"42","cityJisCode":"42211","townNameKana":"ﾀﾏﾉｳﾗﾏﾁﾄﾝﾄﾏﾘ","townName":"玉之浦町頓泊","zipCode":"8530507"},{"prefectureJisCode":"42","cityJisCode":"42211","townNameKana":"ﾀﾏﾉｳﾗﾏﾁﾅｶｽ","townName":"玉之浦町中須","zipCode":"8530505"},{"prefectureJisCode":"42","cityJisCode":"42211","townNameKana":"ﾀﾏﾉｳﾗﾏﾁﾇﾉｳﾗ","townName":"玉之浦町布浦","zipCode":"8530508"},{"prefectureJisCode":"42","cityJisCode":"42211","townNameKana":"ﾀﾞｲｴﾝｼﾞﾁｮｳ","townName":"大円寺町","zipCode":"8530066"},{"prefectureJisCode":"42","cityJisCode":"42211","townNameKana":"ﾁｭｳｵｳﾏﾁ","townName":"中央町","zipCode":"8530002"},{"prefectureJisCode":"42","cityJisCode":"42211","townNameKana":"ﾂﾂﾐﾁｮｳ","townName":"堤町","zipCode":"8530044"},{"prefectureJisCode":"42","cityJisCode":"42211","townNameKana":"ﾄｷﾞﾁｮｳ","townName":"戸岐町","zipCode":"8530054"},{"prefectureJisCode":"42","cityJisCode":"42211","townNameKana":"ﾄﾐｴﾏﾁｶﾘﾀﾃ","townName":"富江町狩立","zipCode":"8530205"},{"prefectureJisCode":"42","cityJisCode":"42211","townNameKana":"ﾄﾐｴﾏﾁｸﾛｼﾏ","townName":"富江町黒島","zipCode":"8530208"},{"prefectureJisCode":"42","cityJisCode":"42211","townNameKana":"ﾄﾐｴﾏﾁｸﾛｾ","townName":"富江町黒瀬","zipCode":"8530211"},{"prefectureJisCode":"42","cityJisCode":"42211","townNameKana":"ﾄﾐｴﾏﾁｼｮｸﾆﾝ","townName":"富江町職人","zipCode":"8530215"},{"prefectureJisCode":"42","cityJisCode":"42211","townNameKana":"ﾄﾐｴﾏﾁｼｹﾞｼﾞｷ","townName":"富江町繁敷","zipCode":"8530204"},{"prefectureJisCode":"42","cityJisCode":"42211","townNameKana":"ﾄﾐｴﾏﾁﾀｵ","townName":"富江町田尾","zipCode":"8530203"},{"prefectureJisCode":"42","cityJisCode":"42211","townNameKana":"ﾄﾐｴﾏﾁﾀｹ","townName":"富江町岳","zipCode":"8530213"},{"prefectureJisCode":"42","cityJisCode":"42211","townNameKana":"ﾄﾐｴﾏﾁﾂﾁﾄﾘ","townName":"富江町土取","zipCode":"8530214"},{"prefectureJisCode":"42","cityJisCode":"42211","townNameKana":"ﾄﾐｴﾏﾁﾄﾐｴ","townName":"富江町富江","zipCode":"8530201"},{"prefectureJisCode":"42","cityJisCode":"42211","townNameKana":"ﾄﾐｴﾏﾁﾅｶﾞﾐﾈ","townName":"富江町長峰","zipCode":"8530207"},{"prefectureJisCode":"42","cityJisCode":"42211","townNameKana":"ﾄﾐｴﾏﾁﾏﾂｵ","townName":"富江町松尾","zipCode":"8530202"},{"prefectureJisCode":"42","cityJisCode":"42211","townNameKana":"ﾄﾐｴﾏﾁﾔﾏｼﾀ","townName":"富江町山下","zipCode":"8530212"},{"prefectureJisCode":"42","cityJisCode":"42211","townNameKana":"ﾄﾐｴﾏﾁﾔﾏﾃ","townName":"富江町山手","zipCode":"8530206"},{"prefectureJisCode":"42","cityJisCode":"42211","townNameKana":"ﾅｶﾞﾃﾁｮｳ","townName":"長手町","zipCode":"8530012"},{"prefectureJisCode":"42","cityJisCode":"42211","townNameKana":"ﾅﾙﾏﾁｳﾗ","townName":"奈留町浦","zipCode":"8532201"},{"prefectureJisCode":"42","cityJisCode":"42211","townNameKana":"ﾅﾙﾏﾁｵｵｸｼ","townName":"奈留町大串","zipCode":"8532202"},{"prefectureJisCode":"42","cityJisCode":"42211","townNameKana":"ﾅﾙﾏﾁﾄﾏﾘ","townName":"奈留町泊","zipCode":"8532203"},{"prefectureJisCode":"42","cityJisCode":"42211","townNameKana":"ﾅﾙﾏﾁﾌﾅﾏﾜﾘ","townName":"奈留町船廻","zipCode":"8532204"},{"prefectureJisCode":"42","cityJisCode":"42211","townNameKana":"ﾆｼｷﾏﾁ","townName":"錦町","zipCode":"8530003"},{"prefectureJisCode":"42","cityJisCode":"42211","townNameKana":"ﾉﾉｷﾚﾁｮｳ","townName":"野々切町","zipCode":"8530024"},{"prefectureJisCode":"42","cityJisCode":"42211","townNameKana":"ﾊﾏﾁｮｳ","townName":"浜町","zipCode":"8530026"},{"prefectureJisCode":"42","cityJisCode":"42211","townNameKana":"ﾋｶﾞｼﾊﾏﾏﾁ","townName":"東浜町","zipCode":"8530015"},{"prefectureJisCode":"42","cityJisCode":"42211","townNameKana":"ﾋｻｶﾁｮｳ","townName":"久賀町","zipCode":"8532171"},{"prefectureJisCode":"42","cityJisCode":"42211","townNameKana":"ﾋﾗｿﾞｳﾁｮｳ","townName":"平蔵町","zipCode":"8530051"},{"prefectureJisCode":"42","cityJisCode":"42211","townNameKana":"ﾌｸｴﾁｮｳ","townName":"福江町","zipCode":"8530007"},{"prefectureJisCode":"42","cityJisCode":"42211","townNameKana":"ﾌﾞｹﾔｼｷ","townName":"武家屋敷","zipCode":"8530017"},{"prefectureJisCode":"42","cityJisCode":"42211","townNameKana":"ﾏｽﾀﾞﾁｮｳ","townName":"増田町","zipCode":"8530027"},{"prefectureJisCode":"42","cityJisCode":"42211","townNameKana":"ﾏﾂﾔﾏﾁｮｳ","townName":"松山町","zipCode":"8530052"},{"prefectureJisCode":"42","cityJisCode":"42211","townNameKana":"ﾐｲﾗｸﾏﾁｳｼﾉｳﾗ","townName":"三井楽町丑ノ浦","zipCode":"8530606"},{"prefectureJisCode":"42","cityJisCode":"42211","townNameKana":"ﾐｲﾗｸﾏﾁｵｵｶﾜ","townName":"三井楽町大川","zipCode":"8530602"},{"prefectureJisCode":"42","cityJisCode":"42211","townNameKana":"ﾐｲﾗｸﾏﾁｶｲﾂ","townName":"三井楽町貝津","zipCode":"8530604"},{"prefectureJisCode":"42","cityJisCode":"42211","townNameKana":"ﾐｲﾗｸﾏﾁｶｼﾜ","townName":"三井楽町柏","zipCode":"8530603"},{"prefectureJisCode":"42","cityJisCode":"42211","townNameKana":"ﾐｲﾗｸﾏﾁｻｶﾞﾉｼﾏ","townName":"三井楽町嵯峨島","zipCode":"8530611"},{"prefectureJisCode":"42","cityJisCode":"42211","townNameKana":"ﾐｲﾗｸﾏﾁｼｵﾐｽﾞ","townName":"三井楽町塩水","zipCode":"8530613"},{"prefectureJisCode":"42","cityJisCode":"42211","townNameKana":"ﾐｲﾗｸﾏﾁﾀｶｻｷ","townName":"三井楽町高崎","zipCode":"8530612"},{"prefectureJisCode":"42","cityJisCode":"42211","townNameKana":"ﾐｲﾗｸﾏﾁﾀｹ","townName":"三井楽町嶽","zipCode":"8530607"},{"prefectureJisCode":"42","cityJisCode":"42211","townNameKana":"ﾐｲﾗｸﾏﾁﾊｻﾏ","townName":"三井楽町波砂間","zipCode":"8530608"},{"prefectureJisCode":"42","cityJisCode":"42211","townNameKana":"ﾐｲﾗｸﾏﾁﾊﾏｻｺ","townName":"三井楽町濱窄","zipCode":"8530605"},{"prefectureJisCode":"42","cityJisCode":"42211","townNameKana":"ﾐｲﾗｸﾏﾁﾊﾏﾉｸﾘ","townName":"三井楽町濱ノ畔","zipCode":"8530601"},{"prefectureJisCode":"42","cityJisCode":"42211","townNameKana":"ﾐｲﾗｸﾏﾁﾌﾁﾉﾓﾄ","townName":"三井楽町渕ノ元","zipCode":"8530609"},{"prefectureJisCode":"42","cityJisCode":"42211","townNameKana":"ﾐｵﾉ","townName":"三尾野","zipCode":"8530064"},{"prefectureJisCode":"42","cityJisCode":"42211","townNameKana":"ﾐｵﾉﾁｮｳ","townName":"三尾野町","zipCode":"8530014"},{"prefectureJisCode":"42","cityJisCode":"42211","townNameKana":"ﾑｶｴﾁｮｳ","townName":"向町","zipCode":"8530022"},{"prefectureJisCode":"42","cityJisCode":"42211","townNameKana":"ﾓﾄｶﾞﾏﾁｮｳ","townName":"本窯町","zipCode":"8532482"},{"prefectureJisCode":"42","cityJisCode":"42211","townNameKana":"ﾖｼｸｷﾞﾁｮｳ","townName":"吉久木町","zipCode":"8530031"},{"prefectureJisCode":"42","cityJisCode":"42211","townNameKana":"ﾖｼﾀﾞﾁｮｳ","townName":"吉田町","zipCode":"8530042"},{"prefectureJisCode":"42","cityJisCode":"42211","townNameKana":"ﾜﾗﾋﾞﾁｮｳ","townName":"蕨町","zipCode":"8532172"}]