[{"prefectureJisCode":"42","cityJisCode":"42307","townNameKana":"ｳﾚﾘｺﾞｳ","townName":"嬉里郷","zipCode":"8512128"},{"prefectureJisCode":"42","cityJisCode":"42307","townNameKana":"ｵｶｺﾞｳ","townName":"岡郷","zipCode":"8512121"},{"prefectureJisCode":"42","cityJisCode":"42307","townNameKana":"ｺｳﾀﾞｺﾞｳ","townName":"高田郷","zipCode":"8512127"},{"prefectureJisCode":"42","cityJisCode":"42307","townNameKana":"ｻｲﾄｳｺﾞｳ","townName":"斉藤郷","zipCode":"8512129"},{"prefectureJisCode":"42","cityJisCode":"42307","townNameKana":"ﾋﾗｺﾊﾞｺﾞｳ","townName":"平木場郷","zipCode":"8512123"},{"prefectureJisCode":"42","cityJisCode":"42307","townNameKana":"ﾎｸﾖｳﾀﾞｲ","townName":"北陽台","zipCode":"8512131"},{"prefectureJisCode":"42","cityJisCode":"42307","townNameKana":"ﾎﾝｶﾞﾜﾁｺﾞｳ","townName":"本川内郷","zipCode":"8512122"},{"prefectureJisCode":"42","cityJisCode":"42307","townNameKana":"ﾏﾅﾋﾞﾉ","townName":"まなび野","zipCode":"8512130"},{"prefectureJisCode":"42","cityJisCode":"42307","townNameKana":"ﾏﾙﾀｺﾞｳ","townName":"丸田郷","zipCode":"8512124"},{"prefectureJisCode":"42","cityJisCode":"42307","townNameKana":"ﾐﾈｺﾞｳ","townName":"三根郷","zipCode":"8512125"},{"prefectureJisCode":"42","cityJisCode":"42307","townNameKana":"ﾖｼﾑﾀｺﾞｳ","townName":"吉無田郷","zipCode":"8512126"}]