[{"prefectureJisCode":"42","cityJisCode":"42411","townNameKana":"ｱｲｺｺﾞｳ","townName":"相河郷","zipCode":"8574411"},{"prefectureJisCode":"42","cityJisCode":"42411","townNameKana":"ｱｵｶﾀｺﾞｳ","townName":"青方郷","zipCode":"8574404"},{"prefectureJisCode":"42","cityJisCode":"42411","townNameKana":"ｱｶｵｺﾞｳ","townName":"赤尾郷","zipCode":"8574101"},{"prefectureJisCode":"42","cityJisCode":"42411","townNameKana":"ｱｾﾞﾂｺﾞｳ","townName":"阿瀬津郷","zipCode":"8533322"},{"prefectureJisCode":"42","cityJisCode":"42411","townNameKana":"ｱﾐｱｹﾞｺﾞｳ","townName":"網上郷","zipCode":"8574401"},{"prefectureJisCode":"42","cityJisCode":"42411","townNameKana":"ｱﾗｶﾜｺﾞｳ","townName":"荒川郷","zipCode":"8532304"},{"prefectureJisCode":"42","cityJisCode":"42411","townNameKana":"ｱﾘｶﾜｺﾞｳ","townName":"有川郷","zipCode":"8574211"},{"prefectureJisCode":"42","cityJisCode":"42411","townNameKana":"ｱﾘﾌｸｺﾞｳ","townName":"有福郷","zipCode":"8532313"},{"prefectureJisCode":"42","cityJisCode":"42411","townNameKana":"ｲﾉｾﾄﾞｺﾞｳ","townName":"飯ノ瀬戸郷","zipCode":"8574414"},{"prefectureJisCode":"42","cityJisCode":"42411","townNameKana":"ｲﾏｻﾞﾄｺﾞｳ","townName":"今里郷","zipCode":"8574413"},{"prefectureJisCode":"42","cityJisCode":"42411","townNameKana":"ｲﾜｾｳﾗｺﾞｳ","townName":"岩瀬浦郷","zipCode":"8533102"},{"prefectureJisCode":"42","cityJisCode":"42411","townNameKana":"ｳﾗｸﾜｺﾞｳ","townName":"浦桑郷","zipCode":"8574511"},{"prefectureJisCode":"42","cityJisCode":"42411","townNameKana":"ｴﾉｷﾂﾞｺﾞｳ","townName":"榎津郷","zipCode":"8574512"},{"prefectureJisCode":"42","cityJisCode":"42411","townNameKana":"ｴﾉﾊﾏｺﾞｳ","townName":"江ノ浜郷","zipCode":"8574103"},{"prefectureJisCode":"42","cityJisCode":"42411","townNameKana":"ｵｵﾀｺﾞｳ","townName":"太田郷","zipCode":"8574213"},{"prefectureJisCode":"42","cityJisCode":"42411","townNameKana":"ｵｶﾞﾜﾗｺﾞｳ","townName":"小河原郷","zipCode":"8574212"},{"prefectureJisCode":"42","cityJisCode":"42411","townNameKana":"ｷﾘﾌﾙｻﾄｺﾞｳ","townName":"桐古里郷","zipCode":"8532302"},{"prefectureJisCode":"42","cityJisCode":"42411","townNameKana":"ｺｸﾞｼｺﾞｳ","townName":"小串郷","zipCode":"8574601"},{"prefectureJisCode":"42","cityJisCode":"42411","townNameKana":"ｻｶｷﾉｳﾗｺﾞｳ","townName":"榊ノ浦郷","zipCode":"8532311"},{"prefectureJisCode":"42","cityJisCode":"42411","townNameKana":"ｼｭｸﾉｳﾗｺﾞｳ","townName":"宿ノ浦郷","zipCode":"8532303"},{"prefectureJisCode":"42","cityJisCode":"42411","townNameKana":"ｿﾈｺﾞｳ","townName":"曽根郷","zipCode":"8574602"},{"prefectureJisCode":"42","cityJisCode":"42411","townNameKana":"ﾀｲﾉｳﾗｺﾞｳ","townName":"鯛ノ浦郷","zipCode":"8533321"},{"prefectureJisCode":"42","cityJisCode":"42411","townNameKana":"ﾀﾃｸｼｺﾞｳ","townName":"立串郷","zipCode":"8574603"},{"prefectureJisCode":"42","cityJisCode":"42411","townNameKana":"ﾂﾂﾞｷﾊﾏﾉｳﾗｺﾞｳ","townName":"続浜ノ浦郷","zipCode":"8574415"},{"prefectureJisCode":"42","cityJisCode":"42411","townNameKana":"ﾂﾜｻﾞｷｺﾞｳ","townName":"津和崎郷","zipCode":"8574604"},{"prefectureJisCode":"42","cityJisCode":"42411","townNameKana":"ﾄﾓｽﾐｺﾞｳ","townName":"友住郷","zipCode":"8574102"},{"prefectureJisCode":"42","cityJisCode":"42411","townNameKana":"ﾅﾅﾒｺﾞｳ","townName":"七目郷","zipCode":"8574214"},{"prefectureJisCode":"42","cityJisCode":"42411","townNameKana":"ﾅﾏｺﾞｳ","townName":"奈摩郷","zipCode":"8574402"},{"prefectureJisCode":"42","cityJisCode":"42411","townNameKana":"ﾅﾗｵｺﾞｳ","townName":"奈良尾郷","zipCode":"8533101"},{"prefectureJisCode":"42","cityJisCode":"42411","townNameKana":"ﾆｼｺｳﾉｳﾗｺﾞｳ","townName":"西神ノ浦郷","zipCode":"8532305"},{"prefectureJisCode":"42","cityJisCode":"42411","townNameKana":"ﾆﾀｸﾋﾞｺﾞｳ","townName":"似首郷","zipCode":"8574514"},{"prefectureJisCode":"42","cityJisCode":"42411","townNameKana":"ﾋｶﾞｼｺｳﾉｳﾗｺﾞｳ","townName":"東神ノ浦郷","zipCode":"8533323"},{"prefectureJisCode":"42","cityJisCode":"42411","townNameKana":"ﾋﾉｼﾏｺﾞｳ","townName":"日島郷","zipCode":"8532312"},{"prefectureJisCode":"42","cityJisCode":"42411","townNameKana":"ﾌﾅｻｷｺﾞｳ","townName":"船崎郷","zipCode":"8574405"},{"prefectureJisCode":"42","cityJisCode":"42411","townNameKana":"ﾏﾌﾞｼｺﾞｳ","townName":"間伏郷","zipCode":"8532315"},{"prefectureJisCode":"42","cityJisCode":"42411","townNameKana":"ﾏﾙｵｺﾞｳ","townName":"丸尾郷","zipCode":"8574513"},{"prefectureJisCode":"42","cityJisCode":"42411","townNameKana":"ﾐｶﾉｳﾗｺﾞｳ","townName":"三日ノ浦郷","zipCode":"8574412"},{"prefectureJisCode":"42","cityJisCode":"42411","townNameKana":"ﾐﾁﾄﾞｲｺﾞｳ","townName":"道土井郷","zipCode":"8574416"},{"prefectureJisCode":"42","cityJisCode":"42411","townNameKana":"ﾘｮｳｾｳﾗｺﾞｳ","townName":"漁生浦郷","zipCode":"8532314"},{"prefectureJisCode":"42","cityJisCode":"42411","townNameKana":"ﾜｶﾏﾂｺﾞｳ","townName":"若松郷","zipCode":"8532301"}]