[{"prefectureJisCode":"30","cityJisCode":"30205","townNameKana":"ｲﾊﾞﾗｷ","townName":"荊木","zipCode":"6440015"},{"prefectureJisCode":"30","cityJisCode":"30205","townNameKana":"ｲﾔ","townName":"熊野","zipCode":"6440033"},{"prefectureJisCode":"30","cityJisCode":"30205","townNameKana":"ｲﾜｳﾁ","townName":"岩内","zipCode":"6440032"},{"prefectureJisCode":"30","cityJisCode":"30205","townNameKana":"ｺﾞﾎﾞｳ","townName":"御坊","zipCode":"6440001"},{"prefectureJisCode":"30","cityJisCode":"30205","townNameKana":"ｼｵﾔﾁｮｳｷﾀｼｵﾔ","townName":"塩屋町北塩屋","zipCode":"6440025"},{"prefectureJisCode":"30","cityJisCode":"30205","townNameKana":"ｼｵﾔﾁｮｳﾐﾅﾐｼｵﾔ","townName":"塩屋町南塩屋","zipCode":"6440024"},{"prefectureJisCode":"30","cityJisCode":"30205","townNameKana":"ｼﾏ","townName":"島","zipCode":"6440003"},{"prefectureJisCode":"30","cityJisCode":"30205","townNameKana":"ｿﾉ","townName":"薗","zipCode":"6440002"},{"prefectureJisCode":"30","cityJisCode":"30205","townNameKana":"ﾅﾀﾞﾁｮｳｳｴﾉ","townName":"名田町上野","zipCode":"6440022"},{"prefectureJisCode":"30","cityJisCode":"30205","townNameKana":"ﾅﾀﾞﾁｮｳｸｽｲ","townName":"名田町楠井","zipCode":"6440021"},{"prefectureJisCode":"30","cityJisCode":"30205","townNameKana":"ﾅﾀﾞﾁｮｳﾉｼﾏ","townName":"名田町野島","zipCode":"6440023"},{"prefectureJisCode":"30","cityJisCode":"30205","townNameKana":"ﾅﾔ","townName":"名屋","zipCode":"6440004"},{"prefectureJisCode":"30","cityJisCode":"30205","townNameKana":"ﾅﾔﾁｮｳ","townName":"名屋町","zipCode":"6440005"},{"prefectureJisCode":"30","cityJisCode":"30205","townNameKana":"ﾉｸﾞﾁ","townName":"野口","zipCode":"6440031"},{"prefectureJisCode":"30","cityJisCode":"30205","townNameKana":"ﾌｼﾞﾀﾁｮｳﾌｼﾞｲ","townName":"藤田町藤井","zipCode":"6491341"},{"prefectureJisCode":"30","cityJisCode":"30205","townNameKana":"ﾌｼﾞﾀﾁｮｳﾖｼﾀﾞ","townName":"藤田町吉田","zipCode":"6491342"},{"prefectureJisCode":"30","cityJisCode":"30205","townNameKana":"ﾐｮｳｼﾞﾝｶﾞﾜ","townName":"明神川","zipCode":"6440034"},{"prefectureJisCode":"30","cityJisCode":"30205","townNameKana":"ﾕｶﾜﾁｮｳｺﾏﾂﾊﾞﾗ","townName":"湯川町小松原","zipCode":"6440012"},{"prefectureJisCode":"30","cityJisCode":"30205","townNameKana":"ﾕｶﾜﾁｮｳﾀｶﾗ","townName":"湯川町財部","zipCode":"6440011"},{"prefectureJisCode":"30","cityJisCode":"30205","townNameKana":"ﾕｶﾜﾁｮｳﾄﾐﾔｽ","townName":"湯川町富安","zipCode":"6440014"},{"prefectureJisCode":"30","cityJisCode":"30205","townNameKana":"ﾕｶﾜﾁｮｳﾏﾙﾔﾏ","townName":"湯川町丸山","zipCode":"6440013"}]