[{"prefectureJisCode":"30","cityJisCode":"30404","townNameKana":"ｱｯｿ","townName":"朝来","zipCode":"6492105"},{"prefectureJisCode":"30","cityJisCode":"30404","townNameKana":"ｲｸﾏ","townName":"生馬","zipCode":"6492103"},{"prefectureJisCode":"30","cityJisCode":"30404","townNameKana":"ｲﾁﾉｾ","townName":"市ノ瀬","zipCode":"6492107"},{"prefectureJisCode":"30","cityJisCode":"30404","townNameKana":"ｲﾜｻｷ","townName":"岩崎","zipCode":"6492104"},{"prefectureJisCode":"30","cityJisCode":"30404","townNameKana":"ｲﾜﾀﾞ","townName":"岩田","zipCode":"6492102"},{"prefectureJisCode":"30","cityJisCode":"30404","townNameKana":"ｵｶ","townName":"岡","zipCode":"6492101"},{"prefectureJisCode":"30","cityJisCode":"30404","townNameKana":"ｼﾓｱﾕｶﾜ","townName":"下鮎川","zipCode":"6492108"},{"prefectureJisCode":"30","cityJisCode":"30404","townNameKana":"ﾅﾝｷﾉﾀﾞｲ","townName":"南紀の台","zipCode":"6492106"}]