[{"prefectureJisCode":"07","cityJisCode":"07342","zipCode":"9690404","prefectureNameKana":"ﾌｸｼﾏｹﾝ","cityNameKana":"ｲﾜｾｸﾞﾝｶｶﾞﾐｲｼﾏﾁ","townNameKana":"ｱｻﾋﾏﾁ","prefectureName":"福島県","cityName":"岩瀬郡鏡石町","townName":"旭町"},{"prefectureJisCode":"07","cityJisCode":"07342","zipCode":"9690404","prefectureNameKana":"ﾌｸｼﾏｹﾝ","cityNameKana":"ｲﾜｾｸﾞﾝｶｶﾞﾐｲｼﾏﾁ","townNameKana":"ｵｵﾔﾏ","prefectureName":"福島県","cityName":"岩瀬郡鏡石町","townName":"大山"},{"prefectureJisCode":"07","cityJisCode":"07342","zipCode":"9690404","prefectureNameKana":"ﾌｸｼﾏｹﾝ","cityNameKana":"ｲﾜｾｸﾞﾝｶｶﾞﾐｲｼﾏﾁ","townNameKana":"ｵｶﾉﾀﾞｲ","prefectureName":"福島県","cityName":"岩瀬郡鏡石町","townName":"岡の台"},{"prefectureJisCode":"07","cityJisCode":"07342","zipCode":"9690404","prefectureNameKana":"ﾌｸｼﾏｹﾝ","cityNameKana":"ｲﾜｾｸﾞﾝｶｶﾞﾐｲｼﾏﾁ","townNameKana":"ｶｻｲｼ","prefectureName":"福島県","cityName":"岩瀬郡鏡石町","townName":"笠石"},{"prefectureJisCode":"07","cityJisCode":"07342","zipCode":"9690404","prefectureNameKana":"ﾌｸｼﾏｹﾝ","cityNameKana":"ｲﾜｾｸﾞﾝｶｶﾞﾐｲｼﾏﾁ","townNameKana":"ｶｻｲｼﾊﾗﾏﾁ","prefectureName":"福島県","cityName":"岩瀬郡鏡石町","townName":"笠石原町"},{"prefectureJisCode":"07","cityJisCode":"07342","zipCode":"9690404","prefectureNameKana":"ﾌｸｼﾏｹﾝ","cityNameKana":"ｲﾜｾｸﾞﾝｶｶﾞﾐｲｼﾏﾁ","townNameKana":"ﾁｭｳｵｳ","prefectureName":"福島県","cityName":"岩瀬郡鏡石町","townName":"中央"},{"prefectureJisCode":"07","cityJisCode":"07342","zipCode":"9690404","prefectureNameKana":"ﾌｸｼﾏｹﾝ","cityNameKana":"ｲﾜｾｸﾞﾝｶｶﾞﾐｲｼﾏﾁ","townNameKana":"ﾄﾖｻﾄ","prefectureName":"福島県","cityName":"岩瀬郡鏡石町","townName":"豊郷"},{"prefectureJisCode":"07","cityJisCode":"07342","zipCode":"9690404","prefectureNameKana":"ﾌｸｼﾏｹﾝ","cityNameKana":"ｲﾜｾｸﾞﾝｶｶﾞﾐｲｼﾏﾁ","townNameKana":"ﾄﾖｻﾄﾅｶ","prefectureName":"福島県","cityName":"岩瀬郡鏡石町","townName":"豊郷中"},{"prefectureJisCode":"07","cityJisCode":"07342","zipCode":"9690404","prefectureNameKana":"ﾌｸｼﾏｹﾝ","cityNameKana":"ｲﾜｾｸﾞﾝｶｶﾞﾐｲｼﾏﾁ","townNameKana":"ﾅｶﾏﾁ","prefectureName":"福島県","cityName":"岩瀬郡鏡石町","townName":"中町"},{"prefectureJisCode":"07","cityJisCode":"07342","zipCode":"9690404","prefectureNameKana":"ﾌｸｼﾏｹﾝ","cityNameKana":"ｲﾜｾｸﾞﾝｶｶﾞﾐｲｼﾏﾁ","townNameKana":"ﾊﾄﾘ","prefectureName":"福島県","cityName":"岩瀬郡鏡石町","townName":"羽鳥"},{"prefectureJisCode":"07","cityJisCode":"07342","zipCode":"9690404","prefectureNameKana":"ﾌｸｼﾏｹﾝ","cityNameKana":"ｲﾜｾｸﾞﾝｶｶﾞﾐｲｼﾏﾁ","townNameKana":"ﾋｶﾞｼﾏﾁ","prefectureName":"福島県","cityName":"岩瀬郡鏡石町","townName":"東町"},{"prefectureJisCode":"07","cityJisCode":"07342","zipCode":"9690404","prefectureNameKana":"ﾌｸｼﾏｹﾝ","cityNameKana":"ｲﾜｾｸﾞﾝｶｶﾞﾐｲｼﾏﾁ","townNameKana":"ﾎﾘｺﾞﾒ","prefectureName":"福島県","cityName":"岩瀬郡鏡石町","townName":"堀米"},{"prefectureJisCode":"07","cityJisCode":"07342","zipCode":"9690404","prefectureNameKana":"ﾌｸｼﾏｹﾝ","cityNameKana":"ｲﾜｾｸﾞﾝｶｶﾞﾐｲｼﾏﾁ","townNameKana":"ﾐﾄﾞﾘﾏﾁ","prefectureName":"福島県","cityName":"岩瀬郡鏡石町","townName":"緑町"},{"prefectureJisCode":"07","cityJisCode":"07342","zipCode":"9690404","prefectureNameKana":"ﾌｸｼﾏｹﾝ","cityNameKana":"ｲﾜｾｸﾞﾝｶｶﾞﾐｲｼﾏﾁ","townNameKana":"ﾐﾅﾐﾏﾁ","prefectureName":"福島県","cityName":"岩瀬郡鏡石町","townName":"南町"}]