[{"prefectureJisCode":"35","cityJisCode":"35201","townNameKana":"ｱｶｲｹﾁｮｳ","townName":"赤池町","zipCode":"7520902"},{"prefectureJisCode":"35","cityJisCode":"35201","townNameKana":"ｱｶﾀﾞ","townName":"垢田","zipCode":"7510846"},{"prefectureJisCode":"35","cityJisCode":"35201","townNameKana":"ｱｶﾀﾞﾁｮｳ","townName":"垢田町","zipCode":"7510841"},{"prefectureJisCode":"35","cityJisCode":"35201","townNameKana":"ｱｶﾏﾁｮｳ","townName":"赤間町","zipCode":"7500007"},{"prefectureJisCode":"35","cityJisCode":"35201","townNameKana":"ｱｷﾈ","townName":"秋根","zipCode":"7510871"},{"prefectureJisCode":"35","cityJisCode":"35201","townNameKana":"ｱｷﾈｶﾐﾏﾁ","townName":"秋根上町","zipCode":"7510878"},{"prefectureJisCode":"35","cityJisCode":"35201","townNameKana":"ｱｷﾈｷﾀﾏﾁ","townName":"秋根北町","zipCode":"7510876"},{"prefectureJisCode":"35","cityJisCode":"35201","townNameKana":"ｱｷﾈｼﾝﾏﾁ","townName":"秋根新町","zipCode":"7510874"},{"prefectureJisCode":"35","cityJisCode":"35201","townNameKana":"ｱｷﾈﾆｼﾏﾁ","townName":"秋根西町","zipCode":"7510873"},{"prefectureJisCode":"35","cityJisCode":"35201","townNameKana":"ｱｷﾈﾋｶﾞｼﾏﾁ","townName":"秋根東町","zipCode":"7510877"},{"prefectureJisCode":"35","cityJisCode":"35201","townNameKana":"ｱｷﾈﾎﾝﾏﾁ","townName":"秋根本町","zipCode":"7510875"},{"prefectureJisCode":"35","cityJisCode":"35201","townNameKana":"ｱｷﾈﾐﾅﾐﾏﾁ","townName":"秋根南町","zipCode":"7510872"},{"prefectureJisCode":"35","cityJisCode":"35201","townNameKana":"ｱﾐﾀﾞｲｼﾞﾁｮｳ","townName":"阿弥陀寺町","zipCode":"7500003"},{"prefectureJisCode":"35","cityJisCode":"35201","townNameKana":"ｱﾔﾗｷﾞ","townName":"綾羅木","zipCode":"7510866"},{"prefectureJisCode":"35","cityJisCode":"35201","townNameKana":"ｱﾔﾗｷﾞｼﾝﾏﾁ","townName":"綾羅木新町","zipCode":"7510865"},{"prefectureJisCode":"35","cityJisCode":"35201","townNameKana":"ｱﾔﾗｷﾞﾎﾝﾏﾁ","townName":"綾羅木本町","zipCode":"7510849"},{"prefectureJisCode":"35","cityJisCode":"35201","townNameKana":"ｱﾔﾗｷﾞﾐﾅﾐﾏﾁ","townName":"綾羅木南町","zipCode":"7510848"},{"prefectureJisCode":"35","cityJisCode":"35201","townNameKana":"ｱﾘﾄﾞﾐ","townName":"有冨","zipCode":"7510868"},{"prefectureJisCode":"35","cityJisCode":"35201","townNameKana":"ｱﾙｶﾎﾟｰﾄ","townName":"あるかぽーと","zipCode":"7500036"},{"prefectureJisCode":"35","cityJisCode":"35201","townNameKana":"ｲｸﾉﾁｮｳ","townName":"生野町","zipCode":"7510832"},{"prefectureJisCode":"35","cityJisCode":"35201","townNameKana":"ｲｸﾗ","townName":"伊倉","zipCode":"7510862"},{"prefectureJisCode":"35","cityJisCode":"35201","townNameKana":"ｲｸﾗｼﾝﾏﾁ","townName":"伊倉新町","zipCode":"7510869"},{"prefectureJisCode":"35","cityJisCode":"35201","townNameKana":"ｲｸﾗﾁｮｳ","townName":"伊倉町","zipCode":"7510864"},{"prefectureJisCode":"35","cityJisCode":"35201","townNameKana":"ｲｸﾗﾋｶﾞｼﾏﾁ","townName":"伊倉東町","zipCode":"7510861"},{"prefectureJisCode":"35","cityJisCode":"35201","townNameKana":"ｲｸﾗﾎﾝﾏﾁ","townName":"伊倉本町","zipCode":"7510863"},{"prefectureJisCode":"35","cityJisCode":"35201","townNameKana":"ｲｻﾞｷﾁｮｳ","townName":"伊崎町","zipCode":"7500065"},{"prefectureJisCode":"35","cityJisCode":"35201","townNameKana":"ｲｼｶﾞﾐﾁｮｳ","townName":"石神町","zipCode":"7510825"},{"prefectureJisCode":"35","cityJisCode":"35201","townNameKana":"ｲｼﾊﾗ","townName":"石原","zipCode":"7510886"},{"prefectureJisCode":"35","cityJisCode":"35201","townNameKana":"ｲﾀﾞ","townName":"井田","zipCode":"7510881"},{"prefectureJisCode":"35","cityJisCode":"35201","townNameKana":"ｲﾁﾉﾐﾔｵﾛｼﾎﾝﾏﾁ","townName":"一の宮卸本町","zipCode":"7510817"},{"prefectureJisCode":"35","cityJisCode":"35201","townNameKana":"ｲﾁﾉﾐﾔｶﾞｸｴﾝﾁｮｳ","townName":"一の宮学園町","zipCode":"7510807"},{"prefectureJisCode":"35","cityJisCode":"35201","townNameKana":"ｲﾁﾉﾐﾔｽﾐﾖｼ","townName":"一の宮住吉","zipCode":"7510805"},{"prefectureJisCode":"35","cityJisCode":"35201","townNameKana":"ｲﾁﾉﾐﾔﾁｮｳ","townName":"一の宮町","zipCode":"7510806"},{"prefectureJisCode":"35","cityJisCode":"35201","townNameKana":"ｲﾁﾉﾐﾔﾋｶﾞｼﾏﾁ","townName":"一の宮東町","zipCode":"7510809"},{"prefectureJisCode":"35","cityJisCode":"35201","townNameKana":"ｲﾁﾉﾐﾔﾎﾝﾏﾁ","townName":"一の宮本町","zipCode":"7510808"},{"prefectureJisCode":"35","cityJisCode":"35201","townNameKana":"ｲﾏｳﾗﾁｮｳ","townName":"今浦町","zipCode":"7500064"},{"prefectureJisCode":"35","cityJisCode":"35201","townNameKana":"ｲﾘｴﾁｮｳ","townName":"入江町","zipCode":"7500013"},{"prefectureJisCode":"35","cityJisCode":"35201","townNameKana":"ｳｴｼﾞｮｳﾁｮｳ","townName":"上条町","zipCode":"7500027"},{"prefectureJisCode":"35","cityJisCode":"35201","townNameKana":"ｳｴﾀﾞ","townName":"植田","zipCode":"7500251"},{"prefectureJisCode":"35","cityJisCode":"35201","townNameKana":"ｳｼﾛﾀﾞﾁｮｳ","townName":"後田町","zipCode":"7510826"},{"prefectureJisCode":"35","cityJisCode":"35201","townNameKana":"ｳﾂｲｶﾐ","townName":"内日上","zipCode":"7500252"},{"prefectureJisCode":"35","cityJisCode":"35201","townNameKana":"ｳﾂｲｼﾓ","townName":"内日下","zipCode":"7500253"},{"prefectureJisCode":"35","cityJisCode":"35201","townNameKana":"ｳﾂﾞｲ","townName":"宇津井","zipCode":"7501111"},{"prefectureJisCode":"35","cityJisCode":"35201","townNameKana":"ｳﾍﾞ","townName":"宇部","zipCode":"7520923"},{"prefectureJisCode":"35","cityJisCode":"35201","townNameKana":"ｵｳｷｳﾂﾞｲ","townName":"王喜宇津井","zipCode":"7501115"},{"prefectureJisCode":"35","cityJisCode":"35201","townNameKana":"ｵｳｷﾎﾝﾏﾁ","townName":"王喜本町","zipCode":"7501114"},{"prefectureJisCode":"35","cityJisCode":"35201","townNameKana":"ｵｳｼﾞｶﾐﾏﾁ","townName":"王司上町","zipCode":"7520916"},{"prefectureJisCode":"35","cityJisCode":"35201","townNameKana":"ｵｳｼﾞｶﾜﾊﾞﾀ","townName":"王司川端","zipCode":"7520912"},{"prefectureJisCode":"35","cityJisCode":"35201","townNameKana":"ｵｳｼﾞｶﾝﾀﾞ","townName":"王司神田","zipCode":"7520911"},{"prefectureJisCode":"35","cityJisCode":"35201","townNameKana":"ｵｳｼﾞﾎﾝﾏﾁ","townName":"王司本町","zipCode":"7520915"},{"prefectureJisCode":"35","cityJisCode":"35201","townNameKana":"ｵｳｼﾞﾐﾅﾐﾏﾁ","townName":"王司南町","zipCode":"7520924"},{"prefectureJisCode":"35","cityJisCode":"35201","townNameKana":"ｵｳﾁ","townName":"阿内","zipCode":"7501171"},{"prefectureJisCode":"35","cityJisCode":"35201","townNameKana":"ｵｵﾂﾎﾞﾎﾝﾏﾁ","townName":"大坪本町","zipCode":"7500051"},{"prefectureJisCode":"35","cityJisCode":"35201","townNameKana":"ｵﾂﾞｷｲﾁﾊﾗﾁｮｳ","townName":"小月市原町","zipCode":"7501147"},{"prefectureJisCode":"35","cityJisCode":"35201","townNameKana":"ｵﾂﾞｷｴｷﾏｴ","townName":"小月駅前","zipCode":"7501143"},{"prefectureJisCode":"35","cityJisCode":"35201","townNameKana":"ｵﾂﾞｷｷｮｳﾄﾞﾏﾘ","townName":"小月京泊","zipCode":"7501134"},{"prefectureJisCode":"35","cityJisCode":"35201","townNameKana":"ｵﾂﾞｷｺｳｴﾝﾁｮｳ","townName":"小月公園町","zipCode":"7501146"},{"prefectureJisCode":"35","cityJisCode":"35201","townNameKana":"ｵﾂﾞｷｺｼﾞﾏ","townName":"小月小島","zipCode":"7501136"},{"prefectureJisCode":"35","cityJisCode":"35201","townNameKana":"ｵﾂﾞｷｻｲﾜｲﾏﾁ","townName":"小月幸町","zipCode":"7501141"},{"prefectureJisCode":"35","cityJisCode":"35201","townNameKana":"ｵﾂﾞｷｽｷﾞｻｺ","townName":"小月杉迫","zipCode":"7501145"},{"prefectureJisCode":"35","cityJisCode":"35201","townNameKana":"ｵﾂﾞｷﾀｶｵﾁｮｳ","townName":"小月高雄町","zipCode":"7501133"},{"prefectureJisCode":"35","cityJisCode":"35201","townNameKana":"ｵﾂﾞｷﾁｬﾔ","townName":"小月茶屋","zipCode":"7501144"},{"prefectureJisCode":"35","cityJisCode":"35201","townNameKana":"ｵﾂﾞｷﾁｮｳ","townName":"小月町","zipCode":"7501131"},{"prefectureJisCode":"35","cityJisCode":"35201","townNameKana":"ｵﾂﾞｷﾆｼﾉﾀﾞｲ","townName":"小月西の台","zipCode":"7501135"},{"prefectureJisCode":"35","cityJisCode":"35201","townNameKana":"ｵﾂﾞｷﾎﾝﾏﾁ","townName":"小月本町","zipCode":"7501142"},{"prefectureJisCode":"35","cityJisCode":"35201","townNameKana":"ｵﾂﾞｷﾐﾅﾐﾏﾁ","townName":"小月南町","zipCode":"7501137"},{"prefectureJisCode":"35","cityJisCode":"35201","townNameKana":"ｵﾂﾞｷﾐﾔﾉﾏﾁ","townName":"小月宮の町","zipCode":"7501132"},{"prefectureJisCode":"35","cityJisCode":"35201","townNameKana":"ｵﾉ","townName":"小野","zipCode":"7510887"},{"prefectureJisCode":"35","cityJisCode":"35201","townNameKana":"ｵﾛｼｼﾝﾏﾁ","townName":"卸新町","zipCode":"7510818"},{"prefectureJisCode":"35","cityJisCode":"35201","townNameKana":"ｶｼﾞｸﾘﾁｮｳ","townName":"梶栗町","zipCode":"7596614"},{"prefectureJisCode":"35","cityJisCode":"35201","townNameKana":"ｶｽｶﾞﾁｮｳ","townName":"春日町","zipCode":"7500031"},{"prefectureJisCode":"35","cityJisCode":"35201","townNameKana":"ｶｽﾞﾐﾂ","townName":"員光","zipCode":"7520904"},{"prefectureJisCode":"35","cityJisCode":"35201","townNameKana":"ｶｽﾞﾐﾂﾁｮｳ","townName":"員光町","zipCode":"7520903"},{"prefectureJisCode":"35","cityJisCode":"35201","townNameKana":"ｶﾀﾁﾔﾏ","townName":"形山","zipCode":"7510884"},{"prefectureJisCode":"35","cityJisCode":"35201","townNameKana":"ｶﾀﾁﾔﾏﾁｮｳ","townName":"形山町","zipCode":"7510888"},{"prefectureJisCode":"35","cityJisCode":"35201","townNameKana":"ｶﾀﾁﾔﾏﾐﾄﾞﾘﾏﾁ","townName":"形山みどり町","zipCode":"7510885"},{"prefectureJisCode":"35","cityJisCode":"35201","townNameKana":"ｶﾐｼﾝﾁﾁｮｳ","townName":"上新地町","zipCode":"7500061"},{"prefectureJisCode":"35","cityJisCode":"35201","townNameKana":"ｶﾐﾀﾅｶﾏﾁ","townName":"上田中町","zipCode":"7500009"},{"prefectureJisCode":"35","cityJisCode":"35201","townNameKana":"ｶﾒﾊﾏﾁｮｳ","townName":"亀浜町","zipCode":"7520925"},{"prefectureJisCode":"35","cityJisCode":"35201","townNameKana":"ｶﾓｳﾉ","townName":"蒲生野","zipCode":"7596602"},{"prefectureJisCode":"35","cityJisCode":"35201","townNameKana":"ｶﾗﾄﾁｮｳ","townName":"唐戸町","zipCode":"7500005"},{"prefectureJisCode":"35","cityJisCode":"35201","townNameKana":"ｶﾜﾅｶﾎﾝﾏﾁ","townName":"川中本町","zipCode":"7510859"},{"prefectureJisCode":"35","cityJisCode":"35201","townNameKana":"ｶﾜﾅｶﾕﾀｶﾏﾁ","townName":"川中豊町","zipCode":"7510853"},{"prefectureJisCode":"35","cityJisCode":"35201","townNameKana":"ｶﾝｾｲﾁｮｳ","townName":"関西町","zipCode":"7500032"},{"prefectureJisCode":"35","cityJisCode":"35201","townNameKana":"ｶﾝｾｲﾎﾝﾏﾁ","townName":"関西本町","zipCode":"7500022"},{"prefectureJisCode":"35","cityJisCode":"35201","townNameKana":"ｶﾝﾀﾞ","townName":"神田","zipCode":"7520907"},{"prefectureJisCode":"35","cityJisCode":"35201","townNameKana":"ｶﾝﾀﾞﾁｮｳ","townName":"神田町","zipCode":"7500044"},{"prefectureJisCode":"35","cityJisCode":"35201","townNameKana":"ｶﾝﾉﾝｻﾞｷﾁｮｳ","townName":"観音崎町","zipCode":"7500012"},{"prefectureJisCode":"35","cityJisCode":"35201","townNameKana":"ｷｸｶﾞﾜﾁｮｳｶﾐｵｵﾉ","townName":"菊川町上大野","zipCode":"7500311"},{"prefectureJisCode":"35","cityJisCode":"35201","townNameKana":"ｷｸｶﾞﾜﾁｮｳｶﾐｵｶｴﾀﾞ","townName":"菊川町上岡枝","zipCode":"7500321"},{"prefectureJisCode":"35","cityJisCode":"35201","townNameKana":"ｷｸｶﾞﾜﾁｮｳｶﾐﾀﾍﾞ","townName":"菊川町上田部","zipCode":"7500314"},{"prefectureJisCode":"35","cityJisCode":"35201","townNameKana":"ｷｸｶﾞﾜﾁｮｳｶﾐﾎｷ","townName":"菊川町上保木","zipCode":"7500307"},{"prefectureJisCode":"35","cityJisCode":"35201","townNameKana":"ｷｸｶﾞﾜﾁｮｳｷﾊﾞ","townName":"菊川町貴飯","zipCode":"7500325"},{"prefectureJisCode":"35","cityJisCode":"35201","townNameKana":"ｷｸｶﾞﾜﾁｮｳｸﾂﾜｲ","townName":"菊川町轡井","zipCode":"7500305"},{"prefectureJisCode":"35","cityJisCode":"35201","townNameKana":"ｷｸｶﾞﾜﾁｮｳｸﾉ","townName":"菊川町久野","zipCode":"7500324"},{"prefectureJisCode":"35","cityJisCode":"35201","townNameKana":"ｷｸｶﾞﾜﾁｮｳｼﾓｵｵﾉ","townName":"菊川町下大野","zipCode":"7500312"},{"prefectureJisCode":"35","cityJisCode":"35201","townNameKana":"ｷｸｶﾞﾜﾁｮｳｼﾓｵｶｴﾀﾞ","townName":"菊川町下岡枝","zipCode":"7500317"},{"prefectureJisCode":"35","cityJisCode":"35201","townNameKana":"ｷｸｶﾞﾜﾁｮｳｼﾓﾎｷ","townName":"菊川町下保木","zipCode":"7500306"},{"prefectureJisCode":"35","cityJisCode":"35201","townNameKana":"ｷｸｶﾞﾜﾁｮｳﾀﾍﾞ","townName":"菊川町田部","zipCode":"7500313"},{"prefectureJisCode":"35","cityJisCode":"35201","townNameKana":"ｷｸｶﾞﾜﾁｮｳﾅﾅﾐ","townName":"菊川町七見","zipCode":"7500315"},{"prefectureJisCode":"35","cityJisCode":"35201","townNameKana":"ｷｸｶﾞﾜﾁｮｳﾅﾗｻﾞｷ","townName":"菊川町楢崎","zipCode":"7500322"},{"prefectureJisCode":"35","cityJisCode":"35201","townNameKana":"ｷｸｶﾞﾜﾁｮｳﾆｯｼﾝ","townName":"菊川町日新","zipCode":"7500323"},{"prefectureJisCode":"35","cityJisCode":"35201","townNameKana":"ｷｸｶﾞﾜﾁｮｳﾆｼﾅｶﾔﾏ","townName":"菊川町西中山","zipCode":"7500301"},{"prefectureJisCode":"35","cityJisCode":"35201","townNameKana":"ｷｸｶﾞﾜﾁｮｳﾋｶﾞｼﾅｶﾔﾏ","townName":"菊川町東中山","zipCode":"7500302"},{"prefectureJisCode":"35","cityJisCode":"35201","townNameKana":"ｷｸｶﾞﾜﾁｮｳﾐﾁｲﾁ","townName":"菊川町道市","zipCode":"7500304"},{"prefectureJisCode":"35","cityJisCode":"35201","townNameKana":"ｷｸｶﾞﾜﾁｮｳﾓﾐﾉｷ","townName":"菊川町樅ノ木","zipCode":"7500303"},{"prefectureJisCode":"35","cityJisCode":"35201","townNameKana":"ｷｸｶﾞﾜﾁｮｳﾖｼｶ","townName":"菊川町吉賀","zipCode":"7500316"},{"prefectureJisCode":"35","cityJisCode":"35201","townNameKana":"ｷﾌﾞﾈﾏﾁ","townName":"貴船町","zipCode":"7510823"},{"prefectureJisCode":"35","cityJisCode":"35201","townNameKana":"ｷﾖｽｴ","townName":"清末","zipCode":"7501151"},{"prefectureJisCode":"35","cityJisCode":"35201","townNameKana":"ｷﾖｽｴｸﾗﾏ","townName":"清末鞍馬","zipCode":"7501153"},{"prefectureJisCode":"35","cityJisCode":"35201","townNameKana":"ｷﾖｽｴｺﾞﾓｳ","townName":"清末五毛","zipCode":"7501162"},{"prefectureJisCode":"35","cityJisCode":"35201","townNameKana":"ｷﾖｽｴｼﾞﾝﾔ","townName":"清末陣屋","zipCode":"7501152"},{"prefectureJisCode":"35","cityJisCode":"35201","townNameKana":"ｷﾖｽｴｾﾝﾎﾞｳ","townName":"清末千房","zipCode":"7501163"},{"prefectureJisCode":"35","cityJisCode":"35201","townNameKana":"ｷﾖｽｴﾀﾞｲﾓﾝ","townName":"清末大門","zipCode":"7501164"},{"prefectureJisCode":"35","cityJisCode":"35201","townNameKana":"ｷﾖｽｴﾅｶﾏﾁ","townName":"清末中町","zipCode":"7501155"},{"prefectureJisCode":"35","cityJisCode":"35201","townNameKana":"ｷﾖｽｴﾆｼﾏﾁ","townName":"清末西町","zipCode":"7501161"},{"prefectureJisCode":"35","cityJisCode":"35201","townNameKana":"ｷﾖｽｴﾋｶﾞｼﾏﾁ","townName":"清末東町","zipCode":"7501156"},{"prefectureJisCode":"35","cityJisCode":"35201","townNameKana":"ｷﾖｽｴﾎﾝﾏﾁ","townName":"清末本町","zipCode":"7501154"},{"prefectureJisCode":"35","cityJisCode":"35201","townNameKana":"ｸｽﾉ","townName":"楠乃","zipCode":"7510804"},{"prefectureJisCode":"35","cityJisCode":"35201","townNameKana":"ｸﾏﾉﾁｮｳ","townName":"熊野町","zipCode":"7510852"},{"prefectureJisCode":"35","cityJisCode":"35201","townNameKana":"ｸﾏﾉﾆｼﾏﾁ","townName":"熊野西町","zipCode":"7510851"},{"prefectureJisCode":"35","cityJisCode":"35201","townNameKana":"ｺｳﾖｳﾁｮｳ","townName":"向洋町","zipCode":"7500041"},{"prefectureJisCode":"35","cityJisCode":"35201","townNameKana":"ｺﾔｶﾞﾜﾎﾝﾏﾁ","townName":"木屋川本町","zipCode":"7501112"},{"prefectureJisCode":"35","cityJisCode":"35201","townNameKana":"ｺﾔｶﾞﾜﾐﾅﾐﾏﾁ","townName":"木屋川南町","zipCode":"7501113"},{"prefectureJisCode":"35","cityJisCode":"35201","townNameKana":"ｺﾝﾋﾟﾗﾁｮｳ","townName":"金比羅町","zipCode":"7500058"},{"prefectureJisCode":"35","cityJisCode":"35201","townNameKana":"ｻｲｶﾞﾜ","townName":"才川","zipCode":"7520921"},{"prefectureJisCode":"35","cityJisCode":"35201","townNameKana":"ｻｲﾜｲﾏﾁ","townName":"幸町","zipCode":"7500001"},{"prefectureJisCode":"35","cityJisCode":"35201","townNameKana":"ｻｶｴﾏﾁ","townName":"栄町","zipCode":"7500049"},{"prefectureJisCode":"35","cityJisCode":"35201","townNameKana":"ｻｸﾗﾔﾏﾁｮｳ","townName":"桜山町","zipCode":"7500035"},{"prefectureJisCode":"35","cityJisCode":"35201","townNameKana":"ｻｻﾔﾏﾁｮｳ","townName":"笹山町","zipCode":"7500024"},{"prefectureJisCode":"35","cityJisCode":"35201","townNameKana":"ｼｮｳﾔ","townName":"勝谷","zipCode":"7510801"},{"prefectureJisCode":"35","cityJisCode":"35201","townNameKana":"ｼｮｳﾔｼﾝﾏﾁ","townName":"勝谷新町","zipCode":"7510802"},{"prefectureJisCode":"35","cityJisCode":"35201","townNameKana":"ｼｵｲﾘﾁｮｳ","townName":"汐入町","zipCode":"7500059"},{"prefectureJisCode":"35","cityJisCode":"35201","townNameKana":"ｼﾗｻｷ","townName":"白崎","zipCode":"7501116"},{"prefectureJisCode":"35","cityJisCode":"35201","townNameKana":"ｼﾝｱｶﾀﾞｷﾀﾏﾁ","townName":"新垢田北町","zipCode":"7510845"},{"prefectureJisCode":"35","cityJisCode":"35201","townNameKana":"ｼﾝｱｶﾀﾞﾆｼﾏﾁ","townName":"新垢田西町","zipCode":"7510844"},{"prefectureJisCode":"35","cityJisCode":"35201","townNameKana":"ｼﾝｱｶﾀﾞﾋｶﾞｼﾏﾁ","townName":"新垢田東町","zipCode":"7510843"},{"prefectureJisCode":"35","cityJisCode":"35201","townNameKana":"ｼﾝｱｶﾀﾞﾐﾅﾐﾏﾁ","townName":"新垢田南町","zipCode":"7510842"},{"prefectureJisCode":"35","cityJisCode":"35201","townNameKana":"ｼﾝﾁﾁｮｳ","townName":"新地町","zipCode":"7500063"},{"prefectureJisCode":"35","cityJisCode":"35201","townNameKana":"ｼﾝﾁﾆｼﾏﾁ","townName":"新地西町","zipCode":"7500062"},{"prefectureJisCode":"35","cityJisCode":"35201","townNameKana":"ｼﾝﾑｸﾉ","townName":"新椋野","zipCode":"7510820"},{"prefectureJisCode":"35","cityJisCode":"35201","townNameKana":"ｽｼﾞｶﾜﾁｮｳ","townName":"筋川町","zipCode":"7500057"},{"prefectureJisCode":"35","cityJisCode":"35201","townNameKana":"ｽｼﾞｶﾞﾊﾏﾁｮｳ","townName":"筋ケ浜町","zipCode":"7500056"},{"prefectureJisCode":"35","cityJisCode":"35201","townNameKana":"ﾀｲﾍｲﾁｮｳ","townName":"大平町","zipCode":"7500053"},{"prefectureJisCode":"35","cityJisCode":"35201","townNameKana":"ﾀｶﾊﾀ","townName":"高畑","zipCode":"7520991"},{"prefectureJisCode":"35","cityJisCode":"35201","townNameKana":"ﾀｶﾗﾏﾁ","townName":"宝町","zipCode":"7510822"},{"prefectureJisCode":"35","cityJisCode":"35201","townNameKana":"ﾀｸﾗ","townName":"田倉","zipCode":"7510883"},{"prefectureJisCode":"35","cityJisCode":"35201","townNameKana":"ﾀｸﾗｺﾞﾃﾝﾏﾁ","townName":"田倉御殿町","zipCode":"7510882"},{"prefectureJisCode":"35","cityJisCode":"35201","townNameKana":"ﾀｹｻﾞｷﾁｮｳ","townName":"竹崎町","zipCode":"7500025"},{"prefectureJisCode":"35","cityJisCode":"35201","townNameKana":"ﾀｹﾋｻﾁｮｳ","townName":"武久町","zipCode":"7510833"},{"prefectureJisCode":"35","cityJisCode":"35201","townNameKana":"ﾀｹﾋｻﾆｼﾊﾗﾀﾞｲ","townName":"武久西原台","zipCode":"7510819"},{"prefectureJisCode":"35","cityJisCode":"35201","townNameKana":"ﾀﾅｶﾏﾁ","townName":"田中町","zipCode":"7500008"},{"prefectureJisCode":"35","cityJisCode":"35201","townNameKana":"ﾀﾞｲｶﾞｸﾁｮｳ","townName":"大学町","zipCode":"7510831"},{"prefectureJisCode":"35","cityJisCode":"35201","townNameKana":"ﾀﾞﾝﾉｳﾗﾁｮｳ","townName":"壇之浦町","zipCode":"7510814"},{"prefectureJisCode":"35","cityJisCode":"35201","townNameKana":"ﾁｭｳｵｳﾁｮｳ","townName":"中央町","zipCode":"7500042"},{"prefectureJisCode":"35","cityJisCode":"35201","townNameKana":"ﾁｮｳﾌｱﾝﾖｳｼﾞ","townName":"長府安養寺","zipCode":"7520962"},{"prefectureJisCode":"35","cityJisCode":"35201","townNameKana":"ﾁｮｳﾌｲﾝﾅｲﾁｮｳ","townName":"長府印内町","zipCode":"7520957"},{"prefectureJisCode":"35","cityJisCode":"35201","townNameKana":"ﾁｮｳﾌｴｹﾞﾏﾁ","townName":"長府江下町","zipCode":"7520952"},{"prefectureJisCode":"35","cityJisCode":"35201","townNameKana":"ﾁｮｳﾌｵｳｻｶﾁｮｳ","townName":"長府逢坂町","zipCode":"7520971"},{"prefectureJisCode":"35","cityJisCode":"35201","townNameKana":"ﾁｮｳﾌｵｵｷﾞﾏﾁ","townName":"長府扇町","zipCode":"7520927"},{"prefectureJisCode":"35","cityJisCode":"35201","townNameKana":"ﾁｮｳﾌｶﾅﾔﾁｮｳ","townName":"長府金屋町","zipCode":"7520959"},{"prefectureJisCode":"35","cityJisCode":"35201","townNameKana":"ﾁｮｳﾌｶﾅﾔﾊﾏﾁｮｳ","townName":"長府金屋浜町","zipCode":"7520958"},{"prefectureJisCode":"35","cityJisCode":"35201","townNameKana":"ﾁｮｳﾌｶﾒﾉｺｳ","townName":"長府亀の甲","zipCode":"7520966"},{"prefectureJisCode":"35","cityJisCode":"35201","townNameKana":"ﾁｮｳﾌｶﾜﾊﾞﾀ","townName":"長府川端","zipCode":"7520979"},{"prefectureJisCode":"35","cityJisCode":"35201","townNameKana":"ﾁｮｳﾌｸﾛﾓﾝﾁｮｳ","townName":"長府黒門町","zipCode":"7520980"},{"prefectureJisCode":"35","cityJisCode":"35201","townNameKana":"ﾁｮｳﾌｸﾛﾓﾝﾋｶﾞｼﾏﾁ","townName":"長府黒門東町","zipCode":"7520986"},{"prefectureJisCode":"35","cityJisCode":"35201","townNameKana":"ﾁｮｳﾌｸﾛﾓﾝﾐﾅﾐﾏﾁ","townName":"長府黒門南町","zipCode":"7520989"},{"prefectureJisCode":"35","cityJisCode":"35201","townNameKana":"ﾁｮｳﾌｺｼﾞｮｳﾁｮｳ","townName":"長府古城町","zipCode":"7520954"},{"prefectureJisCode":"35","cityJisCode":"35201","townNameKana":"ﾁｮｳﾌｺﾝﾔﾁｮｳ","townName":"長府紺屋町","zipCode":"7520968"},{"prefectureJisCode":"35","cityJisCode":"35201","townNameKana":"ﾁｮｳﾌｻｲｶﾞﾜ","townName":"長府才川","zipCode":"7520928"},{"prefectureJisCode":"35","cityJisCode":"35201","townNameKana":"ﾁｮｳﾌｻﾑﾗｲﾏﾁ","townName":"長府侍町","zipCode":"7520978"},{"prefectureJisCode":"35","cityJisCode":"35201","townNameKana":"ﾁｮｳﾌｼｵｳｼﾞﾁｮｳ","townName":"長府四王司町","zipCode":"7520942"},{"prefectureJisCode":"35","cityJisCode":"35201","townNameKana":"ﾁｮｳﾌｼﾝｼｵｳｼﾞﾁｮｳ","townName":"長府新四王司町","zipCode":"7520941"},{"prefectureJisCode":"35","cityJisCode":"35201","townNameKana":"ﾁｮｳﾌｼﾝﾏﾂﾊﾞﾗﾁｮｳ","townName":"長府新松原町","zipCode":"7520982"},{"prefectureJisCode":"35","cityJisCode":"35201","townNameKana":"ﾁｮｳﾌｿｳｼｬﾏﾁ","townName":"長府惣社町","zipCode":"7520970"},{"prefectureJisCode":"35","cityJisCode":"35201","townNameKana":"ﾁｮｳﾌｿﾄｳﾗﾁｮｳ","townName":"長府外浦町","zipCode":"7520985"},{"prefectureJisCode":"35","cityJisCode":"35201","townNameKana":"ﾁｮｳﾌﾀｶﾊﾞﾁｮｳ","townName":"長府高場町","zipCode":"7520994"},{"prefectureJisCode":"35","cityJisCode":"35201","townNameKana":"ﾁｮｳﾌﾀﾏﾉｳﾗﾁｮｳ","townName":"長府珠の浦町","zipCode":"7520961"},{"prefectureJisCode":"35","cityJisCode":"35201","townNameKana":"ﾁｮｳﾌﾄﾖﾗﾁｮｳ","townName":"長府豊浦町","zipCode":"7520945"},{"prefectureJisCode":"35","cityJisCode":"35201","townNameKana":"ﾁｮｳﾌﾄﾞｲﾉｳﾁﾁｮｳ","townName":"長府土居の内町","zipCode":"7520974"},{"prefectureJisCode":"35","cityJisCode":"35201","townNameKana":"ﾁｮｳﾌﾅｶｵﾁｮｳ","townName":"長府中尾町","zipCode":"7520946"},{"prefectureJisCode":"35","cityJisCode":"35201","townNameKana":"ﾁｮｳﾌﾅｶﾄﾞｲｷﾀﾏﾁ","townName":"長府中土居北町","zipCode":"7520963"},{"prefectureJisCode":"35","cityJisCode":"35201","townNameKana":"ﾁｮｳﾌﾅｶﾄﾞｲﾎﾝﾏﾁ","townName":"長府中土居本町","zipCode":"7520964"},{"prefectureJisCode":"35","cityJisCode":"35201","townNameKana":"ﾁｮｳﾌﾅｶﾉﾁｮｳ","townName":"長府中之町","zipCode":"7520973"},{"prefectureJisCode":"35","cityJisCode":"35201","townNameKana":"ﾁｮｳﾌﾅｶﾊﾏﾁｮｳ","townName":"長府中浜町","zipCode":"7520975"},{"prefectureJisCode":"35","cityJisCode":"35201","townNameKana":"ﾁｮｳﾌﾅｶﾛｯﾊﾟﾁｮｳ","townName":"長府中六波町","zipCode":"7520944"},{"prefectureJisCode":"35","cityJisCode":"35201","townNameKana":"ﾁｮｳﾌﾉｸﾞﾙﾒﾁｮｳ","townName":"長府野久留米町","zipCode":"7520992"},{"prefectureJisCode":"35","cityJisCode":"35201","townNameKana":"ﾁｮｳﾌﾊｺﾞﾛﾓﾁｮｳ","townName":"長府羽衣町","zipCode":"7520987"},{"prefectureJisCode":"35","cityJisCode":"35201","townNameKana":"ﾁｮｳﾌﾊｺﾞﾛﾓﾐﾅﾐﾏﾁ","townName":"長府羽衣南町","zipCode":"7520988"},{"prefectureJisCode":"35","cityJisCode":"35201","townNameKana":"ﾁｮｳﾌﾊﾏｳﾗﾁｮｳ","townName":"長府浜浦町","zipCode":"7520993"},{"prefectureJisCode":"35","cityJisCode":"35201","townNameKana":"ﾁｮｳﾌﾊﾏｳﾗﾆｼﾏﾁ","townName":"長府浜浦西町","zipCode":"7520998"},{"prefectureJisCode":"35","cityJisCode":"35201","townNameKana":"ﾁｮｳﾌﾊﾏｳﾗﾐﾅﾐﾏﾁ","townName":"長府浜浦南町","zipCode":"7520995"},{"prefectureJisCode":"35","cityJisCode":"35201","townNameKana":"ﾁｮｳﾌﾋｶﾞｼｻﾑﾗｲﾏﾁ","townName":"長府東侍町","zipCode":"7520977"},{"prefectureJisCode":"35","cityJisCode":"35201","townNameKana":"ﾁｮｳﾌﾋﾉﾃﾞﾁｮｳ","townName":"長府日の出町","zipCode":"7520951"},{"prefectureJisCode":"35","cityJisCode":"35201","townNameKana":"ﾁｮｳﾌﾌﾙｴｼｮｳｼﾞﾁｮｳ","townName":"長府古江小路町","zipCode":"7520972"},{"prefectureJisCode":"35","cityJisCode":"35201","townNameKana":"ﾁｮｳﾌﾎｳｼﾞｮｳﾁｮｳ","townName":"長府豊城町","zipCode":"7520943"},{"prefectureJisCode":"35","cityJisCode":"35201","townNameKana":"ﾁｮｳﾌﾏｴﾔﾊﾀﾁｮｳ","townName":"長府前八幡町","zipCode":"7520956"},{"prefectureJisCode":"35","cityJisCode":"35201","townNameKana":"ﾁｮｳﾌﾏﾂｵﾀﾞｷﾀﾏﾁ","townName":"長府松小田北町","zipCode":"7520932"},{"prefectureJisCode":"35","cityJisCode":"35201","townNameKana":"ﾁｮｳﾌﾏﾂｵﾀﾞﾅｶﾏﾁ","townName":"長府松小田中町","zipCode":"7520935"},{"prefectureJisCode":"35","cityJisCode":"35201","townNameKana":"ﾁｮｳﾌﾏﾂｵﾀﾞﾆｼﾏﾁ","townName":"長府松小田西町","zipCode":"7520937"},{"prefectureJisCode":"35","cityJisCode":"35201","townNameKana":"ﾁｮｳﾌﾏﾂｵﾀﾞﾋｶﾞｼﾏﾁ","townName":"長府松小田東町","zipCode":"7520934"},{"prefectureJisCode":"35","cityJisCode":"35201","townNameKana":"ﾁｮｳﾌﾏﾂｵﾀﾞﾎﾝﾏﾁ","townName":"長府松小田本町","zipCode":"7520933"},{"prefectureJisCode":"35","cityJisCode":"35201","townNameKana":"ﾁｮｳﾌﾏﾂｵﾀﾞﾐﾅﾐﾏﾁ","townName":"長府松小田南町","zipCode":"7520936"},{"prefectureJisCode":"35","cityJisCode":"35201","townNameKana":"ﾁｮｳﾌﾏﾂﾊﾞﾗﾁｮｳ","townName":"長府松原町","zipCode":"7520983"},{"prefectureJisCode":"35","cityJisCode":"35201","townNameKana":"ﾁｮｳﾌﾏﾝｼﾞｭｼﾝﾏﾁ","townName":"長府満珠新町","zipCode":"7520948"},{"prefectureJisCode":"35","cityJisCode":"35201","townNameKana":"ﾁｮｳﾌﾏﾝｼﾞｭﾁｮｳ","townName":"長府満珠町","zipCode":"7520947"},{"prefectureJisCode":"35","cityJisCode":"35201","townNameKana":"ﾁｮｳﾌﾐｼﾏﾁｮｳ","townName":"長府三島町","zipCode":"7520965"},{"prefectureJisCode":"35","cityJisCode":"35201","townNameKana":"ﾁｮｳﾌﾐﾅﾄﾏﾁ","townName":"長府港町","zipCode":"7520953"},{"prefectureJisCode":"35","cityJisCode":"35201","townNameKana":"ﾁｮｳﾌﾐﾅﾐﾉﾁｮｳ","townName":"長府南之町","zipCode":"7520976"},{"prefectureJisCode":"35","cityJisCode":"35201","townNameKana":"ﾁｮｳﾌﾐﾔｻﾞｷﾁｮｳ","townName":"長府宮崎町","zipCode":"7520984"},{"prefectureJisCode":"35","cityJisCode":"35201","townNameKana":"ﾁｮｳﾌﾐﾔﾉｳﾁﾁｮｳ","townName":"長府宮の内町","zipCode":"7520967"},{"prefectureJisCode":"35","cityJisCode":"35201","townNameKana":"ﾁｮｳﾌﾑｶｲﾀﾞﾁｮｳ","townName":"長府向田町","zipCode":"7520996"},{"prefectureJisCode":"35","cityJisCode":"35201","townNameKana":"ﾁｮｳﾌﾔﾊﾀﾁｮｳ","townName":"長府八幡町","zipCode":"7520955"},{"prefectureJisCode":"35","cityJisCode":"35201","townNameKana":"ﾁﾄﾞﾘｶﾞｵｶﾁｮｳ","townName":"千鳥ケ丘町","zipCode":"7520922"},{"prefectureJisCode":"35","cityJisCode":"35201","townNameKana":"ﾁﾄﾞﾘﾊﾏﾁｮｳ","townName":"千鳥浜町","zipCode":"7520914"},{"prefectureJisCode":"35","cityJisCode":"35201","townNameKana":"ﾄﾐﾄｳﾁｮｳ","townName":"富任町","zipCode":"7596613"},{"prefectureJisCode":"35","cityJisCode":"35201","townNameKana":"ﾄﾖｳﾗﾁｮｳｱﾂﾓｺﾞｳ","townName":"豊浦町厚母郷","zipCode":"7596314"},{"prefectureJisCode":"35","cityJisCode":"35201","townNameKana":"ﾄﾖｳﾗﾁｮｳｳｶ","townName":"豊浦町宇賀","zipCode":"7596303"},{"prefectureJisCode":"35","cityJisCode":"35201","townNameKana":"ﾄﾖｳﾗﾁｮｳｶﾜﾀﾅ","townName":"豊浦町川棚","zipCode":"7596301"},{"prefectureJisCode":"35","cityJisCode":"35201","townNameKana":"ﾄﾖｳﾗﾁｮｳｸﾛｲ","townName":"豊浦町黒井","zipCode":"7596312"},{"prefectureJisCode":"35","cityJisCode":"35201","townNameKana":"ﾄﾖｳﾗﾁｮｳｺｸﾞｼ","townName":"豊浦町小串","zipCode":"7596302"},{"prefectureJisCode":"35","cityJisCode":"35201","townNameKana":"ﾄﾖｳﾗﾁｮｳﾎｳﾖｳﾀﾞｲ","townName":"豊浦町豊洋台","zipCode":"7596313"},{"prefectureJisCode":"35","cityJisCode":"35201","townNameKana":"ﾄﾖｳﾗﾁｮｳﾎｳﾖｳﾀﾞｲｼﾝﾏﾁ","townName":"豊浦町豊洋台新町","zipCode":"7596313"},{"prefectureJisCode":"35","cityJisCode":"35201","townNameKana":"ﾄﾖｳﾗﾁｮｳﾑﾛﾂｶﾐ","townName":"豊浦町室津上","zipCode":"7596315"},{"prefectureJisCode":"35","cityJisCode":"35201","townNameKana":"ﾄﾖｳﾗﾁｮｳﾑﾛﾂｼﾓ","townName":"豊浦町室津下","zipCode":"7596316"},{"prefectureJisCode":"35","cityJisCode":"35201","townNameKana":"ﾄﾖｳﾗﾁｮｳﾖｼﾅｶﾞ","townName":"豊浦町吉永","zipCode":"7596311"},{"prefectureJisCode":"35","cityJisCode":"35201","townNameKana":"ﾄﾖｳﾗﾁｮｳﾜｲﾀｳｼﾛｼﾞ","townName":"豊浦町涌田後地","zipCode":"7596317"},{"prefectureJisCode":"35","cityJisCode":"35201","townNameKana":"ﾄﾖｳﾗﾑﾗ","townName":"豊浦村","zipCode":"7520981"},{"prefectureJisCode":"35","cityJisCode":"35201","townNameKana":"ﾄﾖﾀﾁｮｳｱｻﾞｶﾐ","townName":"豊田町阿座上","zipCode":"7500451"},{"prefectureJisCode":"35","cityJisCode":"35201","townNameKana":"ﾄﾖﾀﾁｮｳｱﾗｷ","townName":"豊田町荒木","zipCode":"7500404"},{"prefectureJisCode":"35","cityJisCode":"35201","townNameKana":"ﾄﾖﾀﾁｮｳｲﾁﾉﾏﾀ","townName":"豊田町一ノ俣","zipCode":"7500403"},{"prefectureJisCode":"35","cityJisCode":"35201","townNameKana":"ﾄﾖﾀﾁｮｳｲﾅﾐ","townName":"豊田町稲見","zipCode":"7500412"},{"prefectureJisCode":"35","cityJisCode":"35201","townNameKana":"ﾄﾖﾀﾁｮｳｲﾅﾐﾂ","townName":"豊田町稲光","zipCode":"7500442"},{"prefectureJisCode":"35","cityJisCode":"35201","townNameKana":"ﾄﾖﾀﾁｮｳｲﾏﾃﾞ","townName":"豊田町今出","zipCode":"7500431"},{"prefectureJisCode":"35","cityJisCode":"35201","townNameKana":"ﾄﾖﾀﾁｮｳｳｷｲｼ","townName":"豊田町浮石","zipCode":"7500415"},{"prefectureJisCode":"35","cityJisCode":"35201","townNameKana":"ﾄﾖﾀﾁｮｳｳﾅｲ","townName":"豊田町宇内","zipCode":"7500411"},{"prefectureJisCode":"35","cityJisCode":"35201","townNameKana":"ﾄﾖﾀﾁｮｳｴﾗ","townName":"豊田町江良","zipCode":"7500452"},{"prefectureJisCode":"35","cityJisCode":"35201","townNameKana":"ﾄﾖﾀﾁｮｳｵｵｶﾜﾁ","townName":"豊田町大河内","zipCode":"7500433"},{"prefectureJisCode":"35","cityJisCode":"35201","townNameKana":"ﾄﾖﾀﾁｮｳｷﾄﾞ","townName":"豊田町城戸","zipCode":"7500455"},{"prefectureJisCode":"35","cityJisCode":"35201","townNameKana":"ﾄﾖﾀﾁｮｳｷﾝﾄﾞｳ","townName":"豊田町金道","zipCode":"7500413"},{"prefectureJisCode":"35","cityJisCode":"35201","townNameKana":"ﾄﾖﾀﾁｮｳｻﾉ","townName":"豊田町佐野","zipCode":"7500402"},{"prefectureJisCode":"35","cityJisCode":"35201","townNameKana":"ﾄﾖﾀﾁｮｳｼﾞﾖｼ","townName":"豊田町地吉","zipCode":"7500432"},{"prefectureJisCode":"35","cityJisCode":"35201","townNameKana":"ﾄﾖﾀﾁｮｳﾀｶﾉｺ","townName":"豊田町鷹子","zipCode":"7500416"},{"prefectureJisCode":"35","cityJisCode":"35201","townNameKana":"ﾄﾖﾀﾁｮｳﾀｶﾔﾏ","townName":"豊田町高山","zipCode":"7500446"},{"prefectureJisCode":"35","cityJisCode":"35201","townNameKana":"ﾄﾖﾀﾁｮｳﾀﾗｲ","townName":"豊田町手洗","zipCode":"7500453"},{"prefectureJisCode":"35","cityJisCode":"35201","townNameKana":"ﾄﾖﾀﾁｮｳﾄﾉｲ","townName":"豊田町殿居","zipCode":"7500401"},{"prefectureJisCode":"35","cityJisCode":"35201","townNameKana":"ﾄﾖﾀﾁｮｳﾄﾉｼｷ","townName":"豊田町殿敷","zipCode":"7500421"},{"prefectureJisCode":"35","cityJisCode":"35201","townNameKana":"ﾄﾖﾀﾁｮｳﾅｶﾑﾗ","townName":"豊田町中村","zipCode":"7500441"},{"prefectureJisCode":"35","cityJisCode":"35201","townNameKana":"ﾄﾖﾀﾁｮｳﾅﾗﾜﾗ","townName":"豊田町楢原","zipCode":"7500422"},{"prefectureJisCode":"35","cityJisCode":"35201","townNameKana":"ﾄﾖﾀﾁｮｳﾆｼｲﾁ","townName":"豊田町西市","zipCode":"7500423"},{"prefectureJisCode":"35","cityJisCode":"35201","townNameKana":"ﾄﾖﾀﾁｮｳﾆｼﾅｶﾞﾉ","townName":"豊田町西長野","zipCode":"7500454"},{"prefectureJisCode":"35","cityJisCode":"35201","townNameKana":"ﾄﾖﾀﾁｮｳﾆﾜﾀ","townName":"豊田町庭田","zipCode":"7500425"},{"prefectureJisCode":"35","cityJisCode":"35201","townNameKana":"ﾄﾖﾀﾁｮｳﾊｷﾞﾜﾗ","townName":"豊田町萩原","zipCode":"7500444"},{"prefectureJisCode":"35","cityJisCode":"35201","townNameKana":"ﾄﾖﾀﾁｮｳﾋｶﾞｼﾅｶﾞﾉ","townName":"豊田町東長野","zipCode":"7500445"},{"prefectureJisCode":"35","cityJisCode":"35201","townNameKana":"ﾄﾖﾀﾁｮｳﾋﾉ","townName":"豊田町日野","zipCode":"7500443"},{"prefectureJisCode":"35","cityJisCode":"35201","townNameKana":"ﾄﾖﾀﾁｮｳﾑｸﾛｳｼﾞ","townName":"豊田町杢路子","zipCode":"7500405"},{"prefectureJisCode":"35","cityJisCode":"35201","townNameKana":"ﾄﾖﾀﾁｮｳﾔｼﾞ","townName":"豊田町八道","zipCode":"7500414"},{"prefectureJisCode":"35","cityJisCode":"35201","townNameKana":"ﾄﾖﾀﾁｮｳﾔﾀ","townName":"豊田町矢田","zipCode":"7500424"},{"prefectureJisCode":"35","cityJisCode":"35201","townNameKana":"ﾅｶﾉﾁｮｳ","townName":"中之町","zipCode":"7500004"},{"prefectureJisCode":"35","cityJisCode":"35201","townNameKana":"ﾅｶﾞｻｷｼﾝﾏﾁ","townName":"長崎新町","zipCode":"7500023"},{"prefectureJisCode":"35","cityJisCode":"35201","townNameKana":"ﾅｶﾞｻｷﾁｭｳｵｳﾁｮｳ","townName":"長崎中央町","zipCode":"7500021"},{"prefectureJisCode":"35","cityJisCode":"35201","townNameKana":"ﾅｶﾞｻｷﾁｮｳ","townName":"長崎町","zipCode":"7500029"},{"prefectureJisCode":"35","cityJisCode":"35201","townNameKana":"ﾅｶﾞｻｷﾎﾝﾏﾁ","townName":"長崎本町","zipCode":"7500028"},{"prefectureJisCode":"35","cityJisCode":"35201","townNameKana":"ﾅｶﾞﾀｺﾞｳ","townName":"永田郷","zipCode":"7596534"},{"prefectureJisCode":"35","cityJisCode":"35201","townNameKana":"ﾅｶﾞﾀﾎﾝﾏﾁ","townName":"永田本町","zipCode":"7596533"},{"prefectureJisCode":"35","cityJisCode":"35201","townNameKana":"ﾅｶﾞﾄﾏﾁ","townName":"長門町","zipCode":"7500026"},{"prefectureJisCode":"35","cityJisCode":"35201","townNameKana":"ﾅﾍﾞﾁｮｳ","townName":"南部町","zipCode":"7500006"},{"prefectureJisCode":"35","cityJisCode":"35201","townNameKana":"ﾆｼｲﾘｴﾁｮｳ","townName":"西入江町","zipCode":"7500015"},{"prefectureJisCode":"35","cityJisCode":"35201","townNameKana":"ﾆｼｵｵﾂﾎﾞﾁｮｳ","townName":"西大坪町","zipCode":"7500054"},{"prefectureJisCode":"35","cityJisCode":"35201","townNameKana":"ﾆｼｶﾝﾀﾞﾁｮｳ","townName":"西神田町","zipCode":"7500034"},{"prefectureJisCode":"35","cityJisCode":"35201","townNameKana":"ﾆｼｶﾝﾉﾝﾁｮｳ","townName":"西観音町","zipCode":"7520905"},{"prefectureJisCode":"35","cityJisCode":"35201","townNameKana":"ﾉｷﾞﾊﾏ","townName":"乃木浜","zipCode":"7520913"},{"prefectureJisCode":"35","cityJisCode":"35201","townNameKana":"ﾉﾌﾞﾕｷ","townName":"延行","zipCode":"7510867"},{"prefectureJisCode":"35","cityJisCode":"35201","townNameKana":"ﾊﾀﾌﾞｼﾝﾏﾁ","townName":"幡生新町","zipCode":"7510830"},{"prefectureJisCode":"35","cityJisCode":"35201","townNameKana":"ﾊﾀﾌﾞﾁｮｳ","townName":"幡生町","zipCode":"7510828"},{"prefectureJisCode":"35","cityJisCode":"35201","townNameKana":"ﾊﾀﾌﾞﾎﾝﾏﾁ","townName":"幡生本町","zipCode":"7510827"},{"prefectureJisCode":"35","cityJisCode":"35201","townNameKana":"ﾊﾀﾌﾞﾐﾔﾉｼﾀﾁｮｳ","townName":"幡生宮の下町","zipCode":"7510829"},{"prefectureJisCode":"35","cityJisCode":"35201","townNameKana":"ﾊﾅﾉﾁｮｳ","townName":"岬之町","zipCode":"7500014"},{"prefectureJisCode":"35","cityJisCode":"35201","townNameKana":"ﾊﾔﾏﾁｮｳ","townName":"羽山町","zipCode":"7500046"},{"prefectureJisCode":"35","cityJisCode":"35201","townNameKana":"ﾋｴﾀﾞｷﾀﾏﾁ","townName":"稗田北町","zipCode":"7510857"},{"prefectureJisCode":"35","cityJisCode":"35201","townNameKana":"ﾋｴﾀﾞﾁｮｳ","townName":"稗田町","zipCode":"7510858"},{"prefectureJisCode":"35","cityJisCode":"35201","townNameKana":"ﾋｴﾀﾞﾅｶﾏﾁ","townName":"稗田中町","zipCode":"7510856"},{"prefectureJisCode":"35","cityJisCode":"35201","townNameKana":"ﾋｴﾀﾞﾆｼﾏﾁ","townName":"稗田西町","zipCode":"7510855"},{"prefectureJisCode":"35","cityJisCode":"35201","townNameKana":"ﾋｴﾀﾞﾐﾅﾐﾏﾁ","townName":"稗田南町","zipCode":"7510854"},{"prefectureJisCode":"35","cityJisCode":"35201","townNameKana":"ﾋｶﾞｼｶﾝﾀﾞﾁｮｳ","townName":"東神田町","zipCode":"7500043"},{"prefectureJisCode":"35","cityJisCode":"35201","townNameKana":"ﾋｶﾞｼｶﾝﾉﾝﾁｮｳ","townName":"東観音町","zipCode":"7520906"},{"prefectureJisCode":"35","cityJisCode":"35201","townNameKana":"ﾋｶﾞｼｼｮｳﾔ","townName":"東勝谷","zipCode":"7510879"},{"prefectureJisCode":"35","cityJisCode":"35201","townNameKana":"ﾋｶﾞｼﾑｶｲﾔﾏﾁｮｳ","townName":"東向山町","zipCode":"7500048"},{"prefectureJisCode":"35","cityJisCode":"35201","townNameKana":"ﾋｶﾞｼﾔﾏﾄﾏﾁ","townName":"東大和町","zipCode":"7500066"},{"prefectureJisCode":"35","cityJisCode":"35201","townNameKana":"ﾋｺｼﾏｱﾏﾉｺﾞｳﾁｮｳ","townName":"彦島海士郷町","zipCode":"7500071"},{"prefectureJisCode":"35","cityJisCode":"35201","townNameKana":"ﾋｺｼﾏｴﾉｳﾗﾁｮｳ","townName":"彦島江の浦町","zipCode":"7500075"},{"prefectureJisCode":"35","cityJisCode":"35201","townNameKana":"ﾋｺｼﾏｵｲﾉﾔﾏｺｳｴﾝ","townName":"彦島老の山公園","zipCode":"7500073"},{"prefectureJisCode":"35","cityJisCode":"35201","townNameKana":"ﾋｺｼﾏｵｲﾏﾁ","townName":"彦島老町","zipCode":"7500072"},{"prefectureJisCode":"35","cityJisCode":"35201","townNameKana":"ﾋｺｼﾏｻｸﾗｶﾞｵｶﾁｮｳ","townName":"彦島桜ケ丘町","zipCode":"7500083"},{"prefectureJisCode":"35","cityJisCode":"35201","townNameKana":"ﾋｺｼﾏｻｺﾏﾁ","townName":"彦島迫町","zipCode":"7500092"},{"prefectureJisCode":"35","cityJisCode":"35201","townNameKana":"ﾋｺｼﾏｼｵﾊﾏﾁｮｳ","townName":"彦島塩浜町","zipCode":"7500086"},{"prefectureJisCode":"35","cityJisCode":"35201","townNameKana":"ﾋｺｼﾏｽｷﾞﾀﾁｮｳ","townName":"彦島杉田町","zipCode":"7500078"},{"prefectureJisCode":"35","cityJisCode":"35201","townNameKana":"ﾋｺｼﾏｽﾏｸﾗﾁｮｳ","townName":"彦島角倉町","zipCode":"7500081"},{"prefectureJisCode":"35","cityJisCode":"35201","townNameKana":"ﾋｺｼﾏﾀｹﾉｺｼﾞﾏﾁｮｳ","townName":"彦島竹ノ子島町","zipCode":"7500094"},{"prefectureJisCode":"35","cityJisCode":"35201","townNameKana":"ﾋｺｼﾏﾀﾉｸﾋﾞﾁｮｳ","townName":"彦島田の首町","zipCode":"7500085"},{"prefectureJisCode":"35","cityJisCode":"35201","townNameKana":"ﾋｺｼﾏﾃﾞｼﾏﾂﾁｮｳ","townName":"彦島弟子待町","zipCode":"7500076"},{"prefectureJisCode":"35","cityJisCode":"35201","townNameKana":"ﾋｺｼﾏﾃﾞｼﾏﾂﾋｶﾞｼﾏﾁ","townName":"彦島弟子待東町","zipCode":"7500077"},{"prefectureJisCode":"35","cityJisCode":"35201","townNameKana":"ﾋｺｼﾏﾆｼﾔﾏﾁｮｳ","townName":"彦島西山町","zipCode":"7500093"},{"prefectureJisCode":"35","cityJisCode":"35201","townNameKana":"ﾋｺｼﾏﾌｸｳﾗﾁｮｳ","townName":"彦島福浦町","zipCode":"7500087"},{"prefectureJisCode":"35","cityJisCode":"35201","townNameKana":"ﾋｺｼﾏﾎﾝﾑﾗﾁｮｳ","townName":"彦島本村町","zipCode":"7500074"},{"prefectureJisCode":"35","cityJisCode":"35201","townNameKana":"ﾋｺｼﾏﾐﾄﾞﾘﾁｮｳ","townName":"彦島緑町","zipCode":"7500091"},{"prefectureJisCode":"35","cityJisCode":"35201","townNameKana":"ﾋｺｼﾏﾑｶｲﾁｮｳ","townName":"彦島向井町","zipCode":"7500084"},{"prefectureJisCode":"35","cityJisCode":"35201","townNameKana":"ﾋｺｼﾏﾔﾏﾅｶﾁｮｳ","townName":"彦島山中町","zipCode":"7500082"},{"prefectureJisCode":"35","cityJisCode":"35201","townNameKana":"ﾌｸｴ","townName":"福江","zipCode":"7596601"},{"prefectureJisCode":"35","cityJisCode":"35201","townNameKana":"ﾌｼﾞｶﾞﾀﾆﾁｮｳ","townName":"藤ケ谷町","zipCode":"7510811"},{"prefectureJisCode":"35","cityJisCode":"35201","townNameKana":"ﾌｼﾞﾂｸﾁｮｳ","townName":"藤附町","zipCode":"7500052"},{"prefectureJisCode":"35","cityJisCode":"35201","townNameKana":"ﾌﾀｵｲｼﾞﾏ","townName":"蓋井島","zipCode":"7596542"},{"prefectureJisCode":"35","cityJisCode":"35201","townNameKana":"ﾌﾙﾔﾁｮｳ","townName":"古屋町","zipCode":"7510847"},{"prefectureJisCode":"35","cityJisCode":"35201","townNameKana":"ﾌﾞｾﾞﾝﾀﾞﾁｮｳ","townName":"豊前田町","zipCode":"7500018"},{"prefectureJisCode":"35","cityJisCode":"35201","townNameKana":"ﾎｳﾎｸﾁｮｳｱｶﾞﾜ","townName":"豊北町阿川","zipCode":"7595241"},{"prefectureJisCode":"35","cityJisCode":"35201","townNameKana":"ﾎｳﾎｸﾁｮｳｱﾜﾉ","townName":"豊北町粟野","zipCode":"7595101"},{"prefectureJisCode":"35","cityJisCode":"35201","townNameKana":"ﾎｳﾎｸﾁｮｳｶﾝﾀﾞ","townName":"豊北町神田","zipCode":"7595331"},{"prefectureJisCode":"35","cityJisCode":"35201","townNameKana":"ﾎｳﾎｸﾁｮｳｶﾝﾀﾞｶﾐ","townName":"豊北町神田上","zipCode":"7595513"},{"prefectureJisCode":"35","cityJisCode":"35201","townNameKana":"ﾎｳﾎｸﾁｮｳｷﾀｳｶ","townName":"豊北町北宇賀","zipCode":"7595513"},{"prefectureJisCode":"35","cityJisCode":"35201","townNameKana":"ﾎｳﾎｸﾁｮｳﾀｷﾍﾞ","townName":"豊北町滝部","zipCode":"7595511"},{"prefectureJisCode":"35","cityJisCode":"35201","townNameKana":"ﾎｳﾎｸﾁｮｳﾀｽｷ","townName":"豊北町田耕","zipCode":"7595512"},{"prefectureJisCode":"35","cityJisCode":"35201","townNameKana":"ﾎｳﾎｸﾁｮｳﾂﾉｼﾏ","townName":"豊北町角島","zipCode":"7595332"},{"prefectureJisCode":"35","cityJisCode":"35201","townNameKana":"ﾎｳﾎｸﾁｮｳﾔﾀﾏ","townName":"豊北町矢玉","zipCode":"7596122"},{"prefectureJisCode":"35","cityJisCode":"35201","townNameKana":"ﾎｿｴｼﾝﾏﾁ","townName":"細江新町","zipCode":"7500017"},{"prefectureJisCode":"35","cityJisCode":"35201","townNameKana":"ﾎｿｴﾁｮｳ","townName":"細江町","zipCode":"7500016"},{"prefectureJisCode":"35","cityJisCode":"35201","townNameKana":"ﾎﾝﾏﾁ","townName":"本町","zipCode":"7510815"},{"prefectureJisCode":"35","cityJisCode":"35201","townNameKana":"ﾏｴｼｮｳﾔﾁｮｳ","townName":"前勝谷町","zipCode":"7510803"},{"prefectureJisCode":"35","cityJisCode":"35201","townNameKana":"ﾏｴﾀﾞ","townName":"前田","zipCode":"7520997"},{"prefectureJisCode":"35","cityJisCode":"35201","townNameKana":"ﾏﾂｵﾀﾞ","townName":"松小田","zipCode":"7520931"},{"prefectureJisCode":"35","cityJisCode":"35201","townNameKana":"ﾏﾂﾔ","townName":"松屋","zipCode":"7501121"},{"prefectureJisCode":"35","cityJisCode":"35201","townNameKana":"ﾏﾂﾔｶﾐﾏﾁ","townName":"松屋上町","zipCode":"7501122"},{"prefectureJisCode":"35","cityJisCode":"35201","townNameKana":"ﾏﾂﾔﾋｶﾞｼﾏﾁ","townName":"松屋東町","zipCode":"7501123"},{"prefectureJisCode":"35","cityJisCode":"35201","townNameKana":"ﾏﾂﾔﾎﾝﾏﾁ","townName":"松屋本町","zipCode":"7501124"},{"prefectureJisCode":"35","cityJisCode":"35201","townNameKana":"ﾏﾙﾔﾏﾁｮｳ","townName":"丸山町","zipCode":"7500019"},{"prefectureJisCode":"35","cityJisCode":"35201","townNameKana":"ﾐｶﾜﾁｮｳ","townName":"三河町","zipCode":"7510821"},{"prefectureJisCode":"35","cityJisCode":"35201","townNameKana":"ﾐﾅﾐｵｵﾂﾎﾞﾁｮｳ","townName":"南大坪町","zipCode":"7500055"},{"prefectureJisCode":"35","cityJisCode":"35201","townNameKana":"ﾐﾓｽｿｶﾞﾜﾁｮｳ","townName":"みもすそ川町","zipCode":"7510813"},{"prefectureJisCode":"35","cityJisCode":"35201","townNameKana":"ﾐﾔﾀﾞﾏﾁ","townName":"宮田町","zipCode":"7500002"},{"prefectureJisCode":"35","cityJisCode":"35201","townNameKana":"ﾑｶｲﾔﾏﾁｮｳ","townName":"向山町","zipCode":"7500047"},{"prefectureJisCode":"35","cityJisCode":"35201","townNameKana":"ﾑｸﾉｶﾐﾏﾁ","townName":"椋野上町","zipCode":"7510812"},{"prefectureJisCode":"35","cityJisCode":"35201","townNameKana":"ﾑｸﾉﾁｮｳ","townName":"椋野町","zipCode":"7510816"},{"prefectureJisCode":"35","cityJisCode":"35201","townNameKana":"ﾑﾂﾚｼﾞﾏ","townName":"六連島","zipCode":"7500095"},{"prefectureJisCode":"35","cityJisCode":"35201","townNameKana":"ﾒｲﾁﾁｮｳ","townName":"名池町","zipCode":"7500011"},{"prefectureJisCode":"35","cityJisCode":"35201","townNameKana":"ﾓﾄﾏﾁ","townName":"元町","zipCode":"7500045"},{"prefectureJisCode":"35","cityJisCode":"35201","townNameKana":"ﾔｽｵｶｴｷﾏｴ","townName":"安岡駅前","zipCode":"7596612"},{"prefectureJisCode":"35","cityJisCode":"35201","townNameKana":"ﾔｽｵｶﾁｮｳ","townName":"安岡町","zipCode":"7596603"},{"prefectureJisCode":"35","cityJisCode":"35201","townNameKana":"ﾔｽｵｶﾎﾝﾏﾁ","townName":"安岡本町","zipCode":"7596611"},{"prefectureJisCode":"35","cityJisCode":"35201","townNameKana":"ﾔﾏﾀﾞ","townName":"山田","zipCode":"7520901"},{"prefectureJisCode":"35","cityJisCode":"35201","townNameKana":"ﾔﾏﾃﾁｮｳ","townName":"山手町","zipCode":"7500033"},{"prefectureJisCode":"35","cityJisCode":"35201","townNameKana":"ﾔﾏﾄﾏﾁ","townName":"大和町","zipCode":"7500067"},{"prefectureJisCode":"35","cityJisCode":"35201","townNameKana":"ﾔﾏﾉｸﾁﾁｮｳ","townName":"山の口町","zipCode":"7510824"},{"prefectureJisCode":"35","cityJisCode":"35201","townNameKana":"ﾔﾏﾉﾀｷﾀﾏﾁ","townName":"山の田北町","zipCode":"7510839"},{"prefectureJisCode":"35","cityJisCode":"35201","townNameKana":"ﾔﾏﾉﾀﾁｭｳｵｳﾁｮｳ","townName":"山の田中央町","zipCode":"7510837"},{"prefectureJisCode":"35","cityJisCode":"35201","townNameKana":"ﾔﾏﾉﾀﾆｼﾏﾁ","townName":"山の田西町","zipCode":"7510836"},{"prefectureJisCode":"35","cityJisCode":"35201","townNameKana":"ﾔﾏﾉﾀﾋｶﾞｼﾏﾁ","townName":"山の田東町","zipCode":"7510834"},{"prefectureJisCode":"35","cityJisCode":"35201","townNameKana":"ﾔﾏﾉﾀﾎﾝﾏﾁ","townName":"山の田本町","zipCode":"7510838"},{"prefectureJisCode":"35","cityJisCode":"35201","townNameKana":"ﾔﾏﾉﾀﾐﾅﾐﾏﾁ","townName":"山の田南町","zipCode":"7510835"},{"prefectureJisCode":"35","cityJisCode":"35201","townNameKana":"ﾕﾒﾀｳﾝ","townName":"ゆめタウン","zipCode":"7520926"},{"prefectureJisCode":"35","cityJisCode":"35201","townNameKana":"ﾖｺﾉﾁｮｳ","townName":"横野町","zipCode":"7596604"},{"prefectureJisCode":"35","cityJisCode":"35201","townNameKana":"ﾖｼﾀﾞ","townName":"吉田","zipCode":"7501101"},{"prefectureJisCode":"35","cityJisCode":"35201","townNameKana":"ﾖｼﾀﾞｼﾞｶﾀ","townName":"吉田地方","zipCode":"7501102"},{"prefectureJisCode":"35","cityJisCode":"35201","townNameKana":"ﾖｼﾐｶﾐ","townName":"吉見上","zipCode":"7596524"},{"prefectureJisCode":"35","cityJisCode":"35201","townNameKana":"ﾖｼﾐｺｼﾞｭｸﾁｮｳ","townName":"吉見古宿町","zipCode":"7596521"},{"prefectureJisCode":"35","cityJisCode":"35201","townNameKana":"ﾖｼﾐｻﾄﾏﾁ","townName":"吉見里町","zipCode":"7596525"},{"prefectureJisCode":"35","cityJisCode":"35201","townNameKana":"ﾖｼﾐｼﾓ","townName":"吉見下","zipCode":"7596523"},{"prefectureJisCode":"35","cityJisCode":"35201","townNameKana":"ﾖｼﾐｼﾝﾏﾁ","townName":"吉見新町","zipCode":"7596532"},{"prefectureJisCode":"35","cityJisCode":"35201","townNameKana":"ﾖｼﾐﾎﾝﾏﾁ","townName":"吉見本町","zipCode":"7596531"},{"prefectureJisCode":"35","cityJisCode":"35201","townNameKana":"ﾖｼﾐﾘｭｳｵｳﾁｮｳ","townName":"吉見竜王町","zipCode":"7596522"},{"prefectureJisCode":"35","cityJisCode":"35201","townNameKana":"ﾖｼﾓ","townName":"吉母","zipCode":"7596541"}]