[{"prefectureJisCode":"12","cityJisCode":"12206","townNameKana":"ｱｻﾋ","townName":"朝日","zipCode":"2920055"},{"prefectureJisCode":"12","cityJisCode":"12206","townNameKana":"ｱﾂﾞﾏ","townName":"吾妻","zipCode":"2920065"},{"prefectureJisCode":"12","cityJisCode":"12206","townNameKana":"ｱﾘﾖｼ","townName":"有吉","zipCode":"2920021"},{"prefectureJisCode":"12","cityJisCode":"12206","townNameKana":"ｲｼﾞﾘ","townName":"井尻","zipCode":"2920026"},{"prefectureJisCode":"12","cityJisCode":"12206","townNameKana":"ｲｽﾞｼﾏ","townName":"伊豆島","zipCode":"2920034"},{"prefectureJisCode":"12","cityJisCode":"12206","townNameKana":"ｲﾜﾈ","townName":"岩根","zipCode":"2920061"},{"prefectureJisCode":"12","cityJisCode":"12206","townNameKana":"ｲﾝﾅﾘ","townName":"犬成","zipCode":"2920033"},{"prefectureJisCode":"12","cityJisCode":"12206","townNameKana":"ｳｼｺﾞﾒ","townName":"牛込","zipCode":"2920001"},{"prefectureJisCode":"12","cityJisCode":"12206","townNameKana":"ｳｼﾌﾞｸﾛ","townName":"牛袋","zipCode":"2920012"},{"prefectureJisCode":"12","cityJisCode":"12206","townNameKana":"ｳｼﾌﾞｸﾛﾉ","townName":"牛袋野","zipCode":"2920011"},{"prefectureJisCode":"12","cityJisCode":"12206","townNameKana":"ｳﾘｸﾗ","townName":"瓜倉","zipCode":"2920007"},{"prefectureJisCode":"12","cityJisCode":"12206","townNameKana":"ｴｶﾞﾜ","townName":"江川","zipCode":"2920063"},{"prefectureJisCode":"12","cityJisCode":"12206","townNameKana":"ｵｵｲﾈ","townName":"大稲","zipCode":"2920211"},{"prefectureJisCode":"12","cityJisCode":"12206","townNameKana":"ｵｵｸﾎﾞ","townName":"大久保","zipCode":"2920815"},{"prefectureJisCode":"12","cityJisCode":"12206","townNameKana":"ｵｵﾀﾞ","townName":"太田","zipCode":"2920044"},{"prefectureJisCode":"12","cityJisCode":"12206","townNameKana":"ｵｵﾃﾗ","townName":"大寺","zipCode":"2920024"},{"prefectureJisCode":"12","cityJisCode":"12206","townNameKana":"ｶｲﾌﾁ","townName":"貝渕","zipCode":"2920833"},{"prefectureJisCode":"12","cityJisCode":"12206","townNameKana":"ｶｽﾞｻｶﾏﾀﾘ","townName":"かずさ鎌足","zipCode":"2920818"},{"prefectureJisCode":"12","cityJisCode":"12206","townNameKana":"ｶﾈﾀﾞﾋｶﾞｼ","townName":"金田東","zipCode":"2920009"},{"prefectureJisCode":"12","cityJisCode":"12206","townNameKana":"ｶﾐｶﾗｽﾀﾞ","townName":"上烏田","zipCode":"2920813"},{"prefectureJisCode":"12","cityJisCode":"12206","townNameKana":"ｶﾐﾈｷﾞｼ","townName":"上根岸","zipCode":"2920215"},{"prefectureJisCode":"12","cityJisCode":"12206","townNameKana":"ｶﾐﾓｳﾀﾞ","townName":"上望陀","zipCode":"2920022"},{"prefectureJisCode":"12","cityJisCode":"12206","townNameKana":"ｶﾔﾉ","townName":"茅野","zipCode":"2920204"},{"prefectureJisCode":"12","cityJisCode":"12206","townNameKana":"ｶﾔﾉﾅﾅﾏｶﾞﾘ","townName":"茅野七曲","zipCode":"2920202"},{"prefectureJisCode":"12","cityJisCode":"12206","townNameKana":"ｷｻﾗﾂﾞ","townName":"木更津","zipCode":"2920056"},{"prefectureJisCode":"12","cityJisCode":"12206","townNameKana":"ｷﾀﾊﾏﾁｮｳ","townName":"北浜町","zipCode":"2920006"},{"prefectureJisCode":"12","cityJisCode":"12206","townNameKana":"ｷﾖｶﾜ","townName":"清川","zipCode":"2920051"},{"prefectureJisCode":"12","cityJisCode":"12206","townNameKana":"ｷﾖﾐﾀﾞｲ","townName":"清見台","zipCode":"2920045"},{"prefectureJisCode":"12","cityJisCode":"12206","townNameKana":"ｷﾖﾐﾀﾞｲﾋｶﾞｼ","townName":"清見台東","zipCode":"2920041"},{"prefectureJisCode":"12","cityJisCode":"12206","townNameKana":"ｷﾖﾐﾀﾞｲﾐﾅﾐ","townName":"清見台南","zipCode":"2920042"},{"prefectureJisCode":"12","cityJisCode":"12206","townNameKana":"ｷﾞｵﾝ","townName":"祇園","zipCode":"2920052"},{"prefectureJisCode":"12","cityJisCode":"12206","townNameKana":"ｸｻｼﾞｷ","townName":"草敷","zipCode":"2920811"},{"prefectureJisCode":"12","cityJisCode":"12206","townNameKana":"ｸﾂﾞﾏ","townName":"久津間","zipCode":"2920004"},{"prefectureJisCode":"12","cityJisCode":"12206","townNameKana":"ｸﾛﾄ","townName":"畔戸","zipCode":"2920005"},{"prefectureJisCode":"12","cityJisCode":"12206","townNameKana":"ｹﾞﾅｲﾊﾞｼ","townName":"下内橋","zipCode":"2920213"},{"prefectureJisCode":"12","cityJisCode":"12206","townNameKana":"ｺｳﾅﾝﾀﾞｲ","townName":"港南台","zipCode":"2920827"},{"prefectureJisCode":"12","cityJisCode":"12206","townNameKana":"ｺﾊﾞﾏ","townName":"小浜","zipCode":"2920824"},{"prefectureJisCode":"12","cityJisCode":"12206","townNameKana":"ｻｲﾜｲﾁｮｳ","townName":"幸町","zipCode":"2920803"},{"prefectureJisCode":"12","cityJisCode":"12206","townNameKana":"ｻｶﾄﾞｲﾁﾊﾞ","townName":"坂戸市場","zipCode":"2990271"},{"prefectureJisCode":"12","cityJisCode":"12206","townNameKana":"ｻｸﾗｲ","townName":"桜井","zipCode":"2920822"},{"prefectureJisCode":"12","cityJisCode":"12206","townNameKana":"ｻｸﾗｲｼﾝﾏﾁ","townName":"桜井新町","zipCode":"2920823"},{"prefectureJisCode":"12","cityJisCode":"12206","townNameKana":"ｻｸﾗﾏﾁ","townName":"桜町","zipCode":"2920821"},{"prefectureJisCode":"12","cityJisCode":"12206","townNameKana":"ｻｻｺﾞ","townName":"笹子","zipCode":"2920032"},{"prefectureJisCode":"12","cityJisCode":"12206","townNameKana":"ｻﾉ","townName":"佐野","zipCode":"2920206"},{"prefectureJisCode":"12","cityJisCode":"12206","townNameKana":"ｼｵﾊﾏ","townName":"潮浜","zipCode":"2920838"},{"prefectureJisCode":"12","cityJisCode":"12206","townNameKana":"ｼｵﾐ","townName":"潮見","zipCode":"2920834"},{"prefectureJisCode":"12","cityJisCode":"12206","townNameKana":"ｼﾓｶﾗｽﾀﾞ","townName":"下烏田","zipCode":"2920816"},{"prefectureJisCode":"12","cityJisCode":"12206","townNameKana":"ｼﾓｺﾞｵﾘ","townName":"下郡","zipCode":"2920205"},{"prefectureJisCode":"12","cityJisCode":"12206","townNameKana":"ｼﾓﾐﾔﾀﾞ","townName":"下宮田","zipCode":"2920217"},{"prefectureJisCode":"12","cityJisCode":"12206","townNameKana":"ｼﾓﾓｳﾀﾞ","townName":"下望陀","zipCode":"2920023"},{"prefectureJisCode":"12","cityJisCode":"12206","townNameKana":"ｼﾝｼﾞｭｸ","townName":"新宿","zipCode":"2920066"},{"prefectureJisCode":"12","cityJisCode":"12206","townNameKana":"ｼﾝﾃﾞﾝ","townName":"新田","zipCode":"2920832"},{"prefectureJisCode":"12","cityJisCode":"12206","townNameKana":"ｼﾝﾐﾅﾄ","townName":"新港","zipCode":"2920836"},{"prefectureJisCode":"12","cityJisCode":"12206","townNameKana":"ｼﾞｮｳｻﾞｲ","townName":"請西","zipCode":"2920801"},{"prefectureJisCode":"12","cityJisCode":"12206","townNameKana":"ｼﾞｮｳｻﾞｲﾋｶﾞｼ","townName":"請西東","zipCode":"2920806"},{"prefectureJisCode":"12","cityJisCode":"12206","townNameKana":"ｼﾞｮｳｻﾞｲﾐﾅﾐ","townName":"請西南","zipCode":"2920807"},{"prefectureJisCode":"12","cityJisCode":"12206","townNameKana":"ｽｺﾞｳ","townName":"菅生","zipCode":"2920036"},{"prefectureJisCode":"12","cityJisCode":"12206","townNameKana":"ｾﾝｿﾞｸﾀﾞｲ","townName":"千束台","zipCode":"2920808"},{"prefectureJisCode":"12","cityJisCode":"12206","townNameKana":"ｿﾈ","townName":"曽根","zipCode":"2920027"},{"prefectureJisCode":"12","cityJisCode":"12206","townNameKana":"ﾀｶｻｺﾞ","townName":"高砂","zipCode":"2920016"},{"prefectureJisCode":"12","cityJisCode":"12206","townNameKana":"ﾀｶﾔﾅｷﾞ","townName":"高柳","zipCode":"2920014"},{"prefectureJisCode":"12","cityJisCode":"12206","townNameKana":"ﾀｶﾞﾜ","townName":"田川","zipCode":"2920207"},{"prefectureJisCode":"12","cityJisCode":"12206","townNameKana":"ﾁｭｳｵｳ","townName":"中央","zipCode":"2920067"},{"prefectureJisCode":"12","cityJisCode":"12206","townNameKana":"ﾂｷｼﾞ","townName":"築地","zipCode":"2920835"},{"prefectureJisCode":"12","cityJisCode":"12206","townNameKana":"ﾂﾊﾞｷ","townName":"椿","zipCode":"2920031"},{"prefectureJisCode":"12","cityJisCode":"12206","townNameKana":"ﾄｵｶｲﾁﾊﾞ","townName":"十日市場","zipCode":"2920025"},{"prefectureJisCode":"12","cityJisCode":"12206","townNameKana":"ﾄｸﾆ","townName":"戸国","zipCode":"2920214"},{"prefectureJisCode":"12","cityJisCode":"12206","townNameKana":"ﾅｶｵ","townName":"中尾","zipCode":"2920035"},{"prefectureJisCode":"12","cityJisCode":"12206","townNameKana":"ﾅｶｶﾗｽﾀﾞ","townName":"中烏田","zipCode":"2920817"},{"prefectureJisCode":"12","cityJisCode":"12206","townNameKana":"ﾅｶｻﾞﾄ","townName":"中里","zipCode":"2920064"},{"prefectureJisCode":"12","cityJisCode":"12206","townNameKana":"ﾅｶｼﾞﾏ","townName":"中島","zipCode":"2920008"},{"prefectureJisCode":"12","cityJisCode":"12206","townNameKana":"ﾅｶｼﾞﾏﾁｻｷｳﾐﾎﾀﾙ","townName":"中島地先海ほたる","zipCode":"2920071"},{"prefectureJisCode":"12","cityJisCode":"12206","townNameKana":"ﾅｶﾉ","townName":"中野","zipCode":"2920002"},{"prefectureJisCode":"12","cityJisCode":"12206","townNameKana":"ﾅｶﾉｼﾏ","townName":"中の島","zipCode":"2920839"},{"prefectureJisCode":"12","cityJisCode":"12206","townNameKana":"ﾅｶﾞｲｻｸ","townName":"永井作","zipCode":"2920053"},{"prefectureJisCode":"12","cityJisCode":"12206","townNameKana":"ﾅｶﾞｽｶ","townName":"長須賀","zipCode":"2920054"},{"prefectureJisCode":"12","cityJisCode":"12206","townNameKana":"ﾆｼｲﾜﾈ","townName":"西岩根","zipCode":"2920062"},{"prefectureJisCode":"12","cityJisCode":"12206","townNameKana":"ﾈｷﾞｼ","townName":"根岸","zipCode":"2920216"},{"prefectureJisCode":"12","cityJisCode":"12206","townNameKana":"ﾊﾀｻﾞﾜ","townName":"畑沢","zipCode":"2920825"},{"prefectureJisCode":"12","cityJisCode":"12206","townNameKana":"ﾊﾀｻﾞﾜﾐﾅﾐ","townName":"畑沢南","zipCode":"2920826"},{"prefectureJisCode":"12","cityJisCode":"12206","townNameKana":"ﾊﾁﾏﾝﾀﾞｲ","townName":"八幡台","zipCode":"2920814"},{"prefectureJisCode":"12","cityJisCode":"12206","townNameKana":"ﾊﾄﾘﾉ","townName":"羽鳥野","zipCode":"2920819"},{"prefectureJisCode":"12","cityJisCode":"12206","townNameKana":"ﾋｶﾞｼｵｵﾀﾞ","townName":"東太田","zipCode":"2920043"},{"prefectureJisCode":"12","cityJisCode":"12206","townNameKana":"ﾋｶﾞｼﾁｭｳｵｳ","townName":"東中央","zipCode":"2920057"},{"prefectureJisCode":"12","cityJisCode":"12206","townNameKana":"ﾋﾉﾃﾞﾁｮｳ","townName":"日の出町","zipCode":"2920037"},{"prefectureJisCode":"12","cityJisCode":"12206","townNameKana":"ﾌｼﾞﾐ","townName":"富士見","zipCode":"2920831"},{"prefectureJisCode":"12","cityJisCode":"12206","townNameKana":"ﾌﾞﾝｷｮｳ","townName":"文京","zipCode":"2920804"},{"prefectureJisCode":"12","cityJisCode":"12206","townNameKana":"ﾎﾀﾙﾉ","townName":"ほたる野","zipCode":"2920038"},{"prefectureJisCode":"12","cityJisCode":"12206","townNameKana":"ﾎﾝｺﾞｳ","townName":"本郷","zipCode":"2920015"},{"prefectureJisCode":"12","cityJisCode":"12206","townNameKana":"ﾏﾌﾈ","townName":"真舟","zipCode":"2920802"},{"prefectureJisCode":"12","cityJisCode":"12206","townNameKana":"ﾏﾘ","townName":"真里","zipCode":"2920212"},{"prefectureJisCode":"12","cityJisCode":"12206","townNameKana":"ﾏﾘﾔﾂ","townName":"真里谷","zipCode":"2920201"},{"prefectureJisCode":"12","cityJisCode":"12206","townNameKana":"ﾏﾝｺﾞｸ","townName":"万石","zipCode":"2920003"},{"prefectureJisCode":"12","cityJisCode":"12206","townNameKana":"ﾓｸｻﾞｲﾐﾅﾄ","townName":"木材港","zipCode":"2920837"},{"prefectureJisCode":"12","cityJisCode":"12206","townNameKana":"ﾔﾅ","townName":"矢那","zipCode":"2920812"},{"prefectureJisCode":"12","cityJisCode":"12206","townNameKana":"ﾔﾏﾄ","townName":"大和","zipCode":"2920805"},{"prefectureJisCode":"12","cityJisCode":"12206","townNameKana":"ﾔﾏﾓﾄﾅﾅﾏｶﾞﾘ","townName":"山本七曲","zipCode":"2920203"},{"prefectureJisCode":"12","cityJisCode":"12206","townNameKana":"ﾜｶﾊﾞﾁｮｳ","townName":"若葉町","zipCode":"2920013"}]