[{"prefectureJisCode":"12","cityJisCode":"12423","townNameKana":"ｲﾘﾔﾏﾂﾞ","townName":"入山津","zipCode":"2994321"},{"prefectureJisCode":"12","cityJisCode":"12423","townNameKana":"ｲﾜﾇﾏ","townName":"岩沼","zipCode":"2994336"},{"prefectureJisCode":"12","cityJisCode":"12423","townNameKana":"ｲﾜﾇﾏﾄﾋﾞﾁ","townName":"岩沼飛地","zipCode":"2994343"},{"prefectureJisCode":"12","cityJisCode":"12423","townNameKana":"ｵﾄﾞﾛｷ","townName":"驚","zipCode":"2994322"},{"prefectureJisCode":"12","cityJisCode":"12423","townNameKana":"ｶﾈﾀﾞ","townName":"金田","zipCode":"2994332"},{"prefectureJisCode":"12","cityJisCode":"12423","townNameKana":"ｷﾀﾐﾖｸﾞﾁ","townName":"北水口","zipCode":"2994337"},{"prefectureJisCode":"12","cityJisCode":"12423","townNameKana":"ｺｲｽﾞﾐ","townName":"小泉","zipCode":"2994347"},{"prefectureJisCode":"12","cityJisCode":"12423","townNameKana":"ｿﾈ","townName":"曽根","zipCode":"2994344"},{"prefectureJisCode":"12","cityJisCode":"12423","townNameKana":"ﾅｶﾉｺﾞｳ","townName":"中之郷","zipCode":"2994346"},{"prefectureJisCode":"12","cityJisCode":"12423","townNameKana":"ﾅﾅｲﾄﾞ","townName":"七井土","zipCode":"2994333"},{"prefectureJisCode":"12","cityJisCode":"12423","townNameKana":"ﾉﾌﾞﾄﾓ","townName":"信友","zipCode":"2994331"},{"prefectureJisCode":"12","cityJisCode":"12423","townNameKana":"ﾋﾄﾂﾏﾂ","townName":"一松","zipCode":"2994327"},{"prefectureJisCode":"12","cityJisCode":"12423","townNameKana":"ﾋﾄﾂﾏﾂｵﾂ","townName":"一松乙","zipCode":"2994326"},{"prefectureJisCode":"12","cityJisCode":"12423","townNameKana":"ﾋﾄﾂﾏﾂｺｳ","townName":"一松甲","zipCode":"2994328"},{"prefectureJisCode":"12","cityJisCode":"12423","townNameKana":"ﾋﾄﾂﾏﾂﾃｲ","townName":"一松丁","zipCode":"2994324"},{"prefectureJisCode":"12","cityJisCode":"12423","townNameKana":"ﾋﾄﾂﾏﾂﾄﾋﾞﾁｺｳ","townName":"一松飛地甲","zipCode":"2994342"},{"prefectureJisCode":"12","cityJisCode":"12423","townNameKana":"ﾋﾄﾂﾏﾂﾍｲ","townName":"一松丙","zipCode":"2994325"},{"prefectureJisCode":"12","cityJisCode":"12423","townNameKana":"ﾋﾄﾂﾏﾂﾎﾞ","townName":"一松戊","zipCode":"2994323"},{"prefectureJisCode":"12","cityJisCode":"12423","townNameKana":"ﾎﾝｺﾞｳ","townName":"本郷","zipCode":"2994345"},{"prefectureJisCode":"12","cityJisCode":"12423","townNameKana":"ﾐﾔﾅﾘ","townName":"宮成","zipCode":"2994341"},{"prefectureJisCode":"12","cityJisCode":"12423","townNameKana":"ﾐﾖｸﾞﾁ","townName":"水口","zipCode":"2994335"},{"prefectureJisCode":"12","cityJisCode":"12423","townNameKana":"ﾑﾂﾉﾄﾋﾞﾁ","townName":"六ツ野飛地","zipCode":"2994338"},{"prefectureJisCode":"12","cityJisCode":"12423","townNameKana":"ﾔﾌﾞﾂｶ","townName":"薮塚","zipCode":"2994334"}]