[{"prefectureJisCode":"04","cityJisCode":"04207","townNameKana":"ｱｲﾉﾓﾘ","townName":"愛の杜","zipCode":"9811230"},{"prefectureJisCode":"04","cityJisCode":"04207","townNameKana":"ｲｲﾉｻﾞｶ","townName":"飯野坂","zipCode":"9811225"},{"prefectureJisCode":"04","cityJisCode":"04207","townNameKana":"ｳｴﾏﾂ","townName":"植松","zipCode":"9811226"},{"prefectureJisCode":"04","cityJisCode":"04207","townNameKana":"ｳｼﾉ","townName":"牛野","zipCode":"9811215"},{"prefectureJisCode":"04","cityJisCode":"04207","townNameKana":"ｵｵﾃﾏﾁ","townName":"大手町","zipCode":"9811232"},{"prefectureJisCode":"04","cityJisCode":"04207","townNameKana":"ｵｵﾏｶﾞﾘ","townName":"大曲","zipCode":"9811216"},{"prefectureJisCode":"04","cityJisCode":"04207","townNameKana":"ｵﾔﾏ","townName":"小山","zipCode":"9811233"},{"prefectureJisCode":"04","cityJisCode":"04207","townNameKana":"ｶﾐﾖｳﾃﾞﾝ","townName":"上余田","zipCode":"9811222"},{"prefectureJisCode":"04","cityJisCode":"04207","townNameKana":"ｺﾂﾞｶﾊﾗ","townName":"小塚原","zipCode":"9811212"},{"prefectureJisCode":"04","cityJisCode":"04207","townNameKana":"ｼﾓﾏｽﾀﾞ","townName":"下増田","zipCode":"9811201"},{"prefectureJisCode":"04","cityJisCode":"04207","townNameKana":"ｼﾓﾏｽﾀﾞｾﾝﾀﾞｲｸｳｺｳｶﾝｹｲｼｾﾂ","townName":"下増田仙台空港関係施設","zipCode":"9892401"},{"prefectureJisCode":"04","cityJisCode":"04207","townNameKana":"ｼﾓﾖｳﾃﾞﾝ","townName":"下余田","zipCode":"9811223"},{"prefectureJisCode":"04","cityJisCode":"04207","townNameKana":"ｽｷﾞｶﾞﾌｸﾛ","townName":"杉ケ袋","zipCode":"9811214"},{"prefectureJisCode":"04","cityJisCode":"04207","townNameKana":"ｿｳｺﾞﾀﾞｲ","townName":"相互台","zipCode":"9811246"},{"prefectureJisCode":"04","cityJisCode":"04207","townNameKana":"ｿｳｺﾞﾀﾞｲﾋｶﾞｼ","townName":"相互台東","zipCode":"9811248"},{"prefectureJisCode":"04","cityJisCode":"04207","townNameKana":"ﾀｶﾀﾞﾃｶﾜｶﾐ","townName":"高舘川上","zipCode":"9811243"},{"prefectureJisCode":"04","cityJisCode":"04207","townNameKana":"ﾀｶﾀﾞﾃｸﾏﾉﾄﾞｳ","townName":"高舘熊野堂","zipCode":"9811241"},{"prefectureJisCode":"04","cityJisCode":"04207","townNameKana":"ﾀｶﾀﾞﾃﾖｼﾀﾞ","townName":"高舘吉田","zipCode":"9811242"},{"prefectureJisCode":"04","cityJisCode":"04207","townNameKana":"ﾀｶﾔﾅｷﾞ","townName":"高柳","zipCode":"9811211"},{"prefectureJisCode":"04","cityJisCode":"04207","townNameKana":"ﾀｺｳ","townName":"田高","zipCode":"9811221"},{"prefectureJisCode":"04","cityJisCode":"04207","townNameKana":"ﾃｸﾗﾀﾞ","townName":"手倉田","zipCode":"9811231"},{"prefectureJisCode":"04","cityJisCode":"04207","townNameKana":"ﾅﾁｶﾞｵｶ","townName":"那智が丘","zipCode":"9811244"},{"prefectureJisCode":"04","cityJisCode":"04207","townNameKana":"ﾅﾄﾘｶﾞｵｶ","townName":"名取が丘","zipCode":"9811235"},{"prefectureJisCode":"04","cityJisCode":"04207","townNameKana":"ﾊｺﾂﾞｶ","townName":"箱塚","zipCode":"9811234"},{"prefectureJisCode":"04","cityJisCode":"04207","townNameKana":"ﾎﾘｳﾁ","townName":"堀内","zipCode":"9892412"},{"prefectureJisCode":"04","cityJisCode":"04207","townNameKana":"ﾎﾝｺﾞｳ","townName":"本郷","zipCode":"9892411"},{"prefectureJisCode":"04","cityJisCode":"04207","townNameKana":"ﾏｽﾀﾞ","townName":"増田","zipCode":"9811224"},{"prefectureJisCode":"04","cityJisCode":"04207","townNameKana":"ﾐﾀｿﾞﾉ","townName":"美田園","zipCode":"9811217"},{"prefectureJisCode":"04","cityJisCode":"04207","townNameKana":"ﾐﾀｿﾞﾉｷﾀ","townName":"美田園北","zipCode":"9811218"},{"prefectureJisCode":"04","cityJisCode":"04207","townNameKana":"ﾐﾄﾞﾘﾀﾞｲ","townName":"みどり台","zipCode":"9811247"},{"prefectureJisCode":"04","cityJisCode":"04207","townNameKana":"ﾒﾃﾞｼﾏｱｽﾞｷｼﾏ","townName":"愛島小豆島","zipCode":"9811236"},{"prefectureJisCode":"04","cityJisCode":"04207","townNameKana":"ﾒﾃﾞｼﾏｶｻｼﾏ","townName":"愛島笠島","zipCode":"9811238"},{"prefectureJisCode":"04","cityJisCode":"04207","townNameKana":"ﾒﾃﾞｼﾏｷﾀﾒ","townName":"愛島北目","zipCode":"9811237"},{"prefectureJisCode":"04","cityJisCode":"04207","townNameKana":"ﾒﾃﾞｼﾏｼｵﾃ","townName":"愛島塩手","zipCode":"9811239"},{"prefectureJisCode":"04","cityJisCode":"04207","townNameKana":"ﾒﾃﾞｼﾏﾀﾞｲ","townName":"愛島台","zipCode":"9811251"},{"prefectureJisCode":"04","cityJisCode":"04207","townNameKana":"ﾒﾃﾞｼﾏﾉｻﾄ","townName":"愛島郷","zipCode":"9811240"},{"prefectureJisCode":"04","cityJisCode":"04207","townNameKana":"ﾓﾘｾｷﾉｼﾀ","townName":"杜せきのした","zipCode":"9811227"},{"prefectureJisCode":"04","cityJisCode":"04207","townNameKana":"ﾕﾘｱｹﾞ","townName":"閖上","zipCode":"9811213"},{"prefectureJisCode":"04","cityJisCode":"04207","townNameKana":"ﾕﾘｶﾞｵｶ","townName":"ゆりが丘","zipCode":"9811245"}]