[{"prefectureJisCode":"04","cityJisCode":"04216","townNameKana":"ｱｶｲｼ","townName":"明石","zipCode":"9813326"},{"prefectureJisCode":"04","cityJisCode":"04216","townNameKana":"ｱｶｲｼﾀﾞｲ","townName":"明石台","zipCode":"9813332"},{"prefectureJisCode":"04","cityJisCode":"04216","townNameKana":"ｱｹﾉﾀﾞｲﾗ","townName":"あけの平","zipCode":"9813361"},{"prefectureJisCode":"04","cityJisCode":"04216","townNameKana":"ｲｼﾂﾞﾓﾘ","townName":"石積","zipCode":"9813325"},{"prefectureJisCode":"04","cityJisCode":"04216","townNameKana":"ｲﾁﾉｾｷ","townName":"一ノ関","zipCode":"9813305"},{"prefectureJisCode":"04","cityJisCode":"04216","townNameKana":"ｲﾏｲｽﾞﾐ","townName":"今泉","zipCode":"9813322"},{"prefectureJisCode":"04","cityJisCode":"04216","townNameKana":"ｵｵｶﾞﾒ","townName":"大亀","zipCode":"9813323"},{"prefectureJisCode":"04","cityJisCode":"04216","townNameKana":"ｵｵｼﾐｽﾞ","townName":"大清水","zipCode":"9813329"},{"prefectureJisCode":"04","cityJisCode":"04216","townNameKana":"ｵｵﾜﾗ","townName":"大童","zipCode":"9813321"},{"prefectureJisCode":"04","cityJisCode":"04216","townNameKana":"ｶﾐｻｸﾗｷﾞ","townName":"上桜木","zipCode":"9813328"},{"prefectureJisCode":"04","cityJisCode":"04216","townNameKana":"ｺｸﾀﾞ","townName":"穀田","zipCode":"9813327"},{"prefectureJisCode":"04","cityJisCode":"04216","townNameKana":"ｻﾝﾉｾｷ","townName":"三ノ関","zipCode":"9813302"},{"prefectureJisCode":"04","cityJisCode":"04216","townNameKana":"ｼﾄﾀﾞ","townName":"志戸田","zipCode":"9813301"},{"prefectureJisCode":"04","cityJisCode":"04216","townNameKana":"ﾀｲｼﾄﾞｳ","townName":"太子堂","zipCode":"9813303"},{"prefectureJisCode":"04","cityJisCode":"04216","townNameKana":"ﾀｶﾉﾓﾘ","townName":"鷹乃杜","zipCode":"9813351"},{"prefectureJisCode":"04","cityJisCode":"04216","townNameKana":"ﾀｶﾔｼｷ","townName":"高屋敷","zipCode":"9813313"},{"prefectureJisCode":"04","cityJisCode":"04216","townNameKana":"ﾄﾁﾉｷ","townName":"とちの木","zipCode":"9813312"},{"prefectureJisCode":"04","cityJisCode":"04216","townNameKana":"ﾄﾐｶﾞｵｶ","townName":"富ケ丘","zipCode":"9813352"},{"prefectureJisCode":"04","cityJisCode":"04216","townNameKana":"ﾄﾐﾔ","townName":"富谷","zipCode":"9813311"},{"prefectureJisCode":"04","cityJisCode":"04216","townNameKana":"ﾅﾘﾀ","townName":"成田","zipCode":"9813341"},{"prefectureJisCode":"04","cityJisCode":"04216","townNameKana":"ﾆｼﾅﾘﾀ","townName":"西成田","zipCode":"9813324"},{"prefectureJisCode":"04","cityJisCode":"04216","townNameKana":"ﾆﾉｾｷ","townName":"二ノ関","zipCode":"9813306"},{"prefectureJisCode":"04","cityJisCode":"04216","townNameKana":"ﾋｶﾞｼｺｳﾖｳﾀﾞｲ","townName":"東向陽台","zipCode":"9813331"},{"prefectureJisCode":"04","cityJisCode":"04216","townNameKana":"ﾋﾖｼﾀﾞｲ","townName":"日吉台","zipCode":"9813362"},{"prefectureJisCode":"04","cityJisCode":"04216","townNameKana":"ﾋﾖﾘﾀﾞｲ","townName":"ひより台","zipCode":"9813304"},{"prefectureJisCode":"04","cityJisCode":"04216","townNameKana":"ﾓﾘﾉﾊｼ","townName":"杜乃橋","zipCode":"9813363"}]