[{"prefectureJisCode":"04","cityJisCode":"04323","townNameKana":"ｲﾘﾏﾀﾞ","townName":"入間田","zipCode":"9891745"},{"prefectureJisCode":"04","cityJisCode":"04323","townNameKana":"ｴﾋﾞｱﾅ","townName":"海老穴","zipCode":"9891762"},{"prefectureJisCode":"04","cityJisCode":"04323","townNameKana":"ｶﾐｶﾜﾅ","townName":"上川名","zipCode":"9891742"},{"prefectureJisCode":"04","cityJisCode":"04323","townNameKana":"ｶﾐﾉﾐｮｳ","townName":"上名生","zipCode":"9891611"},{"prefectureJisCode":"04","cityJisCode":"04323","townNameKana":"ｷﾀﾌﾅｵｶ","townName":"北船岡","zipCode":"9891623"},{"prefectureJisCode":"04","cityJisCode":"04323","townNameKana":"ｹﾝｻﾞｷ","townName":"剣崎","zipCode":"9891608"},{"prefectureJisCode":"04","cityJisCode":"04323","townNameKana":"ｺﾅﾘﾀ","townName":"小成田","zipCode":"9891764"},{"prefectureJisCode":"04","cityJisCode":"04323","townNameKana":"ｼﾓﾉﾐｮｳ","townName":"下名生","zipCode":"9891613"},{"prefectureJisCode":"04","cityJisCode":"04323","townNameKana":"ﾂｷﾉｷ","townName":"槻木","zipCode":"9891756"},{"prefectureJisCode":"04","cityJisCode":"04323","townNameKana":"ﾂｷﾉｷｴｷﾆｼ","townName":"槻木駅西","zipCode":"9891758"},{"prefectureJisCode":"04","cityJisCode":"04323","townNameKana":"ﾂｷﾉｷｶﾐﾏﾁ","townName":"槻木上町","zipCode":"9891753"},{"prefectureJisCode":"04","cityJisCode":"04323","townNameKana":"ﾂｷﾉｷｼﾓﾏﾁ","townName":"槻木下町","zipCode":"9891752"},{"prefectureJisCode":"04","cityJisCode":"04323","townNameKana":"ﾂｷﾉｷｼﾗﾊﾀ","townName":"槻木白幡","zipCode":"9891754"},{"prefectureJisCode":"04","cityJisCode":"04323","townNameKana":"ﾂｷﾉｷｼﾝﾏﾁ","townName":"槻木新町","zipCode":"9891751"},{"prefectureJisCode":"04","cityJisCode":"04323","townNameKana":"ﾂｷﾉｷﾆｼ","townName":"槻木西","zipCode":"9891755"},{"prefectureJisCode":"04","cityJisCode":"04323","townNameKana":"ﾂｷﾉｷﾋｶﾞｼ","townName":"槻木東","zipCode":"9891757"},{"prefectureJisCode":"04","cityJisCode":"04323","townNameKana":"ﾄﾐｻﾞﾜ","townName":"富沢","zipCode":"9891741"},{"prefectureJisCode":"04","cityJisCode":"04323","townNameKana":"ﾅｶﾉﾐｮｳ","townName":"中名生","zipCode":"9891612"},{"prefectureJisCode":"04","cityJisCode":"04323","townNameKana":"ﾅﾘﾀ","townName":"成田","zipCode":"9891765"},{"prefectureJisCode":"04","cityJisCode":"04323","townNameKana":"ﾆｼﾌﾅﾊﾞｻﾏ","townName":"西船迫","zipCode":"9891622"},{"prefectureJisCode":"04","cityJisCode":"04323","townNameKana":"ﾊｻﾞｶ","townName":"葉坂","zipCode":"9891761"},{"prefectureJisCode":"04","cityJisCode":"04323","townNameKana":"ﾋｶﾞｼﾌﾅﾊﾞｻﾏ","townName":"東船迫","zipCode":"9891631"},{"prefectureJisCode":"04","cityJisCode":"04323","townNameKana":"ﾌﾅｵｶ","townName":"船岡","zipCode":"9891606"},{"prefectureJisCode":"04","cityJisCode":"04323","townNameKana":"ﾌﾅｵｶｼﾝｴｲ","townName":"船岡新栄","zipCode":"9891607"},{"prefectureJisCode":"04","cityJisCode":"04323","townNameKana":"ﾌﾅｵｶﾁｭｳｵｳ","townName":"船岡中央","zipCode":"9891601"},{"prefectureJisCode":"04","cityJisCode":"04323","townNameKana":"ﾌﾅｵｶﾄﾞﾃｳﾁ","townName":"船岡土手内","zipCode":"9891602"},{"prefectureJisCode":"04","cityJisCode":"04323","townNameKana":"ﾌﾅｵｶﾆｼ","townName":"船岡西","zipCode":"9891603"},{"prefectureJisCode":"04","cityJisCode":"04323","townNameKana":"ﾌﾅｵｶﾋｶﾞｼ","townName":"船岡東","zipCode":"9891604"},{"prefectureJisCode":"04","cityJisCode":"04323","townNameKana":"ﾌﾅｵｶﾐﾅﾐ","townName":"船岡南","zipCode":"9891605"},{"prefectureJisCode":"04","cityJisCode":"04323","townNameKana":"ﾌﾅﾊﾞｻﾏ","townName":"船迫","zipCode":"9891763"},{"prefectureJisCode":"04","cityJisCode":"04323","townNameKana":"ﾎﾝﾌﾅﾊﾞｻﾏ","townName":"本船迫","zipCode":"9891621"},{"prefectureJisCode":"04","cityJisCode":"04323","townNameKana":"ﾏﾂｶﾞｺﾞｼ","townName":"松ケ越","zipCode":"9891744"},{"prefectureJisCode":"04","cityJisCode":"04323","townNameKana":"ﾕｽﾞｶﾞｵｶ","townName":"ゆずが丘","zipCode":"9891746"},{"prefectureJisCode":"04","cityJisCode":"04323","townNameKana":"ﾖｯｶｲﾁﾊﾞ","townName":"四日市場","zipCode":"9891743"}]