[{"prefectureJisCode":"04","cityJisCode":"04322","townNameKana":"ｱｼﾀﾃ","townName":"足立","zipCode":"9891311"},{"prefectureJisCode":"04","cityJisCode":"04322","townNameKana":"ｱｼﾀﾃｷﾀﾑｷ","townName":"足立北向","zipCode":"9891511"},{"prefectureJisCode":"04","cityJisCode":"04322","townNameKana":"ｳｽｷﾞ","townName":"薄木","zipCode":"9891303"},{"prefectureJisCode":"04","cityJisCode":"04322","townNameKana":"ｺｲｽﾞﾐ","townName":"小泉","zipCode":"9891302"},{"prefectureJisCode":"04","cityJisCode":"04322","townNameKana":"ｽｺﾞｳ","townName":"菅生","zipCode":"9891301"},{"prefectureJisCode":"04","cityJisCode":"04322","townNameKana":"ｾｷﾊﾞ","townName":"関場","zipCode":"9891322"},{"prefectureJisCode":"04","cityJisCode":"04322","townNameKana":"ﾆｼｶﾞｵｶ","townName":"西ケ丘","zipCode":"9891304"},{"prefectureJisCode":"04","cityJisCode":"04322","townNameKana":"ﾇﾏﾀ","townName":"沼田","zipCode":"9891323"},{"prefectureJisCode":"04","cityJisCode":"04322","townNameKana":"ﾇﾏﾍﾞ","townName":"沼辺","zipCode":"9891321"},{"prefectureJisCode":"04","cityJisCode":"04322","townNameKana":"ﾑﾗﾀ","townName":"村田","zipCode":"9891305"}]