[{"prefectureJisCode":"41","cityJisCode":"41208","townNameKana":"ｱｼｶﾘﾁｮｳｱｼﾐｿﾞ","townName":"芦刈町芦溝","zipCode":"8490311"},{"prefectureJisCode":"41","cityJisCode":"41208","townNameKana":"ｱｼｶﾘﾁｮｳｼﾓｺｶﾞ","townName":"芦刈町下古賀","zipCode":"8490312"},{"prefectureJisCode":"41","cityJisCode":"41208","townNameKana":"ｱｼｶﾘﾁｮｳﾄﾞｳﾒ","townName":"芦刈町道免","zipCode":"8490316"},{"prefectureJisCode":"41","cityJisCode":"41208","townNameKana":"ｱｼｶﾘﾁｮｳﾅｶﾞﾀ","townName":"芦刈町永田","zipCode":"8490313"},{"prefectureJisCode":"41","cityJisCode":"41208","townNameKana":"ｱｼｶﾘﾁｮｳﾊﾏｴﾀﾞｶﾞﾜ","townName":"芦刈町浜枝川","zipCode":"8490315"},{"prefectureJisCode":"41","cityJisCode":"41208","townNameKana":"ｱｼｶﾘﾁｮｳﾐｵｳｻﾞｷ","townName":"芦刈町三王崎","zipCode":"8490314"},{"prefectureJisCode":"41","cityJisCode":"41208","townNameKana":"ｳｼﾂﾞﾁｮｳｳｼﾂﾞ","townName":"牛津町牛津","zipCode":"8490303"},{"prefectureJisCode":"41","cityJisCode":"41208","townNameKana":"ｳｼﾂﾞﾁｮｳｵﾄﾔﾅｷﾞ","townName":"牛津町乙柳","zipCode":"8490301"},{"prefectureJisCode":"41","cityJisCode":"41208","townNameKana":"ｳｼﾂﾞﾁｮｳｶｷﾋｾ","townName":"牛津町柿樋瀬","zipCode":"8490302"},{"prefectureJisCode":"41","cityJisCode":"41208","townNameKana":"ｳｼﾂﾞﾁｮｳｶﾂ","townName":"牛津町勝","zipCode":"8490306"},{"prefectureJisCode":"41","cityJisCode":"41208","townNameKana":"ｳｼﾂﾞﾁｮｳｶﾐﾄｶﾞﾜ","townName":"牛津町上砥川","zipCode":"8490305"},{"prefectureJisCode":"41","cityJisCode":"41208","townNameKana":"ｳｼﾂﾞﾁｮｳｼﾓﾄｶﾞﾜ","townName":"牛津町下砥川","zipCode":"8490304"},{"prefectureJisCode":"41","cityJisCode":"41208","townNameKana":"ｵｷﾞﾏﾁ","townName":"小城町","zipCode":"8450001"},{"prefectureJisCode":"41","cityJisCode":"41208","townNameKana":"ｵｷﾞﾏﾁｲｹﾉｳｴ","townName":"小城町池上","zipCode":"8450012"},{"prefectureJisCode":"41","cityJisCode":"41208","townNameKana":"ｵｷﾞﾏﾁｲﾜｸﾗ","townName":"小城町岩蔵","zipCode":"8450003"},{"prefectureJisCode":"41","cityJisCode":"41208","townNameKana":"ｵｷﾞﾏﾁｸﾘﾊﾗ","townName":"小城町栗原","zipCode":"8450013"},{"prefectureJisCode":"41","cityJisCode":"41208","townNameKana":"ｵｷﾞﾏﾁﾊﾀｹﾀﾞ","townName":"小城町畑田","zipCode":"8450002"},{"prefectureJisCode":"41","cityJisCode":"41208","townNameKana":"ｵｷﾞﾏﾁﾊﾙｹ","townName":"小城町晴気","zipCode":"8450014"},{"prefectureJisCode":"41","cityJisCode":"41208","townNameKana":"ｵｷﾞﾏﾁﾋｶﾞｼｼﾝﾏﾁ","townName":"小城町東新町","zipCode":"8450005"},{"prefectureJisCode":"41","cityJisCode":"41208","townNameKana":"ｵｷﾞﾏﾁﾌﾅﾀﾞ","townName":"小城町船田","zipCode":"8450011"},{"prefectureJisCode":"41","cityJisCode":"41208","townNameKana":"ｵｷﾞﾏﾁﾏﾂｵ","townName":"小城町松尾","zipCode":"8450004"},{"prefectureJisCode":"41","cityJisCode":"41208","townNameKana":"ﾐｶﾂｷﾁｮｳｲｼｷ","townName":"三日月町石木","zipCode":"8450035"},{"prefectureJisCode":"41","cityJisCode":"41208","townNameKana":"ﾐｶﾂｷﾁｮｳｵﾘｼﾏ","townName":"三日月町織島","zipCode":"8450023"},{"prefectureJisCode":"41","cityJisCode":"41208","townNameKana":"ﾐｶﾂｷﾁｮｳｶﾅﾀﾞ","townName":"三日月町金田","zipCode":"8450032"},{"prefectureJisCode":"41","cityJisCode":"41208","townNameKana":"ﾐｶﾂｷﾁｮｳｸﾒ","townName":"三日月町久米","zipCode":"8450022"},{"prefectureJisCode":"41","cityJisCode":"41208","townNameKana":"ﾐｶﾂｷﾁｮｳｺｳﾔﾅｷﾞﾊﾗ","townName":"三日月町甲柳原","zipCode":"8450034"},{"prefectureJisCode":"41","cityJisCode":"41208","townNameKana":"ﾐｶﾂｷﾁｮｳﾁｮｳｶﾝﾀﾞ","townName":"三日月町長神田","zipCode":"8450021"},{"prefectureJisCode":"41","cityJisCode":"41208","townNameKana":"ﾐｶﾂｷﾁｮｳﾋｸﾞﾁ","townName":"三日月町樋口","zipCode":"8450033"},{"prefectureJisCode":"41","cityJisCode":"41208","townNameKana":"ﾐｶﾂｷﾁｮｳﾎﾘｴ","townName":"三日月町堀江","zipCode":"8450031"},{"prefectureJisCode":"41","cityJisCode":"41208","townNameKana":"ﾐｶﾂｷﾁｮｳﾐｶｼﾏ","townName":"三日月町三ケ島","zipCode":"8450025"},{"prefectureJisCode":"41","cityJisCode":"41208","townNameKana":"ﾐｶﾂｷﾁｮｳﾐﾁﾍﾞ","townName":"三日月町道辺","zipCode":"8450024"}]