[{"prefectureJisCode":"41","cityJisCode":"41202","townNameKana":"ｱｻﾋｶﾞｵｶ","townName":"旭が丘","zipCode":"8470823"},{"prefectureJisCode":"41","cityJisCode":"41202","townNameKana":"ｱｻﾋﾏﾁ","townName":"朝日町","zipCode":"8470841"},{"prefectureJisCode":"41","cityJisCode":"41202","townNameKana":"ｲｼｼ","townName":"石志","zipCode":"8470832"},{"prefectureJisCode":"41","cityJisCode":"41202","townNameKana":"ｳｵﾔﾏﾁ","townName":"魚屋町","zipCode":"8470042"},{"prefectureJisCode":"41","cityJisCode":"41202","townNameKana":"ｳｷ","townName":"宇木","zipCode":"8470025"},{"prefectureJisCode":"41","cityJisCode":"41202","townNameKana":"ｳｼﾛｶﾞﾜﾁ","townName":"後川内","zipCode":"8470804"},{"prefectureJisCode":"41","cityJisCode":"41202","townNameKana":"ｳﾗ","townName":"浦","zipCode":"8470124"},{"prefectureJisCode":"41","cityJisCode":"41202","townNameKana":"ｴｶﾞﾜﾏﾁ","townName":"江川町","zipCode":"8470853"},{"prefectureJisCode":"41","cityJisCode":"41202","townNameKana":"ｴｻﾞﾙｷ","townName":"枝去木","zipCode":"8470123"},{"prefectureJisCode":"41","cityJisCode":"41202","townNameKana":"ｵｳｶ","townName":"相賀","zipCode":"8470132"},{"prefectureJisCode":"41","cityJisCode":"41202","townNameKana":"ｵｳﾁﾁｮｳｲｷｻ","townName":"相知町伊岐佐","zipCode":"8493223"},{"prefectureJisCode":"41","cityJisCode":"41202","townNameKana":"ｵｳﾁﾁｮｳｵｳﾁ","townName":"相知町相知","zipCode":"8493201"},{"prefectureJisCode":"41","cityJisCode":"41202","townNameKana":"ｵｳﾁﾁｮｳｵｵﾉ","townName":"相知町大野","zipCode":"8493221"},{"prefectureJisCode":"41","cityJisCode":"41202","townNameKana":"ｵｳﾁﾁｮｳｸｽ","townName":"相知町楠","zipCode":"8493215"},{"prefectureJisCode":"41","cityJisCode":"41202","townNameKana":"ｵｳﾁﾁｮｳｸﾎﾞ","townName":"相知町久保","zipCode":"8493232"},{"prefectureJisCode":"41","cityJisCode":"41202","townNameKana":"ｵｳﾁﾁｮｳｸﾛｲﾜ","townName":"相知町黒岩","zipCode":"8493222"},{"prefectureJisCode":"41","cityJisCode":"41202","townNameKana":"ｵｳﾁﾁｮｳｻﾘ","townName":"相知町佐里","zipCode":"8493233"},{"prefectureJisCode":"41","cityJisCode":"41202","townNameKana":"ｵｳﾁﾁｮｳｾﾝｿﾞｸ","townName":"相知町千束","zipCode":"8493211"},{"prefectureJisCode":"41","cityJisCode":"41202","townNameKana":"ｵｳﾁﾁｮｳﾀｶﾄﾘ","townName":"相知町鷹取","zipCode":"8493219"},{"prefectureJisCode":"41","cityJisCode":"41202","townNameKana":"ｵｳﾁﾁｮｳﾀｶﾞｼﾗ","townName":"相知町田頭","zipCode":"8493214"},{"prefectureJisCode":"41","cityJisCode":"41202","townNameKana":"ｵｳﾁﾁｮｳﾁｮｳｷﾞﾘ","townName":"相知町町切","zipCode":"8493216"},{"prefectureJisCode":"41","cityJisCode":"41202","townNameKana":"ｵｳﾁﾁｮｳﾅｶﾔﾏ","townName":"相知町中山","zipCode":"8493218"},{"prefectureJisCode":"41","cityJisCode":"41202","townNameKana":"ｵｳﾁﾁｮｳﾅｶﾞﾍﾀ","townName":"相知町長部田","zipCode":"8493217"},{"prefectureJisCode":"41","cityJisCode":"41202","townNameKana":"ｵｳﾁﾁｮｳﾋﾗﾔﾏｶﾐ","townName":"相知町平山上","zipCode":"8493203"},{"prefectureJisCode":"41","cityJisCode":"41202","townNameKana":"ｵｳﾁﾁｮｳﾋﾗﾔﾏｼﾓ","townName":"相知町平山下","zipCode":"8493202"},{"prefectureJisCode":"41","cityJisCode":"41202","townNameKana":"ｵｳﾁﾁｮｳﾑﾀﾍﾞ","townName":"相知町牟田部","zipCode":"8493231"},{"prefectureJisCode":"41","cityJisCode":"41202","townNameKana":"ｵｳﾁﾁｮｳﾔﾏｻｷ","townName":"相知町山崎","zipCode":"8493224"},{"prefectureJisCode":"41","cityJisCode":"41202","townNameKana":"ｵｳﾁﾁｮｳﾕﾔ","townName":"相知町湯屋","zipCode":"8493213"},{"prefectureJisCode":"41","cityJisCode":"41202","townNameKana":"ｵｳﾁﾁｮｳﾖｺﾏｸﾗ","townName":"相知町横枕","zipCode":"8493212"},{"prefectureJisCode":"41","cityJisCode":"41202","townNameKana":"ｵｵｲｼﾏﾁ","townName":"大石町","zipCode":"8470066"},{"prefectureJisCode":"41","cityJisCode":"41202","townNameKana":"ｶｲｶﾞﾝﾄﾞｵﾘ","townName":"海岸通","zipCode":"8470873"},{"prefectureJisCode":"41","cityJisCode":"41202","townNameKana":"ｶｶﾞﾐ","townName":"鏡","zipCode":"8470022"},{"prefectureJisCode":"41","cityJisCode":"41202","townNameKana":"ｶｶﾞﾐｼﾝｶｲ","townName":"鏡新開","zipCode":"8470028"},{"prefectureJisCode":"41","cityJisCode":"41202","townNameKana":"ｶｺﾏﾁ","townName":"水主町","zipCode":"8470065"},{"prefectureJisCode":"41","cityJisCode":"41202","townNameKana":"ｶｼﾜｻﾞｷ","townName":"柏崎","zipCode":"8470026"},{"prefectureJisCode":"41","cityJisCode":"41202","townNameKana":"ｶｼﾜｼﾞﾏ","townName":"神集島","zipCode":"8470131"},{"prefectureJisCode":"41","cityJisCode":"41202","townNameKana":"ｶﾀﾅﾏﾁ","townName":"刀町","zipCode":"8470055"},{"prefectureJisCode":"41","cityJisCode":"41202","townNameKana":"ｷｭｳﾗｷﾞﾏﾁｱﾏｶﾞﾜ","townName":"厳木町天川","zipCode":"8493101"},{"prefectureJisCode":"41","cityJisCode":"41202","townNameKana":"ｷｭｳﾗｷﾞﾏﾁｲﾜﾔ","townName":"厳木町岩屋","zipCode":"8493123"},{"prefectureJisCode":"41","cityJisCode":"41202","townNameKana":"ｷｭｳﾗｷﾞﾏﾁｳﾂﾎﾞｷ","townName":"厳木町うつぼ木","zipCode":"8493132"},{"prefectureJisCode":"41","cityJisCode":"41202","townNameKana":"ｷｭｳﾗｷﾞﾏﾁｳﾗｶﾞﾜﾁ","townName":"厳木町浦川内","zipCode":"8493114"},{"prefectureJisCode":"41","cityJisCode":"41202","townNameKana":"ｷｭｳﾗｷﾞﾏﾁｷｭｳﾗｷﾞ","townName":"厳木町厳木","zipCode":"8493131"},{"prefectureJisCode":"41","cityJisCode":"41202","townNameKana":"ｷｭｳﾗｷﾞﾏﾁｾﾄｺﾊﾞ","townName":"厳木町瀬戸木場","zipCode":"8493121"},{"prefectureJisCode":"41","cityJisCode":"41202","townNameKana":"ｷｭｳﾗｷﾞﾏﾁﾄﾘｺﾞｴ","townName":"厳木町鳥越","zipCode":"8493102"},{"prefectureJisCode":"41","cityJisCode":"41202","townNameKana":"ｷｭｳﾗｷﾞﾏﾁﾅｶｼﾏ","townName":"厳木町中島","zipCode":"8493112"},{"prefectureJisCode":"41","cityJisCode":"41202","townNameKana":"ｷｭｳﾗｷﾞﾏﾁﾅﾐｾ","townName":"厳木町浪瀬","zipCode":"8493122"},{"prefectureJisCode":"41","cityJisCode":"41202","townNameKana":"ｷｭｳﾗｷﾞﾏﾁﾋﾗﾉ","townName":"厳木町平之","zipCode":"8493115"},{"prefectureJisCode":"41","cityJisCode":"41202","townNameKana":"ｷｭｳﾗｷﾞﾏﾁﾋﾛｶﾜ","townName":"厳木町広川","zipCode":"8493103"},{"prefectureJisCode":"41","cityJisCode":"41202","townNameKana":"ｷｭｳﾗｷﾞﾏﾁﾋﾛｾ","townName":"厳木町広瀬","zipCode":"8493111"},{"prefectureJisCode":"41","cityJisCode":"41202","townNameKana":"ｷｭｳﾗｷﾞﾏﾁﾎｼﾘｮｳ","townName":"厳木町星領","zipCode":"8493104"},{"prefectureJisCode":"41","cityJisCode":"41202","townNameKana":"ｷｭｳﾗｷﾞﾏﾁﾏｷｾ","townName":"厳木町牧瀬","zipCode":"8493113"},{"prefectureJisCode":"41","cityJisCode":"41202","townNameKana":"ｷｭｳﾗｷﾞﾏﾁﾓﾄﾔﾏ","townName":"厳木町本山","zipCode":"8493133"},{"prefectureJisCode":"41","cityJisCode":"41202","townNameKana":"ｷｮｳﾏﾁ","townName":"京町","zipCode":"8470045"},{"prefectureJisCode":"41","cityJisCode":"41202","townNameKana":"ｷﾀｼﾞｮｳﾅｲ","townName":"北城内","zipCode":"8470015"},{"prefectureJisCode":"41","cityJisCode":"41202","townNameKana":"ｷﾀﾊﾀｵｵｽｷﾞ","townName":"北波多大杉","zipCode":"8471212"},{"prefectureJisCode":"41","cityJisCode":"41202","townNameKana":"ｷﾀﾊﾀｶﾐﾋﾗﾉ","townName":"北波多上平野","zipCode":"8471221"},{"prefectureJisCode":"41","cityJisCode":"41202","townNameKana":"ｷﾀﾊﾀｷｼﾔﾏ","townName":"北波多岸山","zipCode":"8471211"},{"prefectureJisCode":"41","cityJisCode":"41202","townNameKana":"ｷﾀﾊﾀｼｹﾞ","townName":"北波多志気","zipCode":"8471225"},{"prefectureJisCode":"41","cityJisCode":"41202","townNameKana":"ｷﾀﾊﾀｼﾓﾋﾗﾉ","townName":"北波多下平野","zipCode":"8471223"},{"prefectureJisCode":"41","cityJisCode":"41202","townNameKana":"ｷﾀﾊﾀﾀｹｱﾘ","townName":"北波多竹有","zipCode":"8471213"},{"prefectureJisCode":"41","cityJisCode":"41202","townNameKana":"ｷﾀﾊﾀﾀﾅｶ","townName":"北波多田中","zipCode":"8471202"},{"prefectureJisCode":"41","cityJisCode":"41202","townNameKana":"ｷﾀﾊﾀﾄｸｽｴ","townName":"北波多徳須恵","zipCode":"8471201"},{"prefectureJisCode":"41","cityJisCode":"41202","townNameKana":"ｷﾀﾊﾀﾅﾙﾌﾁ","townName":"北波多成渕","zipCode":"8471222"},{"prefectureJisCode":"41","cityJisCode":"41202","townNameKana":"ｷﾀﾊﾀﾋｴﾀﾞ","townName":"北波多稗田","zipCode":"8471214"},{"prefectureJisCode":"41","cityJisCode":"41202","townNameKana":"ｷﾀﾊﾀﾔﾏﾋｺ","townName":"北波多山彦","zipCode":"8471203"},{"prefectureJisCode":"41","cityJisCode":"41202","townNameKana":"ｷﾀﾊﾀﾕｷｱｲﾉ","townName":"北波多行合野","zipCode":"8471224"},{"prefectureJisCode":"41","cityJisCode":"41202","townNameKana":"ｷﾜﾀﾏﾁ","townName":"木綿町","zipCode":"8470044"},{"prefectureJisCode":"41","cityJisCode":"41202","townNameKana":"ｸﾏﾉﾊﾗﾏﾁ","townName":"熊原町","zipCode":"8470817"},{"prefectureJisCode":"41","cityJisCode":"41202","townNameKana":"ｸﾏﾉﾐﾈ","townName":"熊ノ峰","zipCode":"8470884"},{"prefectureJisCode":"41","cityJisCode":"41202","townNameKana":"ｸﾘ","townName":"久里","zipCode":"8470033"},{"prefectureJisCode":"41","cityJisCode":"41202","townNameKana":"ｺｳﾀﾞ","townName":"神田","zipCode":"8470824"},{"prefectureJisCode":"41","cityJisCode":"41202","townNameKana":"ｺﾒﾔﾏﾁ","townName":"米屋町","zipCode":"8470054"},{"prefectureJisCode":"41","cityJisCode":"41202","townNameKana":"ｺﾝﾔﾏﾁ","townName":"紺屋町","zipCode":"8470053"},{"prefectureJisCode":"41","cityJisCode":"41202","townNameKana":"ｺﾞﾌｸﾏﾁ","townName":"呉服町","zipCode":"8470052"},{"prefectureJisCode":"41","cityJisCode":"41202","townNameKana":"ｻｶｴﾏﾁ","townName":"栄町","zipCode":"8470011"},{"prefectureJisCode":"41","cityJisCode":"41202","townNameKana":"ｻｸﾗﾉﾊﾞﾊﾞ","townName":"桜馬場","zipCode":"8470843"},{"prefectureJisCode":"41","cityJisCode":"41202","townNameKana":"ｻｸﾗﾏﾁ","townName":"桜町","zipCode":"8470104"},{"prefectureJisCode":"41","cityJisCode":"41202","townNameKana":"ｻｼ","townName":"佐志","zipCode":"8470111"},{"prefectureJisCode":"41","cityJisCode":"41202","townNameKana":"ｻｼﾅｶｻﾞﾄ","townName":"佐志中里","zipCode":"8470113"},{"prefectureJisCode":"41","cityJisCode":"41202","townNameKana":"ｻｼﾅｶﾄﾞｵﾘ","townName":"佐志中通","zipCode":"8470114"},{"prefectureJisCode":"41","cityJisCode":"41202","townNameKana":"ｻｼﾊﾏﾏﾁ","townName":"佐志浜町","zipCode":"8470115"},{"prefectureJisCode":"41","cityJisCode":"41202","townNameKana":"ｻｼﾐﾅﾐ","townName":"佐志南","zipCode":"8470112"},{"prefectureJisCode":"41","cityJisCode":"41202","townNameKana":"ｻﾞｲﾓｸﾏﾁ","townName":"材木町","zipCode":"8470061"},{"prefectureJisCode":"41","cityJisCode":"41202","townNameKana":"ｼｮｳﾅﾝﾁｮｳ","townName":"松南町","zipCode":"8470021"},{"prefectureJisCode":"41","cityJisCode":"41202","townNameKana":"ｼｹﾞｶﾜﾁ","townName":"重河内","zipCode":"8470883"},{"prefectureJisCode":"41","cityJisCode":"41202","townNameKana":"ｼﾝｺｳﾏﾁ","townName":"新興町","zipCode":"8470043"},{"prefectureJisCode":"41","cityJisCode":"41202","townNameKana":"ｼﾝｺｳﾏﾁﾆｼｼﾝｺｳﾏﾁ","townName":"新興町西新興町","zipCode":"8470816"},{"prefectureJisCode":"41","cityJisCode":"41202","townNameKana":"ｼﾝｺｳﾏﾁﾋｶﾞｼｼﾝｺｳﾏﾁ","townName":"新興町東新興町","zipCode":"8470043"},{"prefectureJisCode":"41","cityJisCode":"41202","townNameKana":"ｼﾝﾏﾁ","townName":"新町","zipCode":"8470813"},{"prefectureJisCode":"41","cityJisCode":"41202","townNameKana":"ｼﾞｭｳﾆﾝﾏﾁ","townName":"十人町","zipCode":"8470067"},{"prefectureJisCode":"41","cityJisCode":"41202","townNameKana":"ｽｶﾞﾑﾀ","townName":"菅牟田","zipCode":"8470882"},{"prefectureJisCode":"41","cityJisCode":"41202","townNameKana":"ｿｳｽﾞｲ","townName":"双水","zipCode":"8470001"},{"prefectureJisCode":"41","cityJisCode":"41202","townNameKana":"ﾀｶｻｺﾞﾏﾁ","townName":"高砂町","zipCode":"8470046"},{"prefectureJisCode":"41","cityJisCode":"41202","townNameKana":"ﾀｶｼﾏ","townName":"高島","zipCode":"8470027"},{"prefectureJisCode":"41","cityJisCode":"41202","townNameKana":"ﾀｹｺﾊﾞ","townName":"竹木場","zipCode":"8470881"},{"prefectureJisCode":"41","cityJisCode":"41202","townNameKana":"ﾀﾞｲﾐｮｳｺｳｼﾞ","townName":"大名小路","zipCode":"8470012"},{"prefectureJisCode":"41","cityJisCode":"41202","townNameKana":"ﾀﾞｲﾗ","townName":"大良","zipCode":"8470803"},{"prefectureJisCode":"41","cityJisCode":"41202","townNameKana":"ﾁｮｳﾀﾞ","townName":"町田","zipCode":"8470821"},{"prefectureJisCode":"41","cityJisCode":"41202","townNameKana":"ﾁﾁｶ","townName":"千々賀","zipCode":"8470831"},{"prefectureJisCode":"41","cityJisCode":"41202","townNameKana":"ﾁﾖﾀﾞﾏﾁ","townName":"千代田町","zipCode":"8470041"},{"prefectureJisCode":"41","cityJisCode":"41202","townNameKana":"ﾁﾝｾﾞｲﾏﾁｱｶｷﾞ","townName":"鎮西町赤木","zipCode":"8470312"},{"prefectureJisCode":"41","cityJisCode":"41202","townNameKana":"ﾁﾝｾﾞｲﾏﾁｲｼﾑﾛ","townName":"鎮西町石室","zipCode":"8470327"},{"prefectureJisCode":"41","cityJisCode":"41202","townNameKana":"ﾁﾝｾﾞｲﾏﾁｲﾜﾉ","townName":"鎮西町岩野","zipCode":"8470323"},{"prefectureJisCode":"41","cityJisCode":"41202","townNameKana":"ﾁﾝｾﾞｲﾏﾁｳﾁｱｹﾞ","townName":"鎮西町打上","zipCode":"8470322"},{"prefectureJisCode":"41","cityJisCode":"41202","townNameKana":"ﾁﾝｾﾞｲﾏﾁｶｶﾗｼﾏ","townName":"鎮西町加唐島","zipCode":"8470317"},{"prefectureJisCode":"41","cityJisCode":"41202","townNameKana":"ﾁﾝｾﾞｲﾏﾁｶｸﾗ","townName":"鎮西町加倉","zipCode":"8470325"},{"prefectureJisCode":"41","cityJisCode":"41202","townNameKana":"ﾁﾝｾﾞｲﾏﾁｸｼ","townName":"鎮西町串","zipCode":"8470403"},{"prefectureJisCode":"41","cityJisCode":"41202","townNameKana":"ﾁﾝｾﾞｲﾏﾁｺｳﾉ","townName":"鎮西町高野","zipCode":"8470324"},{"prefectureJisCode":"41","cityJisCode":"41202","townNameKana":"ﾁﾝｾﾞｲﾏﾁｼｮｳﾌﾞ","townName":"鎮西町菖蒲","zipCode":"8470314"},{"prefectureJisCode":"41","cityJisCode":"41202","townNameKana":"ﾁﾝｾﾞｲﾏﾁｼｵﾂﾞﾙ","townName":"鎮西町塩鶴","zipCode":"8470313"},{"prefectureJisCode":"41","cityJisCode":"41202","townNameKana":"ﾁﾝｾﾞｲﾏﾁﾅｶﾉ","townName":"鎮西町中野","zipCode":"8470316"},{"prefectureJisCode":"41","cityJisCode":"41202","townNameKana":"ﾁﾝｾﾞｲﾏﾁﾅｺﾞﾔ","townName":"鎮西町名護屋","zipCode":"8470401"},{"prefectureJisCode":"41","cityJisCode":"41202","townNameKana":"ﾁﾝｾﾞｲﾏﾁﾉﾓﾄ","townName":"鎮西町野元","zipCode":"8470402"},{"prefectureJisCode":"41","cityJisCode":"41202","townNameKana":"ﾁﾝｾﾞｲﾏﾁﾊﾄﾞ","townName":"鎮西町波戸","zipCode":"8470404"},{"prefectureJisCode":"41","cityJisCode":"41202","townNameKana":"ﾁﾝｾﾞｲﾏﾁﾊﾔﾀ","townName":"鎮西町早田","zipCode":"8470326"},{"prefectureJisCode":"41","cityJisCode":"41202","townNameKana":"ﾁﾝｾﾞｲﾏﾁﾏﾀﾞﾗｼﾏ","townName":"鎮西町馬渡島","zipCode":"8470405"},{"prefectureJisCode":"41","cityJisCode":"41202","townNameKana":"ﾁﾝｾﾞｲﾏﾁﾏﾂｼﾏ","townName":"鎮西町松島","zipCode":"8470406"},{"prefectureJisCode":"41","cityJisCode":"41202","townNameKana":"ﾁﾝｾﾞｲﾏﾁﾏﾙﾀﾞ","townName":"鎮西町丸田","zipCode":"8470311"},{"prefectureJisCode":"41","cityJisCode":"41202","townNameKana":"ﾁﾝｾﾞｲﾏﾁﾔﾄｺ","townName":"鎮西町八床","zipCode":"8470315"},{"prefectureJisCode":"41","cityJisCode":"41202","townNameKana":"ﾁﾝｾﾞｲﾏﾁﾖｺﾀｹ","townName":"鎮西町横竹","zipCode":"8470321"},{"prefectureJisCode":"41","cityJisCode":"41202","townNameKana":"ﾄｳﾉｶﾜ","townName":"唐川","zipCode":"8470885"},{"prefectureJisCode":"41","cityJisCode":"41202","townNameKana":"ﾄｳﾎﾞｳ","townName":"唐房","zipCode":"8470122"},{"prefectureJisCode":"41","cityJisCode":"41202","townNameKana":"ﾅｶｻﾞﾄ","townName":"中里","zipCode":"8470134"},{"prefectureJisCode":"41","cityJisCode":"41202","townNameKana":"ﾅｶﾉｾﾄﾞｵﾘ","townName":"中瀬通","zipCode":"8470101"},{"prefectureJisCode":"41","cityJisCode":"41202","townNameKana":"ﾅｶﾊﾞﾙ","townName":"中原","zipCode":"8470034"},{"prefectureJisCode":"41","cityJisCode":"41202","townNameKana":"ﾅｶﾏﾁ","townName":"中町","zipCode":"8470051"},{"prefectureJisCode":"41","cityJisCode":"41202","townNameKana":"ﾅｶﾔﾏﾏﾁ","townName":"中山町","zipCode":"8470862"},{"prefectureJisCode":"41","cityJisCode":"41202","townNameKana":"ﾅｶﾞﾀﾆ","townName":"長谷","zipCode":"8470822"},{"prefectureJisCode":"41","cityJisCode":"41202","townNameKana":"ﾅｼｶﾞﾜﾁ","townName":"梨川内","zipCode":"8470802"},{"prefectureJisCode":"41","cityJisCode":"41202","townNameKana":"ﾅﾅﾔﾏｱﾗｶﾜ","townName":"七山荒川","zipCode":"8471101"},{"prefectureJisCode":"41","cityJisCode":"41202","townNameKana":"ﾅﾅﾔﾏｲｹﾊﾞﾙ","townName":"七山池原","zipCode":"8471103"},{"prefectureJisCode":"41","cityJisCode":"41202","townNameKana":"ﾅﾅﾔﾏｷｳﾗ","townName":"七山木浦","zipCode":"8471104"},{"prefectureJisCode":"41","cityJisCode":"41202","townNameKana":"ﾅﾅﾔﾏｼﾗｷ","townName":"七山白木","zipCode":"8471108"},{"prefectureJisCode":"41","cityJisCode":"41202","townNameKana":"ﾅﾅﾔﾏﾀｷｶﾞﾜ","townName":"七山滝川","zipCode":"8471106"},{"prefectureJisCode":"41","cityJisCode":"41202","townNameKana":"ﾅﾅﾔﾏﾆﾌﾞ","townName":"七山仁部","zipCode":"8471105"},{"prefectureJisCode":"41","cityJisCode":"41202","townNameKana":"ﾅﾅﾔﾏﾌｼﾞｶﾜ","townName":"七山藤川","zipCode":"8471107"},{"prefectureJisCode":"41","cityJisCode":"41202","townNameKana":"ﾅﾅﾔﾏﾏﾉｶﾜ","townName":"七山馬川","zipCode":"8471102"},{"prefectureJisCode":"41","cityJisCode":"41202","townNameKana":"ﾅﾊﾞﾀｹ","townName":"菜畑","zipCode":"8470844"},{"prefectureJisCode":"41","cityJisCode":"41202","townNameKana":"ﾆｼｵｵｼﾏﾏﾁ","townName":"西大島町","zipCode":"8470872"},{"prefectureJisCode":"41","cityJisCode":"41202","townNameKana":"ﾆｼｶﾗﾂ","townName":"西唐津","zipCode":"8470875"},{"prefectureJisCode":"41","cityJisCode":"41202","townNameKana":"ﾆｼｼﾞｮｳﾅｲ","townName":"西城内","zipCode":"8470014"},{"prefectureJisCode":"41","cityJisCode":"41202","townNameKana":"ﾆｼﾃﾞﾗﾏﾁ","townName":"西寺町","zipCode":"8470815"},{"prefectureJisCode":"41","cityJisCode":"41202","townNameKana":"ﾆｼﾊﾀﾏﾁ","townName":"西旗町","zipCode":"8470854"},{"prefectureJisCode":"41","cityJisCode":"41202","townNameKana":"ﾆｼﾊﾏﾏﾁ","townName":"西浜町","zipCode":"8470855"},{"prefectureJisCode":"41","cityJisCode":"41202","townNameKana":"ﾊｼﾓﾄ","townName":"橋本","zipCode":"8470003"},{"prefectureJisCode":"41","cityJisCode":"41202","townNameKana":"ﾊｼﾓﾄﾏﾁ","townName":"橋本町","zipCode":"8470103"},{"prefectureJisCode":"41","cityJisCode":"41202","townNameKana":"ﾊﾀｼﾏ","townName":"畑島","zipCode":"8470833"},{"prefectureJisCode":"41","cityJisCode":"41202","townNameKana":"ﾊﾀﾞ","townName":"半田","zipCode":"8470023"},{"prefectureJisCode":"41","cityJisCode":"41202","townNameKana":"ﾊﾄｶﾞﾜ","townName":"鳩川","zipCode":"8470121"},{"prefectureJisCode":"41","cityJisCode":"41202","townNameKana":"ﾊﾏﾀﾏﾏﾁｵｵｴ","townName":"浜玉町大江","zipCode":"8495103"},{"prefectureJisCode":"41","cityJisCode":"41202","townNameKana":"ﾊﾏﾀﾏﾏﾁｵｶｸﾞﾁ","townName":"浜玉町岡口","zipCode":"8495101"},{"prefectureJisCode":"41","cityJisCode":"41202","townNameKana":"ﾊﾏﾀﾏﾏﾁｺﾞﾀﾝﾀﾞ","townName":"浜玉町五反田","zipCode":"8495102"},{"prefectureJisCode":"41","cityJisCode":"41202","townNameKana":"ﾊﾏﾀﾏﾏﾁﾀﾆｸﾞﾁ","townName":"浜玉町谷口","zipCode":"8495105"},{"prefectureJisCode":"41","cityJisCode":"41202","townNameKana":"ﾊﾏﾀﾏﾏﾁﾄﾘｽ","townName":"浜玉町鳥巣","zipCode":"8495113"},{"prefectureJisCode":"41","cityJisCode":"41202","townNameKana":"ﾊﾏﾀﾏﾏﾁﾊﾏｻｷ","townName":"浜玉町浜崎","zipCode":"8495131"},{"prefectureJisCode":"41","cityJisCode":"41202","townNameKana":"ﾊﾏﾀﾏﾏﾁﾋｶﾞｼﾔﾏﾀﾞ","townName":"浜玉町東山田","zipCode":"8495123"},{"prefectureJisCode":"41","cityJisCode":"41202","townNameKana":"ﾊﾏﾀﾏﾏﾁﾋﾗﾊﾞﾙ","townName":"浜玉町平原","zipCode":"8495112"},{"prefectureJisCode":"41","cityJisCode":"41202","townNameKana":"ﾊﾏﾀﾏﾏﾁﾌﾁﾉｳｴ","townName":"浜玉町渕上","zipCode":"8495104"},{"prefectureJisCode":"41","cityJisCode":"41202","townNameKana":"ﾊﾏﾀﾏﾏﾁﾐﾅﾐﾔﾏ","townName":"浜玉町南山","zipCode":"8495111"},{"prefectureJisCode":"41","cityJisCode":"41202","townNameKana":"ﾊﾏﾀﾏﾏﾁﾔﾏｾ","townName":"浜玉町山瀬","zipCode":"8495124"},{"prefectureJisCode":"41","cityJisCode":"41202","townNameKana":"ﾊﾏﾀﾏﾏﾁﾖｺﾀｶﾐ","townName":"浜玉町横田上","zipCode":"8495121"},{"prefectureJisCode":"41","cityJisCode":"41202","townNameKana":"ﾊﾏﾀﾏﾏﾁﾖｺﾀｼﾓ","townName":"浜玉町横田下","zipCode":"8495122"},{"prefectureJisCode":"41","cityJisCode":"41202","townNameKana":"ﾊﾙ","townName":"原","zipCode":"8470031"},{"prefectureJisCode":"41","cityJisCode":"41202","townNameKana":"ﾋｶﾞｼｳｷ","townName":"東宇木","zipCode":"8470024"},{"prefectureJisCode":"41","cityJisCode":"41202","townNameKana":"ﾋｶﾞｼｵｵｼﾏﾏﾁ","townName":"東大島町","zipCode":"8470871"},{"prefectureJisCode":"41","cityJisCode":"41202","townNameKana":"ﾋｶﾞｼｶﾗﾂ","townName":"東唐津","zipCode":"8470017"},{"prefectureJisCode":"41","cityJisCode":"41202","townNameKana":"ﾋｶﾞｼｼﾞｮｳﾅｲ","townName":"東城内","zipCode":"8470016"},{"prefectureJisCode":"41","cityJisCode":"41202","townNameKana":"ﾋｶﾞｼﾏﾁ","townName":"東町","zipCode":"8470063"},{"prefectureJisCode":"41","cityJisCode":"41202","townNameKana":"ﾋｶﾞｼﾔﾏ","townName":"東山","zipCode":"8470801"},{"prefectureJisCode":"41","cityJisCode":"41202","townNameKana":"ﾋｾﾞﾝﾏﾁｱｶｻｶ","townName":"肥前町赤坂","zipCode":"8471502"},{"prefectureJisCode":"41","cityJisCode":"41202","townNameKana":"ﾋｾﾞﾝﾏﾁｱｹﾞｸﾗ","townName":"肥前町上ケ倉","zipCode":"8471517"},{"prefectureJisCode":"41","cityJisCode":"41202","townNameKana":"ﾋｾﾞﾝﾏﾁｲﾇｶﾞｼﾗ","townName":"肥前町犬頭","zipCode":"8471522"},{"prefectureJisCode":"41","cityJisCode":"41202","townNameKana":"ﾋｾﾞﾝﾏﾁｲﾘﾉ","townName":"肥前町入野","zipCode":"8471526"},{"prefectureJisCode":"41","cityJisCode":"41202","townNameKana":"ﾋｾﾞﾝﾏﾁｳﾒｻﾞｷ","townName":"肥前町梅崎","zipCode":"8471512"},{"prefectureJisCode":"41","cityJisCode":"41202","townNameKana":"ﾋｾﾞﾝﾏﾁｳﾘｶﾞｻｶ","townName":"肥前町瓜ケ坂","zipCode":"8471516"},{"prefectureJisCode":"41","cityJisCode":"41202","townNameKana":"ﾋｾﾞﾝﾏﾁｵｵｳﾗ","townName":"肥前町大浦","zipCode":"8471506"},{"prefectureJisCode":"41","cityJisCode":"41202","townNameKana":"ﾋｾﾞﾝﾏﾁｷﾘｺﾞ","townName":"肥前町切木","zipCode":"8471501"},{"prefectureJisCode":"41","cityJisCode":"41202","townNameKana":"ﾋｾﾞﾝﾏﾁｽｷﾞﾉｳﾗ","townName":"肥前町杉野浦","zipCode":"8471505"},{"prefectureJisCode":"41","cityJisCode":"41202","townNameKana":"ﾋｾﾞﾝﾏﾁﾀﾉ","townName":"肥前町田野","zipCode":"8471521"},{"prefectureJisCode":"41","cityJisCode":"41202","townNameKana":"ﾋｾﾞﾝﾏﾁﾂﾙﾏｷ","townName":"肥前町鶴牧","zipCode":"8471527"},{"prefectureJisCode":"41","cityJisCode":"41202","townNameKana":"ﾋｾﾞﾝﾏﾁﾃﾗｳﾗ","townName":"肥前町寺浦","zipCode":"8471513"},{"prefectureJisCode":"41","cityJisCode":"41202","townNameKana":"ﾋｾﾞﾝﾏﾁﾅｶｳﾗ","townName":"肥前町中浦","zipCode":"8471504"},{"prefectureJisCode":"41","cityJisCode":"41202","townNameKana":"ﾋｾﾞﾝﾏﾁﾆｲｺﾊﾞ","townName":"肥前町新木場","zipCode":"8471511"},{"prefectureJisCode":"41","cityJisCode":"41202","townNameKana":"ﾋｾﾞﾝﾏﾁﾆﾀﾉｵ","townName":"肥前町仁田野尾","zipCode":"8471514"},{"prefectureJisCode":"41","cityJisCode":"41202","townNameKana":"ﾋｾﾞﾝﾏﾁﾉｳｻ","townName":"肥前町納所","zipCode":"8471525"},{"prefectureJisCode":"41","cityJisCode":"41202","townNameKana":"ﾋｾﾞﾝﾏﾁﾎｼｶ","townName":"肥前町星賀","zipCode":"8471523"},{"prefectureJisCode":"41","cityJisCode":"41202","townNameKana":"ﾋｾﾞﾝﾏﾁﾏｶﾞﾘｶﾜ","townName":"肥前町万賀里川","zipCode":"8471515"},{"prefectureJisCode":"41","cityJisCode":"41202","townNameKana":"ﾋｾﾞﾝﾏﾁﾐﾂｺｼ","townName":"肥前町満越","zipCode":"8471507"},{"prefectureJisCode":"41","cityJisCode":"41202","townNameKana":"ﾋｾﾞﾝﾏﾁﾑｸｼﾏ","townName":"肥前町向島","zipCode":"8471524"},{"prefectureJisCode":"41","cityJisCode":"41202","townNameKana":"ﾋｾﾞﾝﾏﾁﾕﾉｳﾗ","townName":"肥前町湯野浦","zipCode":"8471503"},{"prefectureJisCode":"41","cityJisCode":"41202","townNameKana":"ﾋﾗﾉﾏﾁ","townName":"平野町","zipCode":"8470812"},{"prefectureJisCode":"41","cityJisCode":"41202","townNameKana":"ﾌｼﾞｻｷﾄﾞｵﾘ","townName":"藤崎通","zipCode":"8470874"},{"prefectureJisCode":"41","cityJisCode":"41202","townNameKana":"ﾌｼﾞﾐﾏﾁ","townName":"富士見町","zipCode":"8470851"},{"prefectureJisCode":"41","cityJisCode":"41202","townNameKana":"ﾌﾀｺﾞ","townName":"二タ子","zipCode":"8470861"},{"prefectureJisCode":"41","cityJisCode":"41202","townNameKana":"ﾌﾅﾐﾔﾏﾁ","townName":"船宮町","zipCode":"8470062"},{"prefectureJisCode":"41","cityJisCode":"41202","townNameKana":"ﾎﾝﾏﾁ","townName":"本町","zipCode":"8470047"},{"prefectureJisCode":"41","cityJisCode":"41202","townNameKana":"ﾎﾞｳｽﾞﾏﾁ","townName":"坊主町","zipCode":"8470056"},{"prefectureJisCode":"41","cityJisCode":"41202","townNameKana":"ﾐｮｳｹﾝﾏﾁ","townName":"妙見町","zipCode":"8470863"},{"prefectureJisCode":"41","cityJisCode":"41202","townNameKana":"ﾐﾅﾄﾏﾁ","townName":"湊町","zipCode":"8470133"},{"prefectureJisCode":"41","cityJisCode":"41202","townNameKana":"ﾐﾅﾐｼﾞｮｳﾅｲ","townName":"南城内","zipCode":"8470013"},{"prefectureJisCode":"41","cityJisCode":"41202","townNameKana":"ﾐﾅﾐﾌｼﾞﾐﾁｮｳ","townName":"南富士見町","zipCode":"8470876"},{"prefectureJisCode":"41","cityJisCode":"41202","townNameKana":"ﾐﾙｶｼ","townName":"見借","zipCode":"8470825"},{"prefectureJisCode":"41","cityJisCode":"41202","townNameKana":"ﾓﾄｲｼﾏﾁ","townName":"元石町","zipCode":"8470064"},{"prefectureJisCode":"41","cityJisCode":"41202","townNameKana":"ﾓﾄﾊﾀﾏﾁ","townName":"元旗町","zipCode":"8470852"},{"prefectureJisCode":"41","cityJisCode":"41202","townNameKana":"ﾔｵﾔﾏﾁ","townName":"八百屋町","zipCode":"8470811"},{"prefectureJisCode":"41","cityJisCode":"41202","townNameKana":"ﾔｶﾀｲｼ","townName":"屋形石","zipCode":"8470135"},{"prefectureJisCode":"41","cityJisCode":"41202","townNameKana":"ﾔﾊﾀﾏﾁ","townName":"八幡町","zipCode":"8470102"},{"prefectureJisCode":"41","cityJisCode":"41202","townNameKana":"ﾔﾌﾞﾀ","townName":"養母田","zipCode":"8470004"},{"prefectureJisCode":"41","cityJisCode":"41202","townNameKana":"ﾔﾌﾞﾀｵﾆﾂﾞｶ","townName":"養母田鬼塚","zipCode":"8470005"},{"prefectureJisCode":"41","cityJisCode":"41202","townNameKana":"ﾔﾏｼﾀﾏﾁ","townName":"山下町","zipCode":"8470842"},{"prefectureJisCode":"41","cityJisCode":"41202","townNameKana":"ﾔﾏﾀﾞ","townName":"山田","zipCode":"8470834"},{"prefectureJisCode":"41","cityJisCode":"41202","townNameKana":"ﾔﾏﾓﾄ","townName":"山本","zipCode":"8470002"},{"prefectureJisCode":"41","cityJisCode":"41202","townNameKana":"ﾕｳﾋ","townName":"夕日","zipCode":"8470032"},{"prefectureJisCode":"41","cityJisCode":"41202","townNameKana":"ﾕﾐﾀｶﾏﾁ","townName":"弓鷹町","zipCode":"8470814"},{"prefectureJisCode":"41","cityJisCode":"41202","townNameKana":"ﾖｺﾉ","townName":"横野","zipCode":"8470136"},{"prefectureJisCode":"41","cityJisCode":"41202","townNameKana":"ﾖﾌﾞｺﾁｮｳｵｵﾄﾞﾓ","townName":"呼子町大友","zipCode":"8470301"},{"prefectureJisCode":"41","cityJisCode":"41202","townNameKana":"ﾖﾌﾞｺﾁｮｳｵｶﾞﾜｼﾏ","townName":"呼子町小川島","zipCode":"8470306"},{"prefectureJisCode":"41","cityJisCode":"41202","townNameKana":"ﾖﾌﾞｺﾁｮｳｶﾍﾞｼﾏ","townName":"呼子町加部島","zipCode":"8470305"},{"prefectureJisCode":"41","cityJisCode":"41202","townNameKana":"ﾖﾌﾞｺﾁｮｳｺﾄﾞﾓ","townName":"呼子町小友","zipCode":"8470302"},{"prefectureJisCode":"41","cityJisCode":"41202","townNameKana":"ﾖﾌﾞｺﾁｮｳﾄﾉﾉｳﾗ","townName":"呼子町殿ノ浦","zipCode":"8470304"},{"prefectureJisCode":"41","cityJisCode":"41202","townNameKana":"ﾖﾌﾞｺﾁｮｳﾖﾌﾞｺ","townName":"呼子町呼子","zipCode":"8470303"},{"prefectureJisCode":"41","cityJisCode":"41202","townNameKana":"ﾜﾀﾀﾞｱﾏﾏﾁ","townName":"和多田海士町","zipCode":"8470071"},{"prefectureJisCode":"41","cityJisCode":"41202","townNameKana":"ﾜﾀﾀﾞｵｵﾄﾞｲ","townName":"和多田大土井","zipCode":"8470083"},{"prefectureJisCode":"41","cityJisCode":"41202","townNameKana":"ﾜﾀﾀﾞｻｷｲｼ","townName":"和多田先石","zipCode":"8470074"},{"prefectureJisCode":"41","cityJisCode":"41202","townNameKana":"ﾜﾀﾀﾞﾃﾝﾏﾝﾁｮｳ","townName":"和多田天満町","zipCode":"8470082"},{"prefectureJisCode":"41","cityJisCode":"41202","townNameKana":"ﾜﾀﾀﾞﾆｼﾔﾏ","townName":"和多田西山","zipCode":"8470084"},{"prefectureJisCode":"41","cityJisCode":"41202","townNameKana":"ﾜﾀﾀﾞﾋｬｸﾆﾝﾏﾁ","townName":"和多田百人町","zipCode":"8470072"},{"prefectureJisCode":"41","cityJisCode":"41202","townNameKana":"ﾜﾀﾀﾞﾋｶﾞｼﾋｬｸﾆﾝﾏﾁ","townName":"和多田東百人町","zipCode":"8470073"},{"prefectureJisCode":"41","cityJisCode":"41202","townNameKana":"ﾜﾀﾀﾞﾎﾝﾑﾗ","townName":"和多田本村","zipCode":"8470085"},{"prefectureJisCode":"41","cityJisCode":"41202","townNameKana":"ﾜﾀﾀﾞﾐﾅﾐｻｷｲｼ","townName":"和多田南先石","zipCode":"8470081"},{"prefectureJisCode":"41","cityJisCode":"41202","townNameKana":"ﾜﾀﾀﾞﾖｳｼﾞｬｸ","townName":"和多田用尺","zipCode":"8470075"}]