[{"prefectureJisCode":"41","cityJisCode":"41207","townNameKana":"ｲｲﾀﾞ","townName":"飯田","zipCode":"8491324"},{"prefectureJisCode":"41","cityJisCode":"41207","townNameKana":"ｲﾃﾞ","townName":"井手","zipCode":"8491302"},{"prefectureJisCode":"41","cityJisCode":"41207","townNameKana":"ｵﾄﾅﾘ","townName":"音成","zipCode":"8491323"},{"prefectureJisCode":"41","cityJisCode":"41207","townNameKana":"ｼﾞｭｳﾉｷ","townName":"重ノ木","zipCode":"8491313"},{"prefectureJisCode":"41","cityJisCode":"41207","townNameKana":"ﾀｶﾂﾊﾗ","townName":"高津原","zipCode":"8491311"},{"prefectureJisCode":"41","cityJisCode":"41207","townNameKana":"ﾂﾈﾋﾛ","townName":"常広","zipCode":"8491301"},{"prefectureJisCode":"41","cityJisCode":"41207","townNameKana":"ﾅｶﾑﾗ","townName":"中村","zipCode":"8491304"},{"prefectureJisCode":"41","cityJisCode":"41207","townNameKana":"ﾉｳﾄﾞﾐﾌﾞﾝ","townName":"納富分","zipCode":"8491312"},{"prefectureJisCode":"41","cityJisCode":"41207","townNameKana":"ﾊﾏﾏﾁ","townName":"浜町","zipCode":"8491322"},{"prefectureJisCode":"41","cityJisCode":"41207","townNameKana":"ﾌﾙｴﾀﾞ","townName":"古枝","zipCode":"8491321"},{"prefectureJisCode":"41","cityJisCode":"41207","townNameKana":"ﾐｶﾜﾁ","townName":"三河内","zipCode":"8491315"},{"prefectureJisCode":"41","cityJisCode":"41207","townNameKana":"ﾓﾘ","townName":"森","zipCode":"8491303"},{"prefectureJisCode":"41","cityJisCode":"41207","townNameKana":"ﾔﾏｳﾗ","townName":"山浦","zipCode":"8491314"}]