[{"prefectureJisCode":"41","cityJisCode":"41341","townNameKana":"ｹﾔｷﾀﾞｲ","townName":"けやき台","zipCode":"8410205"},{"prefectureJisCode":"41","cityJisCode":"41341","townNameKana":"ｺｸﾗ","townName":"小倉","zipCode":"8410201"},{"prefectureJisCode":"41","cityJisCode":"41341","townNameKana":"ｿﾉﾍﾞ","townName":"園部","zipCode":"8410203"},{"prefectureJisCode":"41","cityJisCode":"41341","townNameKana":"ﾅｶﾞﾉ","townName":"長野","zipCode":"8410202"},{"prefectureJisCode":"41","cityJisCode":"41341","townNameKana":"ﾐﾔｳﾗ","townName":"宮浦","zipCode":"8410204"}]