[{"prefectureJisCode":"07","cityJisCode":"07204","townNameKana":"ｱｽﾞﾏﾀﾞﾏﾁ","townName":"東田町","zipCode":"9748212"},{"prefectureJisCode":"07","cityJisCode":"07204","townNameKana":"ｲｼﾂﾞｶﾏﾁ","townName":"石塚町","zipCode":"9748213"},{"prefectureJisCode":"07","cityJisCode":"07204","townNameKana":"ｲｼﾓﾘ","townName":"石森","zipCode":"9708017"},{"prefectureJisCode":"07","cityJisCode":"07204","townNameKana":"ｲｽﾞﾐｶﾞｵｶ","townName":"泉ケ丘","zipCode":"9718171"},{"prefectureJisCode":"07","cityJisCode":"07204","townNameKana":"ｲｽﾞﾐﾀﾏﾂﾕ","townName":"泉玉露","zipCode":"9718172"},{"prefectureJisCode":"07","cityJisCode":"07204","townNameKana":"ｲｽﾞﾐﾏﾁ","townName":"泉町","zipCode":"9718185"},{"prefectureJisCode":"07","cityJisCode":"07204","townNameKana":"ｲｽﾞﾐﾏﾁｸﾛｽﾉ","townName":"泉町黒須野","zipCode":"9718184"},{"prefectureJisCode":"07","cityJisCode":"07204","townNameKana":"ｲｽﾞﾐﾏﾁｼﾓｶﾞﾜ","townName":"泉町下川","zipCode":"9718183"},{"prefectureJisCode":"07","cityJisCode":"07204","townNameKana":"ｲｽﾞﾐﾏﾁﾀｷｼﾞﾘ","townName":"泉町滝尻","zipCode":"9718182"},{"prefectureJisCode":"07","cityJisCode":"07204","townNameKana":"ｲｽﾞﾐﾏﾁﾀﾏﾂﾕ","townName":"泉町玉露","zipCode":"9718186"},{"prefectureJisCode":"07","cityJisCode":"07204","townNameKana":"ｲｽﾞﾐﾏﾁﾎﾝﾔ","townName":"泉町本谷","zipCode":"9718181"},{"prefectureJisCode":"07","cityJisCode":"07204","townNameKana":"ｲｽﾞﾐﾓｴｷﾞﾀﾞｲ","townName":"泉もえぎ台","zipCode":"9718188"},{"prefectureJisCode":"07","cityJisCode":"07204","townNameKana":"ｲﾜﾏﾏﾁ","townName":"岩間町","zipCode":"9748222"},{"prefectureJisCode":"07","cityJisCode":"07204","townNameKana":"ｳｴﾀﾞﾏﾁ","townName":"植田町","zipCode":"9748261"},{"prefectureJisCode":"07","cityJisCode":"07204","townNameKana":"ｳｼﾛﾀﾞﾏﾁ","townName":"後田町","zipCode":"9748203"},{"prefectureJisCode":"07","cityJisCode":"07204","townNameKana":"ｳｽｲｿ","townName":"薄磯","zipCode":"9700229"},{"prefectureJisCode":"07","cityJisCode":"07204","townNameKana":"ｳﾁｺﾞｳｳﾁﾏﾁ","townName":"内郷内町","zipCode":"9738404"},{"prefectureJisCode":"07","cityJisCode":"07204","townNameKana":"ｳﾁｺﾞｳｵｼﾞﾏﾏﾁ","townName":"内郷小島町","zipCode":"9738401"},{"prefectureJisCode":"07","cityJisCode":"07204","townNameKana":"ｳﾁｺﾞｳｺｳﾔﾏﾁ","townName":"内郷高野町","zipCode":"9738406"},{"prefectureJisCode":"07","cityJisCode":"07204","townNameKana":"ｳﾁｺﾞｳｼﾗﾐｽﾞﾏﾁ","townName":"内郷白水町","zipCode":"9738405"},{"prefectureJisCode":"07","cityJisCode":"07204","townNameKana":"ｳﾁｺﾞｳﾀｶｻｶﾏﾁ","townName":"内郷高坂町","zipCode":"9738408"},{"prefectureJisCode":"07","cityJisCode":"07204","townNameKana":"ｳﾁｺﾞｳﾂﾂﾞﾗﾏﾁ","townName":"内郷綴町","zipCode":"9738403"},{"prefectureJisCode":"07","cityJisCode":"07204","townNameKana":"ｳﾁｺﾞｳﾐﾀﾞｲｻｶｲﾏﾁ","townName":"内郷御台境町","zipCode":"9738409"},{"prefectureJisCode":"07","cityJisCode":"07204","townNameKana":"ｳﾁｺﾞｳﾐﾏﾔﾏﾁ","townName":"内郷御厩町","zipCode":"9738402"},{"prefectureJisCode":"07","cityJisCode":"07204","townNameKana":"ｳﾁｺﾞｳﾐﾔﾏﾁ","townName":"内郷宮町","zipCode":"9738407"},{"prefectureJisCode":"07","cityJisCode":"07204","townNameKana":"ｴﾅ","townName":"江名","zipCode":"9700311"},{"prefectureJisCode":"07","cityJisCode":"07204","townNameKana":"ｴﾊﾞﾀﾏﾁ","townName":"江畑町","zipCode":"9748201"},{"prefectureJisCode":"07","cityJisCode":"07204","townNameKana":"ｵｵﾋｻﾏﾁｵｵﾋｻ","townName":"大久町大久","zipCode":"9790338"},{"prefectureJisCode":"07","cityJisCode":"07204","townNameKana":"ｵｵﾋｻﾏﾁｵﾔﾏﾀﾞ","townName":"大久町小山田","zipCode":"9790336"},{"prefectureJisCode":"07","cityJisCode":"07204","townNameKana":"ｵｵﾋｻﾏﾁｺﾋｻ","townName":"大久町小久","zipCode":"9790337"},{"prefectureJisCode":"07","cityJisCode":"07204","townNameKana":"ｵｶﾞﾜﾏﾁｳﾜﾀﾞｲﾗ","townName":"小川町上平","zipCode":"9793112"},{"prefectureJisCode":"07","cityJisCode":"07204","townNameKana":"ｵｶﾞﾜﾏﾁｶﾐｵｶﾞﾜ","townName":"小川町上小川","zipCode":"9793124"},{"prefectureJisCode":"07","cityJisCode":"07204","townNameKana":"ｵｶﾞﾜﾏﾁｼｵﾀﾞ","townName":"小川町塩田","zipCode":"9793123"},{"prefectureJisCode":"07","cityJisCode":"07204","townNameKana":"ｵｶﾞﾜﾏﾁｼﾊﾞﾊﾗ","townName":"小川町柴原","zipCode":"9793111"},{"prefectureJisCode":"07","cityJisCode":"07204","townNameKana":"ｵｶﾞﾜﾏﾁｼﾓｵｶﾞﾜ","townName":"小川町下小川","zipCode":"9793115"},{"prefectureJisCode":"07","cityJisCode":"07204","townNameKana":"ｵｶﾞﾜﾏﾁｾｷﾊﾞ","townName":"小川町関場","zipCode":"9793114"},{"prefectureJisCode":"07","cityJisCode":"07204","townNameKana":"ｵｶﾞﾜﾏﾁﾀｶﾊｷﾞ","townName":"小川町高萩","zipCode":"9793122"},{"prefectureJisCode":"07","cityJisCode":"07204","townNameKana":"ｵｶﾞﾜﾏﾁﾆｼｵｶﾞﾜ","townName":"小川町西小川","zipCode":"9793121"},{"prefectureJisCode":"07","cityJisCode":"07204","townNameKana":"ｵｶﾞﾜﾏﾁﾌｸｵｶ","townName":"小川町福岡","zipCode":"9793125"},{"prefectureJisCode":"07","cityJisCode":"07204","townNameKana":"ｵｶﾞﾜﾏﾁﾐｼﾏ","townName":"小川町三島","zipCode":"9793113"},{"prefectureJisCode":"07","cityJisCode":"07204","townNameKana":"ｵｼﾞﾏﾏﾁ","townName":"小島町","zipCode":"9738411"},{"prefectureJisCode":"07","cityJisCode":"07204","townNameKana":"ｵﾅﾊﾏ","townName":"小名浜","zipCode":"9718101"},{"prefectureJisCode":"07","cityJisCode":"07204","townNameKana":"ｵﾅﾊﾏｱｲｺｼﾏ","townName":"小名浜相子島","zipCode":"9718123"},{"prefectureJisCode":"07","cityJisCode":"07204","townNameKana":"ｵﾅﾊﾏｱﾀｺﾞｳｴ","townName":"小名浜愛宕上","zipCode":"9718166"},{"prefectureJisCode":"07","cityJisCode":"07204","townNameKana":"ｵﾅﾊﾏｱﾀｺﾞﾁｮｳ","townName":"小名浜愛宕町","zipCode":"9718165"},{"prefectureJisCode":"07","cityJisCode":"07204","townNameKana":"ｵﾅﾊﾏｲﾜﾃﾞ","townName":"小名浜岩出","zipCode":"9718121"},{"prefectureJisCode":"07","cityJisCode":"07204","townNameKana":"ｵﾅﾊﾏｵｵﾊﾗ","townName":"小名浜大原","zipCode":"9718111"},{"prefectureJisCode":"07","cityJisCode":"07204","townNameKana":"ｵﾅﾊﾏｵｶｵﾅ","townName":"小名浜岡小名","zipCode":"9718151"},{"prefectureJisCode":"07","cityJisCode":"07204","townNameKana":"ｵﾅﾊﾏｶﾅﾘ","townName":"小名浜金成","zipCode":"9718135"},{"prefectureJisCode":"07","cityJisCode":"07204","townNameKana":"ｵﾅﾊﾏｶﾐｶｼﾞﾛ","townName":"小名浜上神白","zipCode":"9700317"},{"prefectureJisCode":"07","cityJisCode":"07204","townNameKana":"ｵﾅﾊﾏｷﾐｶﾞﾂｶﾁｮｳ","townName":"小名浜君ケ塚町","zipCode":"9718168"},{"prefectureJisCode":"07","cityJisCode":"07204","townNameKana":"ｵﾅﾊﾏｼﾏ","townName":"小名浜島","zipCode":"9718125"},{"prefectureJisCode":"07","cityJisCode":"07204","townNameKana":"ｵﾅﾊﾏｼﾓｶｼﾞﾛ","townName":"小名浜下神白","zipCode":"9700316"},{"prefectureJisCode":"07","cityJisCode":"07204","townNameKana":"ｵﾅﾊﾏｽﾐﾖｼ","townName":"小名浜住吉","zipCode":"9718124"},{"prefectureJisCode":"07","cityJisCode":"07204","townNameKana":"ｵﾅﾊﾏｽﾜﾁｮｳ","townName":"小名浜諏訪町","zipCode":"9718161"},{"prefectureJisCode":"07","cityJisCode":"07204","townNameKana":"ｵﾅﾊﾏﾀﾏｶﾞﾜﾏﾁ","townName":"小名浜玉川町","zipCode":"9718127"},{"prefectureJisCode":"07","cityJisCode":"07204","townNameKana":"ｵﾅﾊﾏﾃﾗﾏﾜﾘﾁｮｳ","townName":"小名浜寺廻町","zipCode":"9718164"},{"prefectureJisCode":"07","cityJisCode":"07204","townNameKana":"ｵﾅﾊﾏﾅｶﾁｮｳｻﾞｶｲ","townName":"小名浜中町境","zipCode":"9718163"},{"prefectureJisCode":"07","cityJisCode":"07204","townNameKana":"ｵﾅﾊﾏﾆｼｷﾐｶﾞﾂｶﾁｮｳ","townName":"小名浜西君ケ塚町","zipCode":"9718167"},{"prefectureJisCode":"07","cityJisCode":"07204","townNameKana":"ｵﾅﾊﾏﾆｼﾁｮｳ","townName":"小名浜西町","zipCode":"9718164"},{"prefectureJisCode":"07","cityJisCode":"07204","townNameKana":"ｵﾅﾊﾏﾉﾀﾞ","townName":"小名浜野田","zipCode":"9718126"},{"prefectureJisCode":"07","cityJisCode":"07204","townNameKana":"ｵﾅﾊﾏﾊﾅﾊﾞﾀｹﾁｮｳ","townName":"小名浜花畑町","zipCode":"9718162"},{"prefectureJisCode":"07","cityJisCode":"07204","townNameKana":"ｵﾅﾊﾏﾐﾅﾄｶﾞｵｶ","townName":"小名浜港ケ丘","zipCode":"9718102"},{"prefectureJisCode":"07","cityJisCode":"07204","townNameKana":"ｵﾅﾊﾏﾐﾅﾐｷﾐｶﾞﾂｶﾁｮｳ","townName":"小名浜南君ケ塚町","zipCode":"9718169"},{"prefectureJisCode":"07","cityJisCode":"07204","townNameKana":"ｵﾅﾊﾏﾐﾅﾐﾄﾐｵｶ","townName":"小名浜南富岡","zipCode":"9718112"},{"prefectureJisCode":"07","cityJisCode":"07204","townNameKana":"ｵﾅﾊﾏﾘﾝｼﾞｮｳ","townName":"小名浜林城","zipCode":"9718122"},{"prefectureJisCode":"07","cityJisCode":"07204","townNameKana":"ｵﾊﾞﾏﾏﾁ","townName":"小浜町","zipCode":"9748221"},{"prefectureJisCode":"07","cityJisCode":"07204","townNameKana":"ｵﾘﾄ","townName":"折戸","zipCode":"9700312"},{"prefectureJisCode":"07","cityJisCode":"07204","townNameKana":"ｶｼﾏﾏﾁｲｲﾀﾞ","townName":"鹿島町飯田","zipCode":"9718134"},{"prefectureJisCode":"07","cityJisCode":"07204","townNameKana":"ｶｼﾏﾏﾁｶｼﾏ","townName":"鹿島町鹿島","zipCode":"9718139"},{"prefectureJisCode":"07","cityJisCode":"07204","townNameKana":"ｶｼﾏﾏﾁｶﾐｸﾗﾓﾁ","townName":"鹿島町上蔵持","zipCode":"9718142"},{"prefectureJisCode":"07","cityJisCode":"07204","townNameKana":"ｶｼﾏﾏﾁｸﾎﾞ","townName":"鹿島町久保","zipCode":"9718144"},{"prefectureJisCode":"07","cityJisCode":"07204","townNameKana":"ｶｼﾏﾏﾁｺﾓﾀﾞ","townName":"鹿島町米田","zipCode":"9718133"},{"prefectureJisCode":"07","cityJisCode":"07204","townNameKana":"ｶｼﾏﾏﾁｼﾓｸﾗﾓﾁ","townName":"鹿島町下蔵持","zipCode":"9718143"},{"prefectureJisCode":"07","cityJisCode":"07204","townNameKana":"ｶｼﾏﾏﾁｼﾓﾔﾀﾞ","townName":"鹿島町下矢田","zipCode":"9718132"},{"prefectureJisCode":"07","cityJisCode":"07204","townNameKana":"ｶｼﾏﾏﾁﾊｼﾘｸﾏ","townName":"鹿島町走熊","zipCode":"9718141"},{"prefectureJisCode":"07","cityJisCode":"07204","townNameKana":"ｶｼﾏﾏﾁﾌﾅﾄﾞ","townName":"鹿島町船戸","zipCode":"9718145"},{"prefectureJisCode":"07","cityJisCode":"07204","townNameKana":"ｶｼﾏﾏﾁﾐﾖ","townName":"鹿島町御代","zipCode":"9718146"},{"prefectureJisCode":"07","cityJisCode":"07204","townNameKana":"ｶﾈﾔﾏﾏﾁ","townName":"金山町","zipCode":"9748211"},{"prefectureJisCode":"07","cityJisCode":"07204","townNameKana":"ｶﾜﾍﾞﾏﾁ","townName":"川部町","zipCode":"9790153"},{"prefectureJisCode":"07","cityJisCode":"07204","townNameKana":"ｶﾜﾏｴﾏﾁｵｼﾞﾛｲ","townName":"川前町小白井","zipCode":"9793204"},{"prefectureJisCode":"07","cityJisCode":"07204","townNameKana":"ｶﾜﾏｴﾏﾁｶﾐｵｹｳﾘ","townName":"川前町上桶売","zipCode":"9793203"},{"prefectureJisCode":"07","cityJisCode":"07204","townNameKana":"ｶﾜﾏｴﾏﾁｶﾜﾏｴ","townName":"川前町川前","zipCode":"9793201"},{"prefectureJisCode":"07","cityJisCode":"07204","townNameKana":"ｶﾜﾏｴﾏﾁｼﾓｵｹｳﾘ","townName":"川前町下桶売","zipCode":"9793202"},{"prefectureJisCode":"07","cityJisCode":"07204","townNameKana":"ｸｻｷﾀﾞｲ","townName":"草木台","zipCode":"9728301"},{"prefectureJisCode":"07","cityJisCode":"07204","townNameKana":"ｻｸﾗｶﾞｵｶ","townName":"桜ケ丘","zipCode":"9728324"},{"prefectureJisCode":"07","cityJisCode":"07204","townNameKana":"ｻﾄｶﾞｵｶ","townName":"郷ケ丘","zipCode":"9708045"},{"prefectureJisCode":"07","cityJisCode":"07204","townNameKana":"ｻﾇｶﾏﾁ","townName":"佐糠町","zipCode":"9748223"},{"prefectureJisCode":"07","cityJisCode":"07204","townNameKana":"ｼｮｳﾅﾝﾀﾞｲ","townName":"湘南台","zipCode":"9718152"},{"prefectureJisCode":"07","cityJisCode":"07204","townNameKana":"ｼﾞｭｳｶﾞｵｶ","townName":"自由ケ丘","zipCode":"9708033"},{"prefectureJisCode":"07","cityJisCode":"07204","townNameKana":"ｼﾞｮｳﾊﾞﾝｲﾜｶﾞｵｶﾏﾁ","townName":"常磐岩ケ岡町","zipCode":"9728313"},{"prefectureJisCode":"07","cityJisCode":"07204","townNameKana":"ｼﾞｮｳﾊﾞﾝｵｻﾏｺﾞﾏﾁ","townName":"常磐長孫町","zipCode":"9728315"},{"prefectureJisCode":"07","cityJisCode":"07204","townNameKana":"ｼﾞｮｳﾊﾞﾝｶﾐﾔﾀﾞﾏﾁ","townName":"常磐上矢田町","zipCode":"9718131"},{"prefectureJisCode":"07","cityJisCode":"07204","townNameKana":"ｼﾞｮｳﾊﾞﾝｶﾐﾕﾅｶﾞﾔﾏﾁ","townName":"常磐上湯長谷町","zipCode":"9728322"},{"prefectureJisCode":"07","cityJisCode":"07204","townNameKana":"ｼﾞｮｳﾊﾞﾝｼﾓﾌﾅｵﾏﾁ","townName":"常磐下船尾町","zipCode":"9728312"},{"prefectureJisCode":"07","cityJisCode":"07204","townNameKana":"ｼﾞｮｳﾊﾞﾝｼﾓﾕﾅｶﾞﾔﾏﾁ","townName":"常磐下湯長谷町","zipCode":"9728317"},{"prefectureJisCode":"07","cityJisCode":"07204","townNameKana":"ｼﾞｮｳﾊﾞﾝｼﾗﾄﾘﾏﾁ","townName":"常磐白鳥町","zipCode":"9728325"},{"prefectureJisCode":"07","cityJisCode":"07204","townNameKana":"ｼﾞｮｳﾊﾞﾝｾｷﾌﾈﾏﾁ","townName":"常磐関船町","zipCode":"9728318"},{"prefectureJisCode":"07","cityJisCode":"07204","townNameKana":"ｼﾞｮｳﾊﾞﾝﾆｼｺﾞｳﾏﾁ","townName":"常磐西郷町","zipCode":"9728316"},{"prefectureJisCode":"07","cityJisCode":"07204","townNameKana":"ｼﾞｮｳﾊﾞﾝﾌｼﾞﾜﾗﾏﾁ","townName":"常磐藤原町","zipCode":"9728326"},{"prefectureJisCode":"07","cityJisCode":"07204","townNameKana":"ｼﾞｮｳﾊﾞﾝﾏﾀﾞﾏﾏﾁ","townName":"常磐馬玉町","zipCode":"9728314"},{"prefectureJisCode":"07","cityJisCode":"07204","townNameKana":"ｼﾞｮｳﾊﾞﾝﾏﾂｶﾞﾀﾞｲ","townName":"常磐松が台","zipCode":"9728323"},{"prefectureJisCode":"07","cityJisCode":"07204","townNameKana":"ｼﾞｮｳﾊﾞﾝﾏﾂｸｽﾈﾏﾁ","townName":"常磐松久須根町","zipCode":"9718137"},{"prefectureJisCode":"07","cityJisCode":"07204","townNameKana":"ｼﾞｮｳﾊﾞﾝﾐｻﾜﾏﾁ","townName":"常磐三沢町","zipCode":"9718136"},{"prefectureJisCode":"07","cityJisCode":"07204","townNameKana":"ｼﾞｮｳﾊﾞﾝﾐｽﾞﾉﾔﾏﾁ","townName":"常磐水野谷町","zipCode":"9728311"},{"prefectureJisCode":"07","cityJisCode":"07204","townNameKana":"ｼﾞｮｳﾊﾞﾝﾕﾓﾄﾏﾁ","townName":"常磐湯本町","zipCode":"9728321"},{"prefectureJisCode":"07","cityJisCode":"07204","townNameKana":"ｾﾄﾏﾁ","townName":"瀬戸町","zipCode":"9790151"},{"prefectureJisCode":"07","cityJisCode":"07204","townNameKana":"ｿｴﾉﾏﾁ","townName":"添野町","zipCode":"9748202"},{"prefectureJisCode":"07","cityJisCode":"07204","townNameKana":"ﾀｲﾗ","townName":"平","zipCode":"9708026"},{"prefectureJisCode":"07","cityJisCode":"07204","townNameKana":"ﾀｲﾗｱｯﾀﾒ","townName":"平荒田目","zipCode":"9700107"},{"prefectureJisCode":"07","cityJisCode":"07204","townNameKana":"ﾀｲﾗｱｶｲ","townName":"平赤井","zipCode":"9793131"},{"prefectureJisCode":"07","cityJisCode":"07204","townNameKana":"ﾀｲﾗｱｶｲﾋﾗ","townName":"平赤井比良","zipCode":"9793132"},{"prefectureJisCode":"07","cityJisCode":"07204","townNameKana":"ﾀｲﾗｲｽﾞﾐｻﾞｷ","townName":"平泉崎","zipCode":"9700112"},{"prefectureJisCode":"07","cityJisCode":"07204","townNameKana":"ﾀｲﾗｳｽｲｿ","townName":"平薄磯","zipCode":"9700223"},{"prefectureJisCode":"07","cityJisCode":"07204","townNameKana":"ﾀｲﾗｵｵﾑﾛ","townName":"平大室","zipCode":"9708013"},{"prefectureJisCode":"07","cityJisCode":"07204","townNameKana":"ﾀｲﾗｶﾏﾀ","townName":"平鎌田","zipCode":"9708023"},{"prefectureJisCode":"07","cityJisCode":"07204","townNameKana":"ﾀｲﾗｶﾏﾀﾏﾁ","townName":"平鎌田町","zipCode":"9708054"},{"prefectureJisCode":"07","cityJisCode":"07204","townNameKana":"ﾀｲﾗｶﾐｱﾗｶﾜ","townName":"平上荒川","zipCode":"9708034"},{"prefectureJisCode":"07","cityJisCode":"07204","townNameKana":"ﾀｲﾗｶﾐｵｵｺﾞｴ","townName":"平上大越","zipCode":"9700104"},{"prefectureJisCode":"07","cityJisCode":"07204","townNameKana":"ﾀｲﾗｶﾐｶﾀﾖｾ","townName":"平上片寄","zipCode":"9708011"},{"prefectureJisCode":"07","cityJisCode":"07204","townNameKana":"ﾀｲﾗｶﾐｶﾍﾞﾔ","townName":"平上神谷","zipCode":"9708028"},{"prefectureJisCode":"07","cityJisCode":"07204","townNameKana":"ﾀｲﾗｶﾐﾀｶｸ","townName":"平上高久","zipCode":"9708042"},{"prefectureJisCode":"07","cityJisCode":"07204","townNameKana":"ﾀｲﾗｶﾐﾋﾗｸﾎﾞ","townName":"平上平窪","zipCode":"9708001"},{"prefectureJisCode":"07","cityJisCode":"07204","townNameKana":"ﾀｲﾗｶﾐﾔｻｸ","townName":"平神谷作","zipCode":"9700228"},{"prefectureJisCode":"07","cityJisCode":"07204","townNameKana":"ﾀｲﾗｶﾐﾔﾏｸﾞﾁ","townName":"平上山口","zipCode":"9700225"},{"prefectureJisCode":"07","cityJisCode":"07204","townNameKana":"ﾀｲﾗｷﾀｶﾍﾞﾔ","townName":"平北神谷","zipCode":"9700115"},{"prefectureJisCode":"07","cityJisCode":"07204","townNameKana":"ﾀｲﾗｷﾀｼﾗﾄﾞ","townName":"平北白土","zipCode":"9708024"},{"prefectureJisCode":"07","cityJisCode":"07204","townNameKana":"ﾀｲﾗｷﾇﾔ","townName":"平絹谷","zipCode":"9700113"},{"prefectureJisCode":"07","cityJisCode":"07204","townNameKana":"ﾀｲﾗｸｼﾞﾗｵｶ","townName":"平鯨岡","zipCode":"9708027"},{"prefectureJisCode":"07","cityJisCode":"07204","townNameKana":"ﾀｲﾗｺｲｽﾞﾐ","townName":"平小泉","zipCode":"9708041"},{"prefectureJisCode":"07","cityJisCode":"07204","townNameKana":"ﾀｲﾗｼｮｳｶﾞﾂﾏﾁ","townName":"平正月町","zipCode":"9708053"},{"prefectureJisCode":"07","cityJisCode":"07204","townNameKana":"ﾀｲﾗｼｵ","townName":"平塩","zipCode":"9708022"},{"prefectureJisCode":"07","cityJisCode":"07204","townNameKana":"ﾀｲﾗｼﾓｱﾗｶﾜ","townName":"平下荒川","zipCode":"9708032"},{"prefectureJisCode":"07","cityJisCode":"07204","townNameKana":"ﾀｲﾗｼﾓｵｵｺﾞｴ","townName":"平下大越","zipCode":"9700102"},{"prefectureJisCode":"07","cityJisCode":"07204","townNameKana":"ﾀｲﾗｼﾓｶﾀﾖｾ","townName":"平下片寄","zipCode":"9708012"},{"prefectureJisCode":"07","cityJisCode":"07204","townNameKana":"ﾀｲﾗｼﾓｶﾍﾞﾔ","townName":"平下神谷","zipCode":"9700101"},{"prefectureJisCode":"07","cityJisCode":"07204","townNameKana":"ﾀｲﾗｼﾓﾀｶｸ","townName":"平下高久","zipCode":"9700221"},{"prefectureJisCode":"07","cityJisCode":"07204","townNameKana":"ﾀｲﾗｼﾓﾋﾗｸﾎﾞ","townName":"平下平窪","zipCode":"9708003"},{"prefectureJisCode":"07","cityJisCode":"07204","townNameKana":"ﾀｲﾗｼﾓﾋﾗｸﾎﾞﾅｶｼﾞﾏﾁｮｳ","townName":"平下平窪中島町","zipCode":"9708004"},{"prefectureJisCode":"07","cityJisCode":"07204","townNameKana":"ﾀｲﾗｼﾓﾋﾗｸﾎﾞﾌﾙｶﾜﾁｮｳ","townName":"平下平窪古川町","zipCode":"9708005"},{"prefectureJisCode":"07","cityJisCode":"07204","townNameKana":"ﾀｲﾗｼﾓﾋﾗｸﾎﾞﾔﾏﾄﾞｳﾁﾏﾁ","townName":"平下平窪山土内町","zipCode":"9708006"},{"prefectureJisCode":"07","cityJisCode":"07204","townNameKana":"ﾀｲﾗｼﾓﾔﾏｸﾞﾁ","townName":"平下山口","zipCode":"9700226"},{"prefectureJisCode":"07","cityJisCode":"07204","townNameKana":"ﾀｲﾗｽｷﾞﾅﾐ","townName":"平菅波","zipCode":"9700105"},{"prefectureJisCode":"07","cityJisCode":"07204","townNameKana":"ﾀｲﾗﾂﾙｶﾞｲ","townName":"平鶴ケ井","zipCode":"9700227"},{"prefectureJisCode":"07","cityJisCode":"07204","townNameKana":"ﾀｲﾗﾄﾖﾏ","townName":"平豊間","zipCode":"9700224"},{"prefectureJisCode":"07","cityJisCode":"07204","townNameKana":"ﾀｲﾗﾅｶｶﾍﾞﾔ","townName":"平中神谷","zipCode":"9708021"},{"prefectureJisCode":"07","cityJisCode":"07204","townNameKana":"ﾀｲﾗﾅｶｼｵ","townName":"平中塩","zipCode":"9708016"},{"prefectureJisCode":"07","cityJisCode":"07204","townNameKana":"ﾀｲﾗﾅｶﾋﾗｸﾎﾞ","townName":"平中平窪","zipCode":"9708002"},{"prefectureJisCode":"07","cityJisCode":"07204","townNameKana":"ﾀｲﾗﾅｶﾋﾗｸﾎﾞｼﾝﾏﾁ","townName":"平中平窪新町","zipCode":"9708007"},{"prefectureJisCode":"07","cityJisCode":"07204","townNameKana":"ﾀｲﾗﾅｶﾋﾗｸﾎﾞﾎｿﾀﾞﾏﾁ","townName":"平中平窪細田町","zipCode":"9708008"},{"prefectureJisCode":"07","cityJisCode":"07204","townNameKana":"ﾀｲﾗﾅｶﾔﾏ","townName":"平中山","zipCode":"9708031"},{"prefectureJisCode":"07","cityJisCode":"07204","townNameKana":"ﾀｲﾗﾇﾏﾉｳﾁ","townName":"平沼ノ内","zipCode":"9700222"},{"prefectureJisCode":"07","cityJisCode":"07204","townNameKana":"ﾀｲﾗﾇﾏﾉｳﾁｽﾜﾊﾗ","townName":"平沼ノ内諏訪原","zipCode":"9700222"},{"prefectureJisCode":"07","cityJisCode":"07204","townNameKana":"ﾀｲﾗﾈｷﾞﾏﾁ","townName":"平祢宜町","zipCode":"9708052"},{"prefectureJisCode":"07","cityJisCode":"07204","townNameKana":"ﾀｲﾗﾊﾗｺﾞﾔ","townName":"平原高野","zipCode":"9700111"},{"prefectureJisCode":"07","cityJisCode":"07204","townNameKana":"ﾀｲﾗﾌｼﾞﾏ","townName":"平藤間","zipCode":"9700103"},{"prefectureJisCode":"07","cityJisCode":"07204","townNameKana":"ﾀｲﾗﾏｸﾉｳﾁ","townName":"平幕ノ内","zipCode":"9708014"},{"prefectureJisCode":"07","cityJisCode":"07204","townNameKana":"ﾀｲﾗﾏﾉﾒ","townName":"平馬目","zipCode":"9700116"},{"prefectureJisCode":"07","cityJisCode":"07204","townNameKana":"ﾀｲﾗﾐｽﾞｼﾅ","townName":"平水品","zipCode":"9700114"},{"prefectureJisCode":"07","cityJisCode":"07204","townNameKana":"ﾀｲﾗﾐﾅﾐｼﾗﾄﾞ","townName":"平南白土","zipCode":"9708025"},{"prefectureJisCode":"07","cityJisCode":"07204","townNameKana":"ﾀｲﾗﾔｶﾞﾜｾ","townName":"平谷川瀬","zipCode":"9708036"},{"prefectureJisCode":"07","cityJisCode":"07204","townNameKana":"ﾀｲﾗﾔﾏｻﾞｷ","townName":"平山崎","zipCode":"9700106"},{"prefectureJisCode":"07","cityJisCode":"07204","townNameKana":"ﾀｲﾗﾖｼﾉﾔ","townName":"平吉野谷","zipCode":"9708046"},{"prefectureJisCode":"07","cityJisCode":"07204","townNameKana":"ﾀｲﾗﾖﾂﾅﾐ","townName":"平四ツ波","zipCode":"9708018"},{"prefectureJisCode":"07","cityJisCode":"07204","townNameKana":"ﾀｲﾗﾛｸﾁｮｳﾒ","townName":"平六町目","zipCode":"9708051"},{"prefectureJisCode":"07","cityJisCode":"07204","townNameKana":"ﾀｶｸﾗﾏﾁ","townName":"高倉町","zipCode":"9748204"},{"prefectureJisCode":"07","cityJisCode":"07204","townNameKana":"ﾀﾋﾞﾄﾏﾁｲｼｽﾞﾐ","townName":"田人町石住","zipCode":"9740243"},{"prefectureJisCode":"07","cityJisCode":"07204","townNameKana":"ﾀﾋﾞﾄﾏﾁｶｲﾄﾞﾏﾘ","townName":"田人町貝泊","zipCode":"9740242"},{"prefectureJisCode":"07","cityJisCode":"07204","townNameKana":"ﾀﾋﾞﾄﾏﾁｸﾛﾀﾞ","townName":"田人町黒田","zipCode":"9740151"},{"prefectureJisCode":"07","cityJisCode":"07204","townNameKana":"ﾀﾋﾞﾄﾏﾁﾀﾋﾞｳﾄ","townName":"田人町旅人","zipCode":"9740152"},{"prefectureJisCode":"07","cityJisCode":"07204","townNameKana":"ﾀﾋﾞﾄﾏﾁﾀﾋﾞｳﾄﾐｽﾞﾉﾐﾊﾞ","townName":"田人町旅人水呑場","zipCode":"9740252"},{"prefectureJisCode":"07","cityJisCode":"07204","townNameKana":"ﾀﾋﾞﾄﾏﾁﾆﾁﾌﾞ","townName":"田人町荷路夫","zipCode":"9740241"},{"prefectureJisCode":"07","cityJisCode":"07204","townNameKana":"ﾀﾋﾞﾄﾏﾁﾐﾅﾐｵｵﾀﾞｲﾗ","townName":"田人町南大平","zipCode":"9740153"},{"prefectureJisCode":"07","cityJisCode":"07204","townNameKana":"ﾁｭｳｵｳﾀﾞｲｲｲﾉ","townName":"中央台飯野","zipCode":"9708044"},{"prefectureJisCode":"07","cityJisCode":"07204","townNameKana":"ﾁｭｳｵｳﾀﾞｲｶｼﾏ","townName":"中央台鹿島","zipCode":"9708043"},{"prefectureJisCode":"07","cityJisCode":"07204","townNameKana":"ﾁｭｳｵｳﾀﾞｲﾀｶｸ","townName":"中央台高久","zipCode":"9708047"},{"prefectureJisCode":"07","cityJisCode":"07204","townNameKana":"ﾁｭｳﾌﾞｺｳｷﾞｮｳﾀﾞﾝﾁ","townName":"中部工業団地","zipCode":"9728338"},{"prefectureJisCode":"07","cityJisCode":"07204","townNameKana":"ﾄｵﾉﾏﾁｲﾘﾄｵﾉ","townName":"遠野町入遠野","zipCode":"9720251"},{"prefectureJisCode":"07","cityJisCode":"07204","townNameKana":"ﾄｵﾉﾏﾁｵｵﾀﾞｲﾗ","townName":"遠野町大平","zipCode":"9720253"},{"prefectureJisCode":"07","cityJisCode":"07204","townNameKana":"ﾄｵﾉﾏﾁｶﾄｵﾉ","townName":"遠野町上遠野","zipCode":"9720161"},{"prefectureJisCode":"07","cityJisCode":"07204","townNameKana":"ﾄｵﾉﾏﾁｶﾐﾈﾓﾄ","townName":"遠野町上根本","zipCode":"9720252"},{"prefectureJisCode":"07","cityJisCode":"07204","townNameKana":"ﾄｵﾉﾏﾁﾀｷ","townName":"遠野町滝","zipCode":"9720162"},{"prefectureJisCode":"07","cityJisCode":"07204","townNameKana":"ﾄｵﾉﾏﾁﾈｷﾞｼ","townName":"遠野町根岸","zipCode":"9720163"},{"prefectureJisCode":"07","cityJisCode":"07204","townNameKana":"ﾄｵﾉﾏﾁﾐﾔﾏﾀﾞ","townName":"遠野町深山田","zipCode":"9720164"},{"prefectureJisCode":"07","cityJisCode":"07204","townNameKana":"ﾄﾐﾂﾏﾁ","townName":"富津町","zipCode":"9748231"},{"prefectureJisCode":"07","cityJisCode":"07204","townNameKana":"ﾅｶｵｶﾏﾁ","townName":"中岡町","zipCode":"9748251"},{"prefectureJisCode":"07","cityJisCode":"07204","townNameKana":"ﾅｶﾉｻｸ","townName":"中之作","zipCode":"9700313"},{"prefectureJisCode":"07","cityJisCode":"07204","townNameKana":"ﾅｶﾞｻｷ","townName":"永崎","zipCode":"9700315"},{"prefectureJisCode":"07","cityJisCode":"07204","townNameKana":"ﾅｺｿﾏﾁ","townName":"勿来町","zipCode":"9790141"},{"prefectureJisCode":"07","cityJisCode":"07204","townNameKana":"ﾅｺｿﾏﾁｵｵﾀﾞｶ","townName":"勿来町大高","zipCode":"9790144"},{"prefectureJisCode":"07","cityJisCode":"07204","townNameKana":"ﾅｺｿﾏﾁｸﾎﾞﾀ","townName":"勿来町窪田","zipCode":"9790141"},{"prefectureJisCode":"07","cityJisCode":"07204","townNameKana":"ﾅｺｿﾏﾁｺｺﾂﾞﾗ","townName":"勿来町九面","zipCode":"9790147"},{"prefectureJisCode":"07","cityJisCode":"07204","townNameKana":"ﾅｺｿﾏﾁｻｶｲ","townName":"勿来町酒井","zipCode":"9790142"},{"prefectureJisCode":"07","cityJisCode":"07204","townNameKana":"ﾅｺｿﾏﾁｼｻﾜ","townName":"勿来町四沢","zipCode":"9790145"},{"prefectureJisCode":"07","cityJisCode":"07204","townNameKana":"ﾅｺｿﾏﾁｼﾛﾖﾈ","townName":"勿来町白米","zipCode":"9790143"},{"prefectureJisCode":"07","cityJisCode":"07204","townNameKana":"ﾅｺｿﾏﾁｾｷﾀ","townName":"勿来町関田","zipCode":"9790146"},{"prefectureJisCode":"07","cityJisCode":"07204","townNameKana":"ﾆｲﾀﾞﾏﾁ","townName":"仁井田町","zipCode":"9748252"},{"prefectureJisCode":"07","cityJisCode":"07204","townNameKana":"ﾆｼｷﾏﾁ","townName":"錦町","zipCode":"9748232"},{"prefectureJisCode":"07","cityJisCode":"07204","townNameKana":"ﾆｼｷﾏﾁﾁｭｳｵｳ","townName":"錦町中央","zipCode":"9748233"},{"prefectureJisCode":"07","cityJisCode":"07204","townNameKana":"ﾇﾏﾍﾞﾏﾁ","townName":"沼部町","zipCode":"9790154"},{"prefectureJisCode":"07","cityJisCode":"07204","townNameKana":"ﾊﾔﾏ","townName":"葉山","zipCode":"9718187"},{"prefectureJisCode":"07","cityJisCode":"07204","townNameKana":"ﾋｻﾉﾊﾏﾏﾁｶﾈｶﾞｻﾜ","townName":"久之浜町金ケ沢","zipCode":"9790332"},{"prefectureJisCode":"07","cityJisCode":"07204","townNameKana":"ﾋｻﾉﾊﾏﾏﾁｽｴﾂｷﾞ","townName":"久之浜町末続","zipCode":"9790331"},{"prefectureJisCode":"07","cityJisCode":"07204","townNameKana":"ﾋｻﾉﾊﾏﾏﾁﾀﾉｱﾐ","townName":"久之浜町田之網","zipCode":"9790335"},{"prefectureJisCode":"07","cityJisCode":"07204","townNameKana":"ﾋｻﾉﾊﾏﾏﾁﾆｼ","townName":"久之浜町西","zipCode":"9790334"},{"prefectureJisCode":"07","cityJisCode":"07204","townNameKana":"ﾋｻﾉﾊﾏﾏﾁﾋｻﾉﾊﾏ","townName":"久之浜町久之浜","zipCode":"9790333"},{"prefectureJisCode":"07","cityJisCode":"07204","townNameKana":"ﾍｲｾｲ","townName":"平成","zipCode":"9738412"},{"prefectureJisCode":"07","cityJisCode":"07204","townNameKana":"ﾐｻﾜﾏﾁ","townName":"三沢町","zipCode":"9790155"},{"prefectureJisCode":"07","cityJisCode":"07204","townNameKana":"ﾐﾅﾐﾀﾞｲ","townName":"南台","zipCode":"9748242"},{"prefectureJisCode":"07","cityJisCode":"07204","townNameKana":"ﾐﾜﾏﾁｶﾐｲﾁｶﾞﾔ","townName":"三和町上市萱","zipCode":"9701373"},{"prefectureJisCode":"07","cityJisCode":"07204","townNameKana":"ﾐﾜﾏﾁｶﾐﾅｶﾞｲ","townName":"三和町上永井","zipCode":"9701262"},{"prefectureJisCode":"07","cityJisCode":"07204","townNameKana":"ﾐﾜﾏﾁｶﾐﾐｻｶ","townName":"三和町上三坂","zipCode":"9701374"},{"prefectureJisCode":"07","cityJisCode":"07204","townNameKana":"ﾐﾜﾏﾁｺﾞｳﾄﾞ","townName":"三和町合戸","zipCode":"9701264"},{"prefectureJisCode":"07","cityJisCode":"07204","townNameKana":"ﾐﾜﾏﾁｻｲｿ","townName":"三和町差塩","zipCode":"9701377"},{"prefectureJisCode":"07","cityJisCode":"07204","townNameKana":"ﾐﾜﾏﾁｼﾓｲﾁｶﾞﾔ","townName":"三和町下市萱","zipCode":"9701372"},{"prefectureJisCode":"07","cityJisCode":"07204","townNameKana":"ﾐﾜﾏﾁｼﾓﾅｶﾞｲ","townName":"三和町下永井","zipCode":"9701263"},{"prefectureJisCode":"07","cityJisCode":"07204","townNameKana":"ﾐﾜﾏﾁｼﾓﾐｻｶ","townName":"三和町下三坂","zipCode":"9701376"},{"prefectureJisCode":"07","cityJisCode":"07204","townNameKana":"ﾐﾜﾏﾁﾅｶﾃﾞﾗ","townName":"三和町中寺","zipCode":"9701371"},{"prefectureJisCode":"07","cityJisCode":"07204","townNameKana":"ﾐﾜﾏﾁﾅｶﾐｻｶ","townName":"三和町中三坂","zipCode":"9701375"},{"prefectureJisCode":"07","cityJisCode":"07204","townNameKana":"ﾐﾜﾏﾁﾜﾀﾄﾞ","townName":"三和町渡戸","zipCode":"9701261"},{"prefectureJisCode":"07","cityJisCode":"07204","townNameKana":"ﾐﾜﾏﾁﾜﾀﾄﾞｶﾜﾏｴ","townName":"三和町渡戸川前","zipCode":"9701361"},{"prefectureJisCode":"07","cityJisCode":"07204","townNameKana":"ﾒｲｼﾞﾀﾞﾝﾁ","townName":"明治団地","zipCode":"9708035"},{"prefectureJisCode":"07","cityJisCode":"07204","townNameKana":"ﾔﾏﾀﾞﾏﾁ","townName":"山田町","zipCode":"9748241"},{"prefectureJisCode":"07","cityJisCode":"07204","townNameKana":"ﾔﾏﾀﾞﾏﾏﾁ","townName":"山玉町","zipCode":"9790152"},{"prefectureJisCode":"07","cityJisCode":"07204","townNameKana":"ﾖｳｺｳﾀﾞｲ","townName":"洋向台","zipCode":"9700314"},{"prefectureJisCode":"07","cityJisCode":"07204","townNameKana":"ﾖｼﾏｺｳｷﾞｮｳﾀﾞﾝﾁ","townName":"好間工業団地","zipCode":"9701144"},{"prefectureJisCode":"07","cityJisCode":"07204","townNameKana":"ﾖｼﾏﾏﾁｱｲﾔ","townName":"好間町愛谷","zipCode":"9701141"},{"prefectureJisCode":"07","cityJisCode":"07204","townNameKana":"ﾖｼﾏﾏﾁｲﾏﾆｲﾀﾞ","townName":"好間町今新田","zipCode":"9701142"},{"prefectureJisCode":"07","cityJisCode":"07204","townNameKana":"ﾖｼﾏﾏﾁｵｵﾘ","townName":"好間町大利","zipCode":"9701147"},{"prefectureJisCode":"07","cityJisCode":"07204","townNameKana":"ﾖｼﾏﾏﾁｵﾔｻｸ","townName":"好間町小谷作","zipCode":"9701143"},{"prefectureJisCode":"07","cityJisCode":"07204","townNameKana":"ﾖｼﾏﾏﾁｶﾐﾖｼﾏ","townName":"好間町上好間","zipCode":"9701153"},{"prefectureJisCode":"07","cityJisCode":"07204","townNameKana":"ﾖｼﾏﾏﾁｶﾜﾅｺﾞ","townName":"好間町川中子","zipCode":"9708015"},{"prefectureJisCode":"07","cityJisCode":"07204","townNameKana":"ﾖｼﾏﾏﾁｷﾀﾖｼﾏ","townName":"好間町北好間","zipCode":"9701145"},{"prefectureJisCode":"07","cityJisCode":"07204","townNameKana":"ﾖｼﾏﾏﾁｻｶｷｺﾞﾔ","townName":"好間町榊小屋","zipCode":"9701146"},{"prefectureJisCode":"07","cityJisCode":"07204","townNameKana":"ﾖｼﾏﾏﾁｼﾓﾖｼﾏ","townName":"好間町下好間","zipCode":"9701151"},{"prefectureJisCode":"07","cityJisCode":"07204","townNameKana":"ﾖｼﾏﾏﾁﾅｶﾖｼﾏ","townName":"好間町中好間","zipCode":"9701152"},{"prefectureJisCode":"07","cityJisCode":"07204","townNameKana":"ﾖﾂｸﾗﾏﾁ","townName":"四倉町","zipCode":"9790201"},{"prefectureJisCode":"07","cityJisCode":"07204","townNameKana":"ﾖﾂｸﾗﾏﾁｵｵﾓﾘ","townName":"四倉町大森","zipCode":"9790205"},{"prefectureJisCode":"07","cityJisCode":"07204","townNameKana":"ﾖﾂｸﾗﾏﾁｶﾐｵｶ","townName":"四倉町上岡","zipCode":"9790221"},{"prefectureJisCode":"07","cityJisCode":"07204","townNameKana":"ﾖﾂｸﾗﾏﾁｶﾐﾆｲﾀﾞ","townName":"四倉町上仁井田","zipCode":"9790202"},{"prefectureJisCode":"07","cityJisCode":"07204","townNameKana":"ﾖﾂｸﾗﾏﾁｶﾐﾔｷﾞｭｳ","townName":"四倉町上柳生","zipCode":"9790226"},{"prefectureJisCode":"07","cityJisCode":"07204","townNameKana":"ﾖﾂｸﾗﾏﾁｷﾂﾈﾂﾞｶ","townName":"四倉町狐塚","zipCode":"9790206"},{"prefectureJisCode":"07","cityJisCode":"07204","townNameKana":"ﾖﾂｸﾗﾏﾁｺﾏｺﾞﾒ","townName":"四倉町駒込","zipCode":"9790227"},{"prefectureJisCode":"07","cityJisCode":"07204","townNameKana":"ﾖﾂｸﾗﾏﾁｼｵｷ","townName":"四倉町塩木","zipCode":"9790207"},{"prefectureJisCode":"07","cityJisCode":"07204","townNameKana":"ﾖﾂｸﾗﾏﾁｼﾓﾆｲﾀﾞ","townName":"四倉町下仁井田","zipCode":"9790203"},{"prefectureJisCode":"07","cityJisCode":"07204","townNameKana":"ﾖﾂｸﾗﾏﾁｼﾓﾔｷﾞｭｳ","townName":"四倉町下柳生","zipCode":"9790225"},{"prefectureJisCode":"07","cityJisCode":"07204","townNameKana":"ﾖﾂｸﾗﾏﾁｼﾗｲﾜ","townName":"四倉町白岩","zipCode":"9790211"},{"prefectureJisCode":"07","cityJisCode":"07204","townNameKana":"ﾖﾂｸﾗﾏﾁﾀﾏﾔﾏ","townName":"四倉町玉山","zipCode":"9790216"},{"prefectureJisCode":"07","cityJisCode":"07204","townNameKana":"ﾖﾂｸﾗﾏﾁﾄﾀﾞ","townName":"四倉町戸田","zipCode":"9790212"},{"prefectureJisCode":"07","cityJisCode":"07204","townNameKana":"ﾖﾂｸﾗﾏﾁﾅｶｼﾞﾏ","townName":"四倉町中島","zipCode":"9790215"},{"prefectureJisCode":"07","cityJisCode":"07204","townNameKana":"ﾖﾂｸﾗﾏﾁﾅｶﾞﾄﾓ","townName":"四倉町長友","zipCode":"9790214"},{"prefectureJisCode":"07","cityJisCode":"07204","townNameKana":"ﾖﾂｸﾗﾏﾁﾅｷﾞ","townName":"四倉町名木","zipCode":"9790213"},{"prefectureJisCode":"07","cityJisCode":"07204","townNameKana":"ﾖﾂｸﾗﾏﾁﾎｿﾔ","townName":"四倉町細谷","zipCode":"9790204"},{"prefectureJisCode":"07","cityJisCode":"07204","townNameKana":"ﾖﾂｸﾗﾏﾁﾔｸｵｳｼﾞ","townName":"四倉町薬王寺","zipCode":"9790224"},{"prefectureJisCode":"07","cityJisCode":"07204","townNameKana":"ﾖﾂｸﾗﾏﾁﾔｸﾞｷ","townName":"四倉町八茎","zipCode":"9790222"},{"prefectureJisCode":"07","cityJisCode":"07204","townNameKana":"ﾖﾂｸﾗﾏﾁﾔﾏﾀﾞｺﾐﾅﾄ","townName":"四倉町山田小湊","zipCode":"9790223"},{"prefectureJisCode":"07","cityJisCode":"07204","townNameKana":"ﾜｶﾊﾞﾀﾞｲ","townName":"若葉台","zipCode":"9718138"},{"prefectureJisCode":"07","cityJisCode":"07204","townNameKana":"ﾜﾀﾅﾍﾞﾏﾁｲｽﾞﾐﾀﾞ","townName":"渡辺町泉田","zipCode":"9728331"},{"prefectureJisCode":"07","cityJisCode":"07204","townNameKana":"ﾜﾀﾅﾍﾞﾏﾁｶﾐｶﾏﾄﾞ","townName":"渡辺町上釜戸","zipCode":"9728336"},{"prefectureJisCode":"07","cityJisCode":"07204","townNameKana":"ﾜﾀﾅﾍﾞﾏﾁﾀﾅﾍﾞ","townName":"渡辺町田部","zipCode":"9728334"},{"prefectureJisCode":"07","cityJisCode":"07204","townNameKana":"ﾜﾀﾅﾍﾞﾏﾁﾅｶｶﾏﾄﾞ","townName":"渡辺町中釜戸","zipCode":"9728337"},{"prefectureJisCode":"07","cityJisCode":"07204","townNameKana":"ﾜﾀﾅﾍﾞﾏﾁﾋﾙﾉ","townName":"渡辺町昼野","zipCode":"9728332"},{"prefectureJisCode":"07","cityJisCode":"07204","townNameKana":"ﾜﾀﾅﾍﾞﾏﾁﾎﾞﾗ","townName":"渡辺町洞","zipCode":"9728333"},{"prefectureJisCode":"07","cityJisCode":"07204","townNameKana":"ﾜﾀﾅﾍﾞﾏﾁﾏﾂｺﾞﾔ","townName":"渡辺町松小屋","zipCode":"9728335"}]