[{"prefectureJisCode":"07","cityJisCode":"07543","townNameKana":"ｵｵｽｹﾞ","townName":"大菅","zipCode":"9791171"},{"prefectureJisCode":"07","cityJisCode":"07543","townNameKana":"ｵﾗｶﾞﾊﾏ","townName":"小良ケ浜","zipCode":"9791101"},{"prefectureJisCode":"07","cityJisCode":"07543","townNameKana":"ｶﾐｺｵﾘﾔﾏ","townName":"上郡山","zipCode":"9791131"},{"prefectureJisCode":"07","cityJisCode":"07543","townNameKana":"ｶﾐﾃｵｶ","townName":"上手岡","zipCode":"9791141"},{"prefectureJisCode":"07","cityJisCode":"07543","townNameKana":"ｹｶﾞﾔ","townName":"毛萱","zipCode":"9790622"},{"prefectureJisCode":"07","cityJisCode":"07543","townNameKana":"ｺﾊﾞﾏ","townName":"小浜","zipCode":"9791111"},{"prefectureJisCode":"07","cityJisCode":"07543","townNameKana":"ｻｸﾗ","townName":"桜","zipCode":"9791162"},{"prefectureJisCode":"07","cityJisCode":"07543","townNameKana":"ｼﾓｺｵﾘﾔﾏ","townName":"下郡山","zipCode":"9791132"},{"prefectureJisCode":"07","cityJisCode":"07543","townNameKana":"ﾁｭｳｵｳ","townName":"中央","zipCode":"9791112"},{"prefectureJisCode":"07","cityJisCode":"07543","townNameKana":"ﾎﾄｹﾊﾏ","townName":"仏浜","zipCode":"9791121"},{"prefectureJisCode":"07","cityJisCode":"07543","townNameKana":"ﾓﾄｵｶ","townName":"本岡","zipCode":"9791151"},{"prefectureJisCode":"07","cityJisCode":"07543","townNameKana":"ﾓﾄﾏﾁ","townName":"本町","zipCode":"9791152"},{"prefectureJisCode":"07","cityJisCode":"07543","townNameKana":"ﾖﾉﾓﾘ","townName":"夜の森","zipCode":"9791161"}]