[{"prefectureJisCode":"20","cityJisCode":"20220","prefectureNameKana":"ﾅｶﾞﾉｹﾝ","cityNameKana":"ｱﾂﾞﾐﾉｼ","prefectureName":"長野県","cityName":"安曇野市"},{"prefectureJisCode":"20","cityJisCode":"20205","prefectureNameKana":"ﾅｶﾞﾉｹﾝ","cityNameKana":"ｲｲﾀﾞｼ","prefectureName":"長野県","cityName":"飯田市"},{"prefectureJisCode":"20","cityJisCode":"20213","prefectureNameKana":"ﾅｶﾞﾉｹﾝ","cityNameKana":"ｲｲﾔﾏｼ","prefectureName":"長野県","cityName":"飯山市"},{"prefectureJisCode":"20","cityJisCode":"20209","prefectureNameKana":"ﾅｶﾞﾉｹﾝ","cityNameKana":"ｲﾅｼ","prefectureName":"長野県","cityName":"伊那市"},{"prefectureJisCode":"20","cityJisCode":"20203","prefectureNameKana":"ﾅｶﾞﾉｹﾝ","cityNameKana":"ｳｴﾀﾞｼ","prefectureName":"長野県","cityName":"上田市"},{"prefectureJisCode":"20","cityJisCode":"20212","prefectureNameKana":"ﾅｶﾞﾉｹﾝ","cityNameKana":"ｵｵﾏﾁｼ","prefectureName":"長野県","cityName":"大町市"},{"prefectureJisCode":"20","cityJisCode":"20204","prefectureNameKana":"ﾅｶﾞﾉｹﾝ","cityNameKana":"ｵｶﾔｼ","prefectureName":"長野県","cityName":"岡谷市"},{"prefectureJisCode":"20","cityJisCode":"20384","prefectureNameKana":"ﾅｶﾞﾉｹﾝ","cityNameKana":"ｶﾐｲﾅｸﾞﾝｲｲｼﾞﾏﾏﾁ","prefectureName":"長野県","cityName":"上伊那郡飯島町"},{"prefectureJisCode":"20","cityJisCode":"20382","prefectureNameKana":"ﾅｶﾞﾉｹﾝ","cityNameKana":"ｶﾐｲﾅｸﾞﾝﾀﾂﾉﾏﾁ","prefectureName":"長野県","cityName":"上伊那郡辰野町"},{"prefectureJisCode":"20","cityJisCode":"20386","prefectureNameKana":"ﾅｶﾞﾉｹﾝ","cityNameKana":"ｶﾐｲﾅｸﾞﾝﾅｶｶﾞﾜﾑﾗ","prefectureName":"長野県","cityName":"上伊那郡中川村"},{"prefectureJisCode":"20","cityJisCode":"20385","prefectureNameKana":"ﾅｶﾞﾉｹﾝ","cityNameKana":"ｶﾐｲﾅｸﾞﾝﾐﾅﾐﾐﾉﾜﾑﾗ","prefectureName":"長野県","cityName":"上伊那郡南箕輪村"},{"prefectureJisCode":"20","cityJisCode":"20383","prefectureNameKana":"ﾅｶﾞﾉｹﾝ","cityNameKana":"ｶﾐｲﾅｸﾞﾝﾐﾉﾜﾏﾁ","prefectureName":"長野県","cityName":"上伊那郡箕輪町"},{"prefectureJisCode":"20","cityJisCode":"20388","prefectureNameKana":"ﾅｶﾞﾉｹﾝ","cityNameKana":"ｶﾐｲﾅｸﾞﾝﾐﾔﾀﾞﾑﾗ","prefectureName":"長野県","cityName":"上伊那郡宮田村"},{"prefectureJisCode":"20","cityJisCode":"20541","prefectureNameKana":"ﾅｶﾞﾉｹﾝ","cityNameKana":"ｶﾐﾀｶｲｸﾞﾝｵﾌﾞｾﾏﾁ","prefectureName":"長野県","cityName":"上高井郡小布施町"},{"prefectureJisCode":"20","cityJisCode":"20543","prefectureNameKana":"ﾅｶﾞﾉｹﾝ","cityNameKana":"ｶﾐﾀｶｲｸﾞﾝﾀｶﾔﾏﾑﾗ","prefectureName":"長野県","cityName":"上高井郡高山村"},{"prefectureJisCode":"20","cityJisCode":"20590","prefectureNameKana":"ﾅｶﾞﾉｹﾝ","cityNameKana":"ｶﾐﾐﾉﾁｸﾞﾝｲｲﾂﾞﾅﾏﾁ","prefectureName":"長野県","cityName":"上水内郡飯綱町"},{"prefectureJisCode":"20","cityJisCode":"20588","prefectureNameKana":"ﾅｶﾞﾉｹﾝ","cityNameKana":"ｶﾐﾐﾉﾁｸﾞﾝｵｶﾞﾜﾑﾗ","prefectureName":"長野県","cityName":"上水内郡小川村"},{"prefectureJisCode":"20","cityJisCode":"20583","prefectureNameKana":"ﾅｶﾞﾉｹﾝ","cityNameKana":"ｶﾐﾐﾉﾁｸﾞﾝｼﾅﾉﾏﾁ","prefectureName":"長野県","cityName":"上水内郡信濃町"},{"prefectureJisCode":"20","cityJisCode":"20422","prefectureNameKana":"ﾅｶﾞﾉｹﾝ","cityNameKana":"ｷｿｸﾞﾝｱｹﾞﾏﾂﾏﾁ","prefectureName":"長野県","cityName":"木曽郡上松町"},{"prefectureJisCode":"20","cityJisCode":"20429","prefectureNameKana":"ﾅｶﾞﾉｹﾝ","cityNameKana":"ｷｿｸﾞﾝｵｳﾀｷﾑﾗ","prefectureName":"長野県","cityName":"木曽郡王滝村"},{"prefectureJisCode":"20","cityJisCode":"20430","prefectureNameKana":"ﾅｶﾞﾉｹﾝ","cityNameKana":"ｷｿｸﾞﾝｵｵｸﾜﾑﾗ","prefectureName":"長野県","cityName":"木曽郡大桑村"},{"prefectureJisCode":"20","cityJisCode":"20432","prefectureNameKana":"ﾅｶﾞﾉｹﾝ","cityNameKana":"ｷｿｸﾞﾝｷｿﾏﾁ","prefectureName":"長野県","cityName":"木曽郡木曽町"},{"prefectureJisCode":"20","cityJisCode":"20425","prefectureNameKana":"ﾅｶﾞﾉｹﾝ","cityNameKana":"ｷｿｸﾞﾝｷｿﾑﾗ","prefectureName":"長野県","cityName":"木曽郡木祖村"},{"prefectureJisCode":"20","cityJisCode":"20423","prefectureNameKana":"ﾅｶﾞﾉｹﾝ","cityNameKana":"ｷｿｸﾞﾝﾅｷﾞｿﾏﾁ","prefectureName":"長野県","cityName":"木曽郡南木曽町"},{"prefectureJisCode":"20","cityJisCode":"20481","prefectureNameKana":"ﾅｶﾞﾉｹﾝ","cityNameKana":"ｷﾀｱﾂﾞﾐｸﾞﾝｲｹﾀﾞﾏﾁ","prefectureName":"長野県","cityName":"北安曇郡池田町"},{"prefectureJisCode":"20","cityJisCode":"20486","prefectureNameKana":"ﾅｶﾞﾉｹﾝ","cityNameKana":"ｷﾀｱﾂﾞﾐｸﾞﾝｵﾀﾘﾑﾗ","prefectureName":"長野県","cityName":"北安曇郡小谷村"},{"prefectureJisCode":"20","cityJisCode":"20485","prefectureNameKana":"ﾅｶﾞﾉｹﾝ","cityNameKana":"ｷﾀｱﾂﾞﾐｸﾞﾝﾊｸﾊﾞﾑﾗ","prefectureName":"長野県","cityName":"北安曇郡白馬村"},{"prefectureJisCode":"20","cityJisCode":"20482","prefectureNameKana":"ﾅｶﾞﾉｹﾝ","cityNameKana":"ｷﾀｱﾂﾞﾐｸﾞﾝﾏﾂｶﾜﾑﾗ","prefectureName":"長野県","cityName":"北安曇郡松川村"},{"prefectureJisCode":"20","cityJisCode":"20321","prefectureNameKana":"ﾅｶﾞﾉｹﾝ","cityNameKana":"ｷﾀｻｸｸﾞﾝｶﾙｲｻﾞﾜﾏﾁ","prefectureName":"長野県","cityName":"北佐久郡軽井沢町"},{"prefectureJisCode":"20","cityJisCode":"20324","prefectureNameKana":"ﾅｶﾞﾉｹﾝ","cityNameKana":"ｷﾀｻｸｸﾞﾝﾀﾃｼﾅﾏﾁ","prefectureName":"長野県","cityName":"北佐久郡立科町"},{"prefectureJisCode":"20","cityJisCode":"20323","prefectureNameKana":"ﾅｶﾞﾉｹﾝ","cityNameKana":"ｷﾀｻｸｸﾞﾝﾐﾖﾀﾏﾁ","prefectureName":"長野県","cityName":"北佐久郡御代田町"},{"prefectureJisCode":"20","cityJisCode":"20210","prefectureNameKana":"ﾅｶﾞﾉｹﾝ","cityNameKana":"ｺﾏｶﾞﾈｼ","prefectureName":"長野県","cityName":"駒ヶ根市"},{"prefectureJisCode":"20","cityJisCode":"20208","prefectureNameKana":"ﾅｶﾞﾉｹﾝ","cityNameKana":"ｺﾓﾛｼ","prefectureName":"長野県","cityName":"小諸市"},{"prefectureJisCode":"20","cityJisCode":"20217","prefectureNameKana":"ﾅｶﾞﾉｹﾝ","cityNameKana":"ｻｸｼ","prefectureName":"長野県","cityName":"佐久市"},{"prefectureJisCode":"20","cityJisCode":"20215","prefectureNameKana":"ﾅｶﾞﾉｹﾝ","cityNameKana":"ｼｵｼﾞﾘｼ","prefectureName":"長野県","cityName":"塩尻市"},{"prefectureJisCode":"20","cityJisCode":"20407","prefectureNameKana":"ﾅｶﾞﾉｹﾝ","cityNameKana":"ｼﾓｲﾅｸﾞﾝｱﾁﾑﾗ","prefectureName":"長野県","cityName":"下伊那郡阿智村"},{"prefectureJisCode":"20","cityJisCode":"20404","prefectureNameKana":"ﾅｶﾞﾉｹﾝ","cityNameKana":"ｼﾓｲﾅｸﾞﾝｱﾅﾝﾁｮｳ","prefectureName":"長野県","cityName":"下伊那郡阿南町"},{"prefectureJisCode":"20","cityJisCode":"20412","prefectureNameKana":"ﾅｶﾞﾉｹﾝ","cityNameKana":"ｼﾓｲﾅｸﾞﾝｳﾙｷﾞﾑﾗ","prefectureName":"長野県","cityName":"下伊那郡売木村"},{"prefectureJisCode":"20","cityJisCode":"20417","prefectureNameKana":"ﾅｶﾞﾉｹﾝ","cityNameKana":"ｼﾓｲﾅｸﾞﾝｵｵｼｶﾑﾗ","prefectureName":"長野県","cityName":"下伊那郡大鹿村"},{"prefectureJisCode":"20","cityJisCode":"20411","prefectureNameKana":"ﾅｶﾞﾉｹﾝ","cityNameKana":"ｼﾓｲﾅｸﾞﾝｼﾓｼﾞｮｳﾑﾗ","prefectureName":"長野県","cityName":"下伊那郡下條村"},{"prefectureJisCode":"20","cityJisCode":"20415","prefectureNameKana":"ﾅｶﾞﾉｹﾝ","cityNameKana":"ｼﾓｲﾅｸﾞﾝﾀｶｷﾞﾑﾗ","prefectureName":"長野県","cityName":"下伊那郡喬木村"},{"prefectureJisCode":"20","cityJisCode":"20403","prefectureNameKana":"ﾅｶﾞﾉｹﾝ","cityNameKana":"ｼﾓｲﾅｸﾞﾝﾀｶﾓﾘﾏﾁ","prefectureName":"長野県","cityName":"下伊那郡高森町"},{"prefectureJisCode":"20","cityJisCode":"20413","prefectureNameKana":"ﾅｶﾞﾉｹﾝ","cityNameKana":"ｼﾓｲﾅｸﾞﾝﾃﾝﾘｭｳﾑﾗ","prefectureName":"長野県","cityName":"下伊那郡天龍村"},{"prefectureJisCode":"20","cityJisCode":"20416","prefectureNameKana":"ﾅｶﾞﾉｹﾝ","cityNameKana":"ｼﾓｲﾅｸﾞﾝﾄﾖｵｶﾑﾗ","prefectureName":"長野県","cityName":"下伊那郡豊丘村"},{"prefectureJisCode":"20","cityJisCode":"20410","prefectureNameKana":"ﾅｶﾞﾉｹﾝ","cityNameKana":"ｼﾓｲﾅｸﾞﾝﾈﾊﾞﾑﾗ","prefectureName":"長野県","cityName":"下伊那郡根羽村"},{"prefectureJisCode":"20","cityJisCode":"20409","prefectureNameKana":"ﾅｶﾞﾉｹﾝ","cityNameKana":"ｼﾓｲﾅｸﾞﾝﾋﾗﾔﾑﾗ","prefectureName":"長野県","cityName":"下伊那郡平谷村"},{"prefectureJisCode":"20","cityJisCode":"20402","prefectureNameKana":"ﾅｶﾞﾉｹﾝ","cityNameKana":"ｼﾓｲﾅｸﾞﾝﾏﾂｶﾜﾏﾁ","prefectureName":"長野県","cityName":"下伊那郡松川町"},{"prefectureJisCode":"20","cityJisCode":"20414","prefectureNameKana":"ﾅｶﾞﾉｹﾝ","cityNameKana":"ｼﾓｲﾅｸﾞﾝﾔｽｵｶﾑﾗ","prefectureName":"長野県","cityName":"下伊那郡泰阜村"},{"prefectureJisCode":"20","cityJisCode":"20562","prefectureNameKana":"ﾅｶﾞﾉｹﾝ","cityNameKana":"ｼﾓﾀｶｲｸﾞﾝｷｼﾞﾏﾀﾞｲﾗﾑﾗ","prefectureName":"長野県","cityName":"下高井郡木島平村"},{"prefectureJisCode":"20","cityJisCode":"20563","prefectureNameKana":"ﾅｶﾞﾉｹﾝ","cityNameKana":"ｼﾓﾀｶｲｸﾞﾝﾉｻﾞﾜｵﾝｾﾝﾑﾗ","prefectureName":"長野県","cityName":"下高井郡野沢温泉村"},{"prefectureJisCode":"20","cityJisCode":"20561","prefectureNameKana":"ﾅｶﾞﾉｹﾝ","cityNameKana":"ｼﾓﾀｶｲｸﾞﾝﾔﾏﾉｳﾁﾏﾁ","prefectureName":"長野県","cityName":"下高井郡山ノ内町"},{"prefectureJisCode":"20","cityJisCode":"20602","prefectureNameKana":"ﾅｶﾞﾉｹﾝ","cityNameKana":"ｼﾓﾐﾉﾁｸﾞﾝｻｶｴﾑﾗ","prefectureName":"長野県","cityName":"下水内郡栄村"},{"prefectureJisCode":"20","cityJisCode":"20207","prefectureNameKana":"ﾅｶﾞﾉｹﾝ","cityNameKana":"ｽｻﾞｶｼ","prefectureName":"長野県","cityName":"須坂市"},{"prefectureJisCode":"20","cityJisCode":"20361","prefectureNameKana":"ﾅｶﾞﾉｹﾝ","cityNameKana":"ｽﾜｸﾞﾝｼﾓｽﾜﾏﾁ","prefectureName":"長野県","cityName":"諏訪郡下諏訪町"},{"prefectureJisCode":"20","cityJisCode":"20363","prefectureNameKana":"ﾅｶﾞﾉｹﾝ","cityNameKana":"ｽﾜｸﾞﾝﾊﾗﾑﾗ","prefectureName":"長野県","cityName":"諏訪郡原村"},{"prefectureJisCode":"20","cityJisCode":"20362","prefectureNameKana":"ﾅｶﾞﾉｹﾝ","cityNameKana":"ｽﾜｸﾞﾝﾌｼﾞﾐﾏﾁ","prefectureName":"長野県","cityName":"諏訪郡富士見町"},{"prefectureJisCode":"20","cityJisCode":"20206","prefectureNameKana":"ﾅｶﾞﾉｹﾝ","cityNameKana":"ｽﾜｼ","prefectureName":"長野県","cityName":"諏訪市"},{"prefectureJisCode":"20","cityJisCode":"20349","prefectureNameKana":"ﾅｶﾞﾉｹﾝ","cityNameKana":"ﾁｲｻｶﾞﾀｸﾞﾝｱｵｷﾑﾗ","prefectureName":"長野県","cityName":"小県郡青木村"},{"prefectureJisCode":"20","cityJisCode":"20350","prefectureNameKana":"ﾅｶﾞﾉｹﾝ","cityNameKana":"ﾁｲｻｶﾞﾀｸﾞﾝﾅｶﾞﾜﾏﾁ","prefectureName":"長野県","cityName":"小県郡長和町"},{"prefectureJisCode":"20","cityJisCode":"20218","prefectureNameKana":"ﾅｶﾞﾉｹﾝ","cityNameKana":"ﾁｸﾏｼ","prefectureName":"長野県","cityName":"千曲市"},{"prefectureJisCode":"20","cityJisCode":"20214","prefectureNameKana":"ﾅｶﾞﾉｹﾝ","cityNameKana":"ﾁﾉｼ","prefectureName":"長野県","cityName":"茅野市"},{"prefectureJisCode":"20","cityJisCode":"20219","prefectureNameKana":"ﾅｶﾞﾉｹﾝ","cityNameKana":"ﾄｳﾐｼ","prefectureName":"長野県","cityName":"東御市"},{"prefectureJisCode":"20","cityJisCode":"20211","prefectureNameKana":"ﾅｶﾞﾉｹﾝ","cityNameKana":"ﾅｶﾉｼ","prefectureName":"長野県","cityName":"中野市"},{"prefectureJisCode":"20","cityJisCode":"20201","prefectureNameKana":"ﾅｶﾞﾉｹﾝ","cityNameKana":"ﾅｶﾞﾉｼ","prefectureName":"長野県","cityName":"長野市"},{"prefectureJisCode":"20","cityJisCode":"20521","prefectureNameKana":"ﾅｶﾞﾉｹﾝ","cityNameKana":"ﾊﾆｼﾅｸﾞﾝｻｶｷﾏﾁ","prefectureName":"長野県","cityName":"埴科郡坂城町"},{"prefectureJisCode":"20","cityJisCode":"20451","prefectureNameKana":"ﾅｶﾞﾉｹﾝ","cityNameKana":"ﾋｶﾞｼﾁｸﾏｸﾞﾝｱｻﾋﾑﾗ","prefectureName":"長野県","cityName":"東筑摩郡朝日村"},{"prefectureJisCode":"20","cityJisCode":"20448","prefectureNameKana":"ﾅｶﾞﾉｹﾝ","cityNameKana":"ﾋｶﾞｼﾁｸﾏｸﾞﾝｲｸｻｶﾑﾗ","prefectureName":"長野県","cityName":"東筑摩郡生坂村"},{"prefectureJisCode":"20","cityJisCode":"20446","prefectureNameKana":"ﾅｶﾞﾉｹﾝ","cityNameKana":"ﾋｶﾞｼﾁｸﾏｸﾞﾝｵﾐﾑﾗ","prefectureName":"長野県","cityName":"東筑摩郡麻績村"},{"prefectureJisCode":"20","cityJisCode":"20452","prefectureNameKana":"ﾅｶﾞﾉｹﾝ","cityNameKana":"ﾋｶﾞｼﾁｸﾏｸﾞﾝﾁｸﾎｸﾑﾗ","prefectureName":"長野県","cityName":"東筑摩郡筑北村"},{"prefectureJisCode":"20","cityJisCode":"20450","prefectureNameKana":"ﾅｶﾞﾉｹﾝ","cityNameKana":"ﾋｶﾞｼﾁｸﾏｸﾞﾝﾔﾏｶﾞﾀﾑﾗ","prefectureName":"長野県","cityName":"東筑摩郡山形村"},{"prefectureJisCode":"20","cityJisCode":"20202","prefectureNameKana":"ﾅｶﾞﾉｹﾝ","cityNameKana":"ﾏﾂﾓﾄｼ","prefectureName":"長野県","cityName":"松本市"},{"prefectureJisCode":"20","cityJisCode":"20304","prefectureNameKana":"ﾅｶﾞﾉｹﾝ","cityNameKana":"ﾐﾅﾐｻｸｸﾞﾝｶﾜｶﾐﾑﾗ","prefectureName":"長野県","cityName":"南佐久郡川上村"},{"prefectureJisCode":"20","cityJisCode":"20307","prefectureNameKana":"ﾅｶﾞﾉｹﾝ","cityNameKana":"ﾐﾅﾐｻｸｸﾞﾝｷﾀｱｲｷﾑﾗ","prefectureName":"長野県","cityName":"南佐久郡北相木村"},{"prefectureJisCode":"20","cityJisCode":"20303","prefectureNameKana":"ﾅｶﾞﾉｹﾝ","cityNameKana":"ﾐﾅﾐｻｸｸﾞﾝｺｳﾐﾏﾁ","prefectureName":"長野県","cityName":"南佐久郡小海町"},{"prefectureJisCode":"20","cityJisCode":"20309","prefectureNameKana":"ﾅｶﾞﾉｹﾝ","cityNameKana":"ﾐﾅﾐｻｸｸﾞﾝｻｸﾎﾏﾁ","prefectureName":"長野県","cityName":"南佐久郡佐久穂町"},{"prefectureJisCode":"20","cityJisCode":"20306","prefectureNameKana":"ﾅｶﾞﾉｹﾝ","cityNameKana":"ﾐﾅﾐｻｸｸﾞﾝﾐﾅﾐｱｲｷﾑﾗ","prefectureName":"長野県","cityName":"南佐久郡南相木村"},{"prefectureJisCode":"20","cityJisCode":"20305","prefectureNameKana":"ﾅｶﾞﾉｹﾝ","cityNameKana":"ﾐﾅﾐｻｸｸﾞﾝﾐﾅﾐﾏｷﾑﾗ","prefectureName":"長野県","cityName":"南佐久郡南牧村"}]