[{"prefectureJisCode":"44","cityJisCode":"44207","townNameKana":"ｱｼﾞﾛ","townName":"網代","zipCode":"8792682"},{"prefectureJisCode":"44","cityJisCode":"44207","townNameKana":"ｲﾑﾀﾏﾁ","townName":"井無田町","zipCode":"8792445"},{"prefectureJisCode":"44","cityJisCode":"44207","townNameKana":"ｲﾘﾌﾈﾆｼﾏﾁ","townName":"入船西町","zipCode":"8792458"},{"prefectureJisCode":"44","cityJisCode":"44207","townNameKana":"ｲﾘﾌﾈﾋｶﾞｼﾏﾁ","townName":"入船東町","zipCode":"8792459"},{"prefectureJisCode":"44","cityJisCode":"44207","townNameKana":"ｲﾜﾔﾏﾁ","townName":"岩屋町","zipCode":"8792411"},{"prefectureJisCode":"44","cityJisCode":"44207","townNameKana":"ｵｵﾄﾓﾏﾁ","townName":"大友町","zipCode":"8792431"},{"prefectureJisCode":"44","cityJisCode":"44207","townNameKana":"ｵｶﾏﾁ","townName":"岡町","zipCode":"8792455"},{"prefectureJisCode":"44","cityJisCode":"44207","townNameKana":"ｶﾀｳﾗ","townName":"堅浦","zipCode":"8792475"},{"prefectureJisCode":"44","cityJisCode":"44207","townNameKana":"ｶﾐｱｵｴ","townName":"上青江","zipCode":"8792461"},{"prefectureJisCode":"44","cityJisCode":"44207","townNameKana":"ｶﾐﾐﾔﾓﾄﾏﾁ","townName":"上宮本町","zipCode":"8792436"},{"prefectureJisCode":"44","cityJisCode":"44207","townNameKana":"ｺｿﾞﾉﾏﾁ","townName":"小園町","zipCode":"8792453"},{"prefectureJisCode":"44","cityJisCode":"44207","townNameKana":"ｺﾞｳﾉﾓﾄﾏﾁ","townName":"合ノ元町","zipCode":"8792471"},{"prefectureJisCode":"44","cityJisCode":"44207","townNameKana":"ｼﾃﾏﾁ","townName":"志手町","zipCode":"8792457"},{"prefectureJisCode":"44","cityJisCode":"44207","townNameKana":"ｼﾓｱｵｴ","townName":"下青江","zipCode":"8792446"},{"prefectureJisCode":"44","cityJisCode":"44207","townNameKana":"ｼﾝﾏﾁ","townName":"新町","zipCode":"8792451"},{"prefectureJisCode":"44","cityJisCode":"44207","townNameKana":"ｼﾞｿﾞｳﾏﾁ","townName":"地蔵町","zipCode":"8792454"},{"prefectureJisCode":"44","cityJisCode":"44207","townNameKana":"ｾﾒﾝﾄﾏﾁ","townName":"セメント町","zipCode":"8792443"},{"prefectureJisCode":"44","cityJisCode":"44207","townNameKana":"ﾀｶｽﾏﾁ","townName":"高洲町","zipCode":"8792412"},{"prefectureJisCode":"44","cityJisCode":"44207","townNameKana":"ﾀﾁﾊﾞﾅﾏﾁ","townName":"立花町","zipCode":"8792434"},{"prefectureJisCode":"44","cityJisCode":"44207","townNameKana":"ﾁｭｳｵｳﾏﾁ","townName":"中央町","zipCode":"8792441"},{"prefectureJisCode":"44","cityJisCode":"44207","townNameKana":"ﾁﾇ","townName":"千怒","zipCode":"8792401"},{"prefectureJisCode":"44","cityJisCode":"44207","townNameKana":"ﾂｸﾐ","townName":"津久見","zipCode":"8792421"},{"prefectureJisCode":"44","cityJisCode":"44207","townNameKana":"ﾂｸﾐｳﾗ","townName":"津久見浦","zipCode":"8792413"},{"prefectureJisCode":"44","cityJisCode":"44207","townNameKana":"ﾄｸｳﾗ","townName":"徳浦","zipCode":"8792474"},{"prefectureJisCode":"44","cityJisCode":"44207","townNameKana":"ﾄｸｳﾗﾎﾝﾏﾁ","townName":"徳浦本町","zipCode":"8792472"},{"prefectureJisCode":"44","cityJisCode":"44207","townNameKana":"ﾄｸｳﾗﾐﾔﾏﾁ","townName":"徳浦宮町","zipCode":"8792473"},{"prefectureJisCode":"44","cityJisCode":"44207","townNameKana":"ﾅｶﾀﾞﾏﾁ","townName":"中田町","zipCode":"8792433"},{"prefectureJisCode":"44","cityJisCode":"44207","townNameKana":"ﾅｶﾏﾁ","townName":"中町","zipCode":"8792452"},{"prefectureJisCode":"44","cityJisCode":"44207","townNameKana":"ﾅｶﾞﾒ","townName":"長目","zipCode":"8792476"},{"prefectureJisCode":"44","cityJisCode":"44207","townNameKana":"ﾋﾐ","townName":"日見","zipCode":"8792681"},{"prefectureJisCode":"44","cityJisCode":"44207","townNameKana":"ﾌﾞﾝｷｮｳﾏﾁ","townName":"文京町","zipCode":"8792432"},{"prefectureJisCode":"44","cityJisCode":"44207","townNameKana":"ﾎﾄｼﾞﾏ","townName":"保戸島","zipCode":"8792501"},{"prefectureJisCode":"44","cityJisCode":"44207","townNameKana":"ﾐﾅﾄﾏﾁ","townName":"港町","zipCode":"8792442"},{"prefectureJisCode":"44","cityJisCode":"44207","townNameKana":"ﾐﾔﾓﾄﾏﾁ","townName":"宮本町","zipCode":"8792435"},{"prefectureJisCode":"44","cityJisCode":"44207","townNameKana":"ﾓﾄﾏﾁ","townName":"元町","zipCode":"8792444"},{"prefectureJisCode":"44","cityJisCode":"44207","townNameKana":"ﾓﾝｾﾞﾝﾏﾁ","townName":"門前町","zipCode":"8792456"},{"prefectureJisCode":"44","cityJisCode":"44207","townNameKana":"ﾔﾄ","townName":"八戸","zipCode":"8792422"},{"prefectureJisCode":"44","cityJisCode":"44207","townNameKana":"ﾖｳﾗ","townName":"四浦","zipCode":"8792683"}]