[{"prefectureJisCode":"32","cityJisCode":"32205","townNameKana":"ｱｻﾔﾏﾁｮｳｱｻｸﾗ","townName":"朝山町朝倉","zipCode":"6992213"},{"prefectureJisCode":"32","cityJisCode":"32205","townNameKana":"ｱｻﾔﾏﾁｮｳｾﾝﾔﾏ","townName":"朝山町仙山","zipCode":"6992212"},{"prefectureJisCode":"32","cityJisCode":"32205","townNameKana":"ｲｿﾀｹﾁｮｳ","townName":"五十猛町","zipCode":"6940035"},{"prefectureJisCode":"32","cityJisCode":"32205","townNameKana":"ｵｵｼﾛﾁｮｳｵｵｴ","townName":"大代町大家","zipCode":"6940433"},{"prefectureJisCode":"32","cityJisCode":"32205","townNameKana":"ｵｵｼﾛﾁｮｳﾆｲﾔ","townName":"大代町新屋","zipCode":"6940432"},{"prefectureJisCode":"32","cityJisCode":"32205","townNameKana":"ｵｵﾀﾞﾁｮｳｵｵﾀﾞ","townName":"大田町大田","zipCode":"6940064"},{"prefectureJisCode":"32","cityJisCode":"32205","townNameKana":"ｵｵﾀﾞﾁｮｳﾉｼﾞﾛ","townName":"大田町野城","zipCode":"6940062"},{"prefectureJisCode":"32","cityJisCode":"32205","townNameKana":"ｵｵﾀﾞﾁｮｳﾖｼﾅｶﾞ","townName":"大田町吉永","zipCode":"6940063"},{"prefectureJisCode":"32","cityJisCode":"32205","townNameKana":"ｵｵﾓﾘﾁｮｳ","townName":"大森町","zipCode":"6940305"},{"prefectureJisCode":"32","cityJisCode":"32205","townNameKana":"ｵｵﾔﾁｮｳｵｵｸﾞﾆ","townName":"大屋町大国","zipCode":"6940033"},{"prefectureJisCode":"32","cityJisCode":"32205","townNameKana":"ｵｵﾔﾁｮｳｵｵﾔ","townName":"大屋町大屋","zipCode":"6940034"},{"prefectureJisCode":"32","cityJisCode":"32205","townNameKana":"ｵｵﾔﾁｮｳｵﾆﾑﾗ","townName":"大屋町鬼村","zipCode":"6940032"},{"prefectureJisCode":"32","cityJisCode":"32205","townNameKana":"ｶﾜｲﾁｮｳｵｼﾊﾗ","townName":"川合町忍原","zipCode":"6940012"},{"prefectureJisCode":"32","cityJisCode":"32205","townNameKana":"ｶﾜｲﾁｮｳｶﾜｲ","townName":"川合町川合","zipCode":"6940011"},{"prefectureJisCode":"32","cityJisCode":"32205","townNameKana":"ｶﾜｲﾁｮｳﾖｼﾅｶﾞ","townName":"川合町吉永","zipCode":"6940013"},{"prefectureJisCode":"32","cityJisCode":"32205","townNameKana":"ｸﾃﾁｮｳｻﾂｶ","townName":"久手町刺鹿","zipCode":"6940052"},{"prefectureJisCode":"32","cityJisCode":"32205","townNameKana":"ｸﾃﾁｮｳﾊﾈﾆｼ","townName":"久手町波根西","zipCode":"6940051"},{"prefectureJisCode":"32","cityJisCode":"32205","townNameKana":"ｸﾘﾁｮｳｲﾁﾊﾗ","townName":"久利町市原","zipCode":"6940022"},{"prefectureJisCode":"32","cityJisCode":"32205","townNameKana":"ｸﾘﾁｮｳｸﾘ","townName":"久利町久利","zipCode":"6940024"},{"prefectureJisCode":"32","cityJisCode":"32205","townNameKana":"ｸﾘﾁｮｳｻﾏ","townName":"久利町佐摩","zipCode":"6940023"},{"prefectureJisCode":"32","cityJisCode":"32205","townNameKana":"ｸﾘﾁｮｳﾏﾂｼﾛ","townName":"久利町松代","zipCode":"6940025"},{"prefectureJisCode":"32","cityJisCode":"32205","townNameKana":"ｸﾘﾁｮｳﾕｷﾂﾈ","townName":"久利町行恒","zipCode":"6940021"},{"prefectureJisCode":"32","cityJisCode":"32205","townNameKana":"ｻﾝﾍﾞﾁｮｳｲｹﾀﾞ","townName":"三瓶町池田","zipCode":"6940223"},{"prefectureJisCode":"32","cityJisCode":"32205","townNameKana":"ｻﾝﾍﾞﾁｮｳｳﾔﾏ","townName":"三瓶町上山","zipCode":"6940221"},{"prefectureJisCode":"32","cityJisCode":"32205","townNameKana":"ｻﾝﾍﾞﾁｮｳｺﾔﾊﾗ","townName":"三瓶町小屋原","zipCode":"6940224"},{"prefectureJisCode":"32","cityJisCode":"32205","townNameKana":"ｻﾝﾍﾞﾁｮｳｼｶﾞｸ","townName":"三瓶町志学","zipCode":"6940222"},{"prefectureJisCode":"32","cityJisCode":"32205","townNameKana":"ｻﾝﾍﾞﾁｮｳﾀﾈ","townName":"三瓶町多根","zipCode":"6940003"},{"prefectureJisCode":"32","cityJisCode":"32205","townNameKana":"ｻﾝﾍﾞﾁｮｳﾉｼﾞﾛ","townName":"三瓶町野城","zipCode":"6940004"},{"prefectureJisCode":"32","cityJisCode":"32205","townNameKana":"ｼｽﾞﾏﾁｮｳ","townName":"静間町","zipCode":"6940031"},{"prefectureJisCode":"32","cityJisCode":"32205","townNameKana":"ｿｼﾞｷﾁｮｳ","townName":"祖式町","zipCode":"6940431"},{"prefectureJisCode":"32","cityJisCode":"32205","townNameKana":"ﾄﾐﾔﾏﾁｮｳｶﾝﾊﾞﾗ","townName":"富山町神原","zipCode":"6992214"},{"prefectureJisCode":"32","cityJisCode":"32205","townNameKana":"ﾄﾐﾔﾏﾁｮｳｻｲｻﾞｶ","townName":"富山町才坂","zipCode":"6992215"},{"prefectureJisCode":"32","cityJisCode":"32205","townNameKana":"ﾄﾐﾔﾏﾁｮｳﾔﾏﾅｶ","townName":"富山町山中","zipCode":"6940061"},{"prefectureJisCode":"32","cityJisCode":"32205","townNameKana":"ﾄﾐﾔﾏﾁｮｳﾔﾏﾅｶｵｼｶﾞﾄ","townName":"富山町山中押ケ峠","zipCode":"6940061"},{"prefectureJisCode":"32","cityJisCode":"32205","townNameKana":"ﾄﾘｲﾁｮｳﾄﾘｲ","townName":"鳥井町鳥井","zipCode":"6940054"},{"prefectureJisCode":"32","cityJisCode":"32205","townNameKana":"ﾄﾘｲﾁｮｳﾄﾘｺﾞｴ","townName":"鳥井町鳥越","zipCode":"6940053"},{"prefectureJisCode":"32","cityJisCode":"32205","townNameKana":"ﾅｶﾞﾋｻﾁｮｳｲﾅﾓﾁ","townName":"長久町稲用","zipCode":"6940042"},{"prefectureJisCode":"32","cityJisCode":"32205","townNameKana":"ﾅｶﾞﾋｻﾁｮｳﾂﾁｴ","townName":"長久町土江","zipCode":"6940044"},{"prefectureJisCode":"32","cityJisCode":"32205","townNameKana":"ﾅｶﾞﾋｻﾁｮｳﾅｶﾞﾋｻ","townName":"長久町長久","zipCode":"6940041"},{"prefectureJisCode":"32","cityJisCode":"32205","townNameKana":"ﾅｶﾞﾋｻﾁｮｳﾉﾌﾞｻﾄ","townName":"長久町延里","zipCode":"6940043"},{"prefectureJisCode":"32","cityJisCode":"32205","townNameKana":"ﾆﾏﾁｮｳｱﾏｺﾞｳﾁ","townName":"仁摩町天河内","zipCode":"6992305"},{"prefectureJisCode":"32","cityJisCode":"32205","townNameKana":"ﾆﾏﾁｮｳｵｵｸﾞﾆ","townName":"仁摩町大国","zipCode":"6992303"},{"prefectureJisCode":"32","cityJisCode":"32205","townNameKana":"ﾆﾏﾁｮｳﾀｸﾉ","townName":"仁摩町宅野","zipCode":"6992302"},{"prefectureJisCode":"32","cityJisCode":"32205","townNameKana":"ﾆﾏﾁｮｳﾆﾏ","townName":"仁摩町仁万","zipCode":"6992301"},{"prefectureJisCode":"32","cityJisCode":"32205","townNameKana":"ﾆﾏﾁｮｳﾏｼﾞ","townName":"仁摩町馬路","zipCode":"6992304"},{"prefectureJisCode":"32","cityJisCode":"32205","townNameKana":"ﾊﾈﾁｮｳ","townName":"波根町","zipCode":"6992211"},{"prefectureJisCode":"32","cityJisCode":"32205","townNameKana":"ﾐﾅｶﾐﾁｮｳｵｷﾞﾊﾗ","townName":"水上町荻原","zipCode":"6940301"},{"prefectureJisCode":"32","cityJisCode":"32205","townNameKana":"ﾐﾅｶﾐﾁｮｳｼﾛﾂｷ","townName":"水上町白坏","zipCode":"6940303"},{"prefectureJisCode":"32","cityJisCode":"32205","townNameKana":"ﾐﾅｶﾐﾁｮｳﾌｸﾊﾗ","townName":"水上町福原","zipCode":"6940302"},{"prefectureJisCode":"32","cityJisCode":"32205","townNameKana":"ﾐﾅｶﾐﾁｮｳﾐｸｽ","townName":"水上町三久須","zipCode":"6940304"},{"prefectureJisCode":"32","cityJisCode":"32205","townNameKana":"ﾔﾏｸﾞﾁﾁｮｳｻﾂﾒ","townName":"山口町佐津目","zipCode":"6940001"},{"prefectureJisCode":"32","cityJisCode":"32205","townNameKana":"ﾔﾏｸﾞﾁﾁｮｳﾔﾏｸﾞﾁ","townName":"山口町山口","zipCode":"6940002"},{"prefectureJisCode":"32","cityJisCode":"32205","townNameKana":"ﾕﾉﾂﾁｮｳｲﾀﾞ","townName":"温泉津町井田","zipCode":"6992507"},{"prefectureJisCode":"32","cityJisCode":"32205","townNameKana":"ﾕﾉﾂﾁｮｳｲﾏｳﾗ","townName":"温泉津町今浦","zipCode":"6992515"},{"prefectureJisCode":"32","cityJisCode":"32205","townNameKana":"ﾕﾉﾂﾁｮｳｵｵﾀ","townName":"温泉津町太田","zipCode":"6992505"},{"prefectureJisCode":"32","cityJisCode":"32205","townNameKana":"ﾕﾉﾂﾁｮｳｵｷﾞﾑﾗ","townName":"温泉津町荻村","zipCode":"6992504"},{"prefectureJisCode":"32","cityJisCode":"32205","townNameKana":"ﾕﾉﾂﾁｮｳｶﾐﾑﾗ","townName":"温泉津町上村","zipCode":"6992513"},{"prefectureJisCode":"32","cityJisCode":"32205","townNameKana":"ﾕﾉﾂﾁｮｳｺﾊﾏ","townName":"温泉津町小浜","zipCode":"6992511"},{"prefectureJisCode":"32","cityJisCode":"32205","townNameKana":"ﾕﾉﾂﾁｮｳﾆｼﾀ","townName":"温泉津町西田","zipCode":"6992503"},{"prefectureJisCode":"32","cityJisCode":"32205","townNameKana":"ﾕﾉﾂﾁｮｳﾊﾝﾊﾞﾗ","townName":"温泉津町飯原","zipCode":"6992512"},{"prefectureJisCode":"32","cityJisCode":"32205","townNameKana":"ﾕﾉﾂﾁｮｳﾌｸﾀﾞ","townName":"温泉津町福田","zipCode":"6992506"},{"prefectureJisCode":"32","cityJisCode":"32205","townNameKana":"ﾕﾉﾂﾁｮｳﾌｸﾐﾂ","townName":"温泉津町福光","zipCode":"6992514"},{"prefectureJisCode":"32","cityJisCode":"32205","townNameKana":"ﾕﾉﾂﾁｮｳﾕｻﾄ","townName":"温泉津町湯里","zipCode":"6992502"},{"prefectureJisCode":"32","cityJisCode":"32205","townNameKana":"ﾕﾉﾂﾁｮｳﾕﾉﾂ","townName":"温泉津町温泉津","zipCode":"6992501"},{"prefectureJisCode":"32","cityJisCode":"32205","townNameKana":"ﾕﾉﾂﾁｮｳﾖｼｳﾗ","townName":"温泉津町吉浦","zipCode":"6992516"}]