[{"prefectureJisCode":"34","cityJisCode":"34204","townNameKana":"ｱｵﾊﾞﾀﾞｲ","townName":"青葉台","zipCode":"7230047"},{"prefectureJisCode":"34","cityJisCode":"34204","townNameKana":"ｱｻﾋﾏﾁ","townName":"旭町","zipCode":"7230012"},{"prefectureJisCode":"34","cityJisCode":"34204","townNameKana":"ｲﾄｻｷ","townName":"糸崎","zipCode":"7290324"},{"prefectureJisCode":"34","cityJisCode":"34204","townNameKana":"ｲﾄｻｷﾐﾅﾐ","townName":"糸崎南","zipCode":"7290329"},{"prefectureJisCode":"34","cityJisCode":"34204","townNameKana":"ｴﾝｲﾁﾁｮｳ","townName":"円一町","zipCode":"7230015"},{"prefectureJisCode":"34","cityJisCode":"34204","townNameKana":"ｵｵﾊﾀﾁｮｳ","townName":"大畑町","zipCode":"7230066"},{"prefectureJisCode":"34","cityJisCode":"34204","townNameKana":"ｵｷｳﾗﾁｮｳ","townName":"沖浦町","zipCode":"7230033"},{"prefectureJisCode":"34","cityJisCode":"34204","townNameKana":"ｵｸﾉﾔﾏﾁｮｳ","townName":"奥野山町","zipCode":"7290322"},{"prefectureJisCode":"34","cityJisCode":"34204","townNameKana":"ｵｻｶﾁｮｳ","townName":"小坂町","zipCode":"7230131"},{"prefectureJisCode":"34","cityJisCode":"34204","townNameKana":"ｶｲﾉﾁｮｳ","townName":"貝野町","zipCode":"7230043"},{"prefectureJisCode":"34","cityJisCode":"34204","townNameKana":"ｶﾞｸｴﾝﾁｮｳ","townName":"学園町","zipCode":"7230053"},{"prefectureJisCode":"34","cityJisCode":"34204","townNameKana":"ｷﾊﾗ","townName":"木原","zipCode":"7290321"},{"prefectureJisCode":"34","cityJisCode":"34204","townNameKana":"ｷﾊﾗﾁｮｳ","townName":"木原町","zipCode":"7290321"},{"prefectureJisCode":"34","cityJisCode":"34204","townNameKana":"ｸｲﾁｮｳｱｿﾞｳﾊﾞﾗ","townName":"久井町莇原","zipCode":"7221301"},{"prefectureJisCode":"34","cityJisCode":"34204","townNameKana":"ｸｲﾁｮｳｲｽﾞﾐ","townName":"久井町泉","zipCode":"7221411"},{"prefectureJisCode":"34","cityJisCode":"34204","townNameKana":"ｸｲﾁｮｳｴｷﾞ","townName":"久井町江木","zipCode":"7221304"},{"prefectureJisCode":"34","cityJisCode":"34204","townNameKana":"ｸｲﾁｮｳｺﾊﾞﾔｼ","townName":"久井町小林","zipCode":"7221417"},{"prefectureJisCode":"34","cityJisCode":"34204","townNameKana":"ｸｲﾁｮｳｻｶｲﾊﾞﾗ","townName":"久井町坂井原","zipCode":"7221414"},{"prefectureJisCode":"34","cityJisCode":"34204","townNameKana":"ｸｲﾁｮｳｼﾓﾂ","townName":"久井町下津","zipCode":"7221303"},{"prefectureJisCode":"34","cityJisCode":"34204","townNameKana":"ｸｲﾁｮｳﾂﾁﾄﾘ","townName":"久井町土取","zipCode":"7221415"},{"prefectureJisCode":"34","cityJisCode":"34204","townNameKana":"ｸｲﾁｮｳﾊｸﾞﾗ","townName":"久井町羽倉","zipCode":"7221413"},{"prefectureJisCode":"34","cityJisCode":"34204","townNameKana":"ｸｲﾁｮｳﾔﾏﾅｶﾉ","townName":"久井町山中野","zipCode":"7221416"},{"prefectureJisCode":"34","cityJisCode":"34204","townNameKana":"ｸｲﾁｮｳﾖｼﾀﾞ","townName":"久井町吉田","zipCode":"7221302"},{"prefectureJisCode":"34","cityJisCode":"34204","townNameKana":"ｸｲﾁｮｳﾜｿｳ","townName":"久井町和草","zipCode":"7221412"},{"prefectureJisCode":"34","cityJisCode":"34204","townNameKana":"ｺｲｽﾞﾐﾁｮｳ","townName":"小泉町","zipCode":"7292361"},{"prefectureJisCode":"34","cityJisCode":"34204","townNameKana":"ｺﾊﾏ","townName":"古浜","zipCode":"7230013"},{"prefectureJisCode":"34","cityJisCode":"34204","townNameKana":"ｺﾏｶﾞﾊﾗﾁｮｳ","townName":"駒ケ原町","zipCode":"7230006"},{"prefectureJisCode":"34","cityJisCode":"34204","townNameKana":"ｻｲｻﾞｷｸﾜｷ","townName":"幸崎久和喜","zipCode":"7292251"},{"prefectureJisCode":"34","cityJisCode":"34204","townNameKana":"ｻｲｻﾞｷﾁｮｳｸﾜｷ","townName":"幸崎町久和喜","zipCode":"7292251"},{"prefectureJisCode":"34","cityJisCode":"34204","townNameKana":"ｻｲｻﾞｷﾁｮｳﾉｳｼﾞ","townName":"幸崎町能地","zipCode":"7292252"},{"prefectureJisCode":"34","cityJisCode":"34204","townNameKana":"ｻｲｻﾞｷﾁｮｳﾜﾀｾ","townName":"幸崎町渡瀬","zipCode":"7292253"},{"prefectureJisCode":"34","cityJisCode":"34204","townNameKana":"ｻｲｻﾞｷﾉｳｼﾞ","townName":"幸崎能地","zipCode":"7292252"},{"prefectureJisCode":"34","cityJisCode":"34204","townNameKana":"ｻｲｻﾞｷﾜﾀｾ","townName":"幸崎渡瀬","zipCode":"7292253"},{"prefectureJisCode":"34","cityJisCode":"34204","townNameKana":"ｻｷﾞｳﾗﾁｮｳｽﾅﾐ","townName":"鷺浦町須波","zipCode":"7230021"},{"prefectureJisCode":"34","cityJisCode":"34204","townNameKana":"ｻｷﾞｳﾗﾁｮｳﾑｺｳﾀﾉｳﾗ","townName":"鷺浦町向田野浦","zipCode":"7230022"},{"prefectureJisCode":"34","cityJisCode":"34204","townNameKana":"ｻｸﾗﾔﾏﾁｮｳ","townName":"桜山町","zipCode":"7230005"},{"prefectureJisCode":"34","cityJisCode":"34204","townNameKana":"ｼﾓｷﾀｶﾞﾀ","townName":"下北方","zipCode":"7290414"},{"prefectureJisCode":"34","cityJisCode":"34204","townNameKana":"ｼﾛﾏﾁ","townName":"城町","zipCode":"7230014"},{"prefectureJisCode":"34","cityJisCode":"34204","townNameKana":"ｼﾝｸﾗ","townName":"新倉","zipCode":"7230134"},{"prefectureJisCode":"34","cityJisCode":"34204","townNameKana":"ｼﾝｸﾗﾁｮｳ","townName":"新倉町","zipCode":"7230134"},{"prefectureJisCode":"34","cityJisCode":"34204","townNameKana":"ｽﾅﾐ","townName":"須波","zipCode":"7230031"},{"prefectureJisCode":"34","cityJisCode":"34204","townNameKana":"ｽﾅﾐﾁｮｳ","townName":"須波町","zipCode":"7230031"},{"prefectureJisCode":"34","cityJisCode":"34204","townNameKana":"ｽﾅﾐﾆｼ","townName":"須波西","zipCode":"7230032"},{"prefectureJisCode":"34","cityJisCode":"34204","townNameKana":"ｽﾅﾐﾆｼﾏﾁ","townName":"須波西町","zipCode":"7230032"},{"prefectureJisCode":"34","cityJisCode":"34204","townNameKana":"ｽﾅﾐﾊｲﾂ","townName":"須波ハイツ","zipCode":"7230035"},{"prefectureJisCode":"34","cityJisCode":"34204","townNameKana":"ｿｳｺﾞｳ","townName":"宗郷","zipCode":"7230044"},{"prefectureJisCode":"34","cityJisCode":"34204","townNameKana":"ﾀｶｻｶﾁｮｳｼﾝﾗ","townName":"高坂町真良","zipCode":"7290472"},{"prefectureJisCode":"34","cityJisCode":"34204","townNameKana":"ﾀｶｻｶﾁｮｳﾓﾄﾔﾏ","townName":"高坂町許山","zipCode":"7290471"},{"prefectureJisCode":"34","cityJisCode":"34204","townNameKana":"ﾀﾉｳﾗ","townName":"田野浦","zipCode":"7230045"},{"prefectureJisCode":"34","cityJisCode":"34204","townNameKana":"ﾀﾞｲﾜﾁｮｳｳﾊﾞｶﾞﾊﾗ","townName":"大和町姥ケ原","zipCode":"7291212"},{"prefectureJisCode":"34","cityJisCode":"34204","townNameKana":"ﾀﾞｲﾜﾁｮｳｵｵｸﾞ","townName":"大和町大具","zipCode":"7291323"},{"prefectureJisCode":"34","cityJisCode":"34204","townNameKana":"ﾀﾞｲﾜﾁｮｳｵｵｸﾞｻ","townName":"大和町大草","zipCode":"7291211"},{"prefectureJisCode":"34","cityJisCode":"34204","townNameKana":"ﾀﾞｲﾜﾁｮｳｶﾐｸﾞｻｲ","townName":"大和町上草井","zipCode":"7291332"},{"prefectureJisCode":"34","cityJisCode":"34204","townNameKana":"ﾀﾞｲﾜﾁｮｳｶﾐﾄｸﾗ","townName":"大和町上徳良","zipCode":"7291405"},{"prefectureJisCode":"34","cityJisCode":"34204","townNameKana":"ﾀﾞｲﾜﾁｮｳｸﾗﾑﾈ","townName":"大和町蔵宗","zipCode":"7291401"},{"prefectureJisCode":"34","cityJisCode":"34204","townNameKana":"ﾀﾞｲﾜﾁｮｳｼﾉ","townName":"大和町篠","zipCode":"7291402"},{"prefectureJisCode":"34","cityJisCode":"34204","townNameKana":"ﾀﾞｲﾜﾁｮｳｼﾓｸﾞｻｲ","townName":"大和町下草井","zipCode":"7291333"},{"prefectureJisCode":"34","cityJisCode":"34204","townNameKana":"ﾀﾞｲﾜﾁｮｳｼﾓﾄｸﾗ","townName":"大和町下徳良","zipCode":"7291406"},{"prefectureJisCode":"34","cityJisCode":"34204","townNameKana":"ﾀﾞｲﾜﾁｮｳﾊｲﾊﾞﾗ","townName":"大和町萩原","zipCode":"7291403"},{"prefectureJisCode":"34","cityJisCode":"34204","townNameKana":"ﾀﾞｲﾜﾁｮｳﾊｺｶﾞﾜ","townName":"大和町箱川","zipCode":"7291322"},{"prefectureJisCode":"34","cityJisCode":"34204","townNameKana":"ﾀﾞｲﾜﾁｮｳﾋﾗｻｶ","townName":"大和町平坂","zipCode":"7291213"},{"prefectureJisCode":"34","cityJisCode":"34204","townNameKana":"ﾀﾞｲﾜﾁｮｳﾌｸﾀﾞ","townName":"大和町福田","zipCode":"7291404"},{"prefectureJisCode":"34","cityJisCode":"34204","townNameKana":"ﾀﾞｲﾜﾁｮｳﾑｸﾅｼ","townName":"大和町椋梨","zipCode":"7291331"},{"prefectureJisCode":"34","cityJisCode":"34204","townNameKana":"ﾀﾞｲﾜﾁｮｳﾜｷ","townName":"大和町和木","zipCode":"7291321"},{"prefectureJisCode":"34","cityJisCode":"34204","townNameKana":"ﾅｶﾉﾁｮｳ","townName":"中之町","zipCode":"7230003"},{"prefectureJisCode":"34","cityJisCode":"34204","townNameKana":"ﾅｶﾉﾁｮｳｷﾀ","townName":"中之町北","zipCode":"7230007"},{"prefectureJisCode":"34","cityJisCode":"34204","townNameKana":"ﾅｶﾉﾁｮｳﾐﾅﾐ","townName":"中之町南","zipCode":"7230002"},{"prefectureJisCode":"34","cityJisCode":"34204","townNameKana":"ﾅｶﾞﾀﾆ","townName":"長谷","zipCode":"7230132"},{"prefectureJisCode":"34","cityJisCode":"34204","townNameKana":"ﾅｶﾞﾀﾆﾁｮｳ","townName":"長谷町","zipCode":"7230132"},{"prefectureJisCode":"34","cityJisCode":"34204","townNameKana":"ﾆｼﾉ","townName":"西野","zipCode":"7230065"},{"prefectureJisCode":"34","cityJisCode":"34204","townNameKana":"ﾆｼﾏﾁ","townName":"西町","zipCode":"7230063"},{"prefectureJisCode":"34","cityJisCode":"34204","townNameKana":"ﾆｼﾐﾔ","townName":"西宮","zipCode":"7230064"},{"prefectureJisCode":"34","cityJisCode":"34204","townNameKana":"ﾇﾀ","townName":"沼田","zipCode":"7230133"},{"prefectureJisCode":"34","cityJisCode":"34204","townNameKana":"ﾇﾀﾁｮｳ","townName":"沼田町","zipCode":"7230133"},{"prefectureJisCode":"34","cityJisCode":"34204","townNameKana":"ﾇﾀﾆｼﾁｮｳｵﾊﾞﾗ","townName":"沼田西町小原","zipCode":"7290473"},{"prefectureJisCode":"34","cityJisCode":"34204","townNameKana":"ﾇﾀﾆｼﾁｮｳｿｳｼﾞｮｳ","townName":"沼田西町惣定","zipCode":"7290474"},{"prefectureJisCode":"34","cityJisCode":"34204","townNameKana":"ﾇﾀﾆｼﾁｮｳﾏﾂｴ","townName":"沼田西町松江","zipCode":"7290475"},{"prefectureJisCode":"34","cityJisCode":"34204","townNameKana":"ﾇﾀﾋｶﾞｼﾁｮｳｶﾀｼﾏ","townName":"沼田東町片島","zipCode":"7230145"},{"prefectureJisCode":"34","cityJisCode":"34204","townNameKana":"ﾇﾀﾋｶﾞｼﾁｮｳｶﾏﾔﾏ","townName":"沼田東町釜山","zipCode":"7230143"},{"prefectureJisCode":"34","cityJisCode":"34204","townNameKana":"ﾇﾀﾋｶﾞｼﾁｮｳｼｯﾎﾟｳ","townName":"沼田東町七宝","zipCode":"7230148"},{"prefectureJisCode":"34","cityJisCode":"34204","townNameKana":"ﾇﾀﾋｶﾞｼﾁｮｳｽｴﾋﾛ","townName":"沼田東町末広","zipCode":"7230144"},{"prefectureJisCode":"34","cityJisCode":"34204","townNameKana":"ﾇﾀﾋｶﾞｼﾁｮｳｽｴﾐﾂ","townName":"沼田東町末光","zipCode":"7230142"},{"prefectureJisCode":"34","cityJisCode":"34204","townNameKana":"ﾇﾀﾋｶﾞｼﾁｮｳﾉｳｿ","townName":"沼田東町納所","zipCode":"7230146"},{"prefectureJisCode":"34","cityJisCode":"34204","townNameKana":"ﾇﾀﾋｶﾞｼﾁｮｳﾎﾝｲﾁ","townName":"沼田東町本市","zipCode":"7230147"},{"prefectureJisCode":"34","cityJisCode":"34204","townNameKana":"ﾇﾀﾋｶﾞｼﾁｮｳﾘｮｳﾐｮｳ","townName":"沼田東町両名","zipCode":"7230141"},{"prefectureJisCode":"34","cityJisCode":"34204","townNameKana":"ﾉﾎﾞﾘﾁｮｳ","townName":"登町","zipCode":"7230034"},{"prefectureJisCode":"34","cityJisCode":"34204","townNameKana":"ﾊﾁｶﾞﾐﾈﾁｮｳ","townName":"鉢ケ峰町","zipCode":"7290323"},{"prefectureJisCode":"34","cityJisCode":"34204","townNameKana":"ﾋｶﾞｼﾏﾁ","townName":"東町","zipCode":"7230011"},{"prefectureJisCode":"34","cityJisCode":"34204","townNameKana":"ﾌｶﾏﾁ","townName":"深町","zipCode":"7230001"},{"prefectureJisCode":"34","cityJisCode":"34204","townNameKana":"ﾎﾝｺﾞｳｷﾀ","townName":"本郷北","zipCode":"7290418"},{"prefectureJisCode":"34","cityJisCode":"34204","townNameKana":"ﾎﾝｺﾞｳﾁｮｳｶﾐｷﾀｶﾞﾀ","townName":"本郷町上北方","zipCode":"7290415"},{"prefectureJisCode":"34","cityJisCode":"34204","townNameKana":"ﾎﾝｺﾞｳﾁｮｳｼﾓｷﾀｶﾞﾀ","townName":"本郷町下北方","zipCode":"7290414"},{"prefectureJisCode":"34","cityJisCode":"34204","townNameKana":"ﾎﾝｺﾞｳﾁｮｳｾﾞﾝﾆｭｳｼﾞ","townName":"本郷町善入寺","zipCode":"7290416"},{"prefectureJisCode":"34","cityJisCode":"34204","townNameKana":"ﾎﾝｺﾞｳﾁｮｳﾌﾅｷ","townName":"本郷町船木","zipCode":"7221401"},{"prefectureJisCode":"34","cityJisCode":"34204","townNameKana":"ﾎﾝｺﾞｳﾁｮｳﾌﾅｷｲﾓﾎﾘ","townName":"本郷町船木芋堀","zipCode":"7221401"},{"prefectureJisCode":"34","cityJisCode":"34204","townNameKana":"ﾎﾝｺﾞｳﾁｮｳﾎﾝｺﾞｳ","townName":"本郷町本郷","zipCode":"7290412"},{"prefectureJisCode":"34","cityJisCode":"34204","townNameKana":"ﾎﾝｺﾞｳﾁｮｳﾐﾅﾐｶﾞﾀ","townName":"本郷町南方","zipCode":"7290413"},{"prefectureJisCode":"34","cityJisCode":"34204","townNameKana":"ﾎﾝｺﾞｳﾐﾅﾐ","townName":"本郷南","zipCode":"7290417"},{"prefectureJisCode":"34","cityJisCode":"34204","townNameKana":"ﾎﾝﾏﾁ","townName":"本町","zipCode":"7230062"},{"prefectureJisCode":"34","cityJisCode":"34204","townNameKana":"ﾐｮｳｼﾞﾝ","townName":"明神","zipCode":"7230046"},{"prefectureJisCode":"34","cityJisCode":"34204","townNameKana":"ﾐﾅﾄﾏﾁ","townName":"港町","zipCode":"7230017"},{"prefectureJisCode":"34","cityJisCode":"34204","townNameKana":"ﾐﾅﾐ","townName":"皆実","zipCode":"7230052"},{"prefectureJisCode":"34","cityJisCode":"34204","townNameKana":"ﾐﾅﾐｶﾞﾀ","townName":"南方","zipCode":"7290419"},{"prefectureJisCode":"34","cityJisCode":"34204","townNameKana":"ﾐﾔｳﾗ","townName":"宮浦","zipCode":"7230051"},{"prefectureJisCode":"34","cityJisCode":"34204","townNameKana":"ﾐﾔｵｷ","townName":"宮沖","zipCode":"7230016"},{"prefectureJisCode":"34","cityJisCode":"34204","townNameKana":"ﾔｶﾀﾏﾁ","townName":"館町","zipCode":"7230004"},{"prefectureJisCode":"34","cityJisCode":"34204","townNameKana":"ﾔｻｶﾁｮｳ","townName":"八坂町","zipCode":"7230061"},{"prefectureJisCode":"34","cityJisCode":"34204","townNameKana":"ﾔﾊﾀﾁｮｳｶｲﾁ","townName":"八幡町垣内","zipCode":"7221501"},{"prefectureJisCode":"34","cityJisCode":"34204","townNameKana":"ﾔﾊﾀﾁｮｳｶｶﾞﾘ","townName":"八幡町篝","zipCode":"7221511"},{"prefectureJisCode":"34","cityJisCode":"34204","townNameKana":"ﾔﾊﾀﾁｮｳﾉｸﾞｼ","townName":"八幡町野串","zipCode":"7221512"},{"prefectureJisCode":"34","cityJisCode":"34204","townNameKana":"ﾔﾊﾀﾁｮｳﾎﾝｼﾞｮｳ","townName":"八幡町本庄","zipCode":"7221516"},{"prefectureJisCode":"34","cityJisCode":"34204","townNameKana":"ﾔﾊﾀﾁｮｳﾐﾉｳ","townName":"八幡町美生","zipCode":"7221515"},{"prefectureJisCode":"34","cityJisCode":"34204","townNameKana":"ﾔﾊﾀﾁｮｳﾐﾔｳﾁ","townName":"八幡町宮内","zipCode":"7221513"},{"prefectureJisCode":"34","cityJisCode":"34204","townNameKana":"ﾔﾊﾀﾁｮｳﾔﾅｶ","townName":"八幡町屋中","zipCode":"7221514"},{"prefectureJisCode":"34","cityJisCode":"34204","townNameKana":"ﾖﾘｶﾈ","townName":"頼兼","zipCode":"7230054"},{"prefectureJisCode":"34","cityJisCode":"34204","townNameKana":"ﾜﾀﾞ","townName":"和田","zipCode":"7230041"},{"prefectureJisCode":"34","cityJisCode":"34204","townNameKana":"ﾜﾀﾞｵｷﾁｮｳ","townName":"和田沖町","zipCode":"7230042"}]