[{"prefectureJisCode":"34","cityJisCode":"34212","townNameKana":"ｱｷﾂﾁｮｳｵｵﾀﾞ","townName":"安芸津町大田","zipCode":"7392404"},{"prefectureJisCode":"34","cityJisCode":"34212","townNameKana":"ｱｷﾂﾁｮｳｶｻﾞﾊﾔ","townName":"安芸津町風早","zipCode":"7392403"},{"prefectureJisCode":"34","cityJisCode":"34212","townNameKana":"ｱｷﾂﾁｮｳｷﾀﾞﾆ","townName":"安芸津町木谷","zipCode":"7392401"},{"prefectureJisCode":"34","cityJisCode":"34212","townNameKana":"ｱｷﾂﾁｮｳｺﾏﾂﾊﾞﾗ","townName":"安芸津町小松原","zipCode":"7392405"},{"prefectureJisCode":"34","cityJisCode":"34212","townNameKana":"ｱｷﾂﾁｮｳﾐﾂ","townName":"安芸津町三津","zipCode":"7392402"},{"prefectureJisCode":"34","cityJisCode":"34212","townNameKana":"ｶｶﾞﾐﾔﾏ","townName":"鏡山","zipCode":"7390046"},{"prefectureJisCode":"34","cityJisCode":"34212","townNameKana":"ｶｶﾞﾐﾔﾏｷﾀ","townName":"鏡山北","zipCode":"7390045"},{"prefectureJisCode":"34","cityJisCode":"34212","townNameKana":"ｸﾛｾｶｽｶﾞﾉ","townName":"黒瀬春日野","zipCode":"7392615"},{"prefectureJisCode":"34","cityJisCode":"34212","townNameKana":"ｸﾛｾｶﾞｸｴﾝﾀﾞｲ","townName":"黒瀬学園台","zipCode":"7392631"},{"prefectureJisCode":"34","cityJisCode":"34212","townNameKana":"ｸﾛｾｷﾘﾀｶﾞｵｶ","townName":"黒瀬切田が丘","zipCode":"7392619"},{"prefectureJisCode":"34","cityJisCode":"34212","townNameKana":"ｸﾛｾｻｸﾗｶﾞｵｶ","townName":"黒瀬桜が丘","zipCode":"7392618"},{"prefectureJisCode":"34","cityJisCode":"34212","townNameKana":"ｸﾛｾﾁｮｳｲﾁｲｲﾀﾞ","townName":"黒瀬町市飯田","zipCode":"7392626"},{"prefectureJisCode":"34","cityJisCode":"34212","townNameKana":"ｸﾛｾﾁｮｳｵｵﾀﾀﾞ","townName":"黒瀬町大多田","zipCode":"7392611"},{"prefectureJisCode":"34","cityJisCode":"34212","townNameKana":"ｸﾛｾﾁｮｳｵﾀﾀﾞ","townName":"黒瀬町小多田","zipCode":"7392501"},{"prefectureJisCode":"34","cityJisCode":"34212","townNameKana":"ｸﾛｾﾁｮｳｶﾈｻﾜ","townName":"黒瀬町兼沢","zipCode":"7392731"},{"prefectureJisCode":"34","cityJisCode":"34212","townNameKana":"ｸﾛｾﾁｮｳｶﾈﾋﾛ","townName":"黒瀬町兼広","zipCode":"7392616"},{"prefectureJisCode":"34","cityJisCode":"34212","townNameKana":"ｸﾛｾﾁｮｳｶﾐﾎﾞｳﾀﾞ","townName":"黒瀬町上保田","zipCode":"7392625"},{"prefectureJisCode":"34","cityJisCode":"34212","townNameKana":"ｸﾛｾﾁｮｳｶﾜｽﾐ","townName":"黒瀬町川角","zipCode":"7392623"},{"prefectureJisCode":"34","cityJisCode":"34212","townNameKana":"ｸﾛｾﾁｮｳｷﾘﾀ","townName":"黒瀬町切田","zipCode":"7392617"},{"prefectureJisCode":"34","cityJisCode":"34212","townNameKana":"ｸﾛｾﾁｮｳｸﾆﾁｶ","townName":"黒瀬町国近","zipCode":"7392502"},{"prefectureJisCode":"34","cityJisCode":"34212","townNameKana":"ｸﾛｾﾁｮｳｽｹﾞﾀ","townName":"黒瀬町菅田","zipCode":"7392624"},{"prefectureJisCode":"34","cityJisCode":"34212","townNameKana":"ｸﾛｾﾁｮｳﾂｴ","townName":"黒瀬町津江","zipCode":"7392732"},{"prefectureJisCode":"34","cityJisCode":"34212","townNameKana":"ｸﾛｾﾁｮｳﾅﾗﾊﾗ","townName":"黒瀬町楢原","zipCode":"7392613"},{"prefectureJisCode":"34","cityJisCode":"34212","townNameKana":"ｸﾛｾﾁｮｳﾉﾐﾉｵ","townName":"黒瀬町乃美尾","zipCode":"7392622"},{"prefectureJisCode":"34","cityJisCode":"34212","townNameKana":"ｸﾛｾﾁｮｳﾏﾙﾔﾏ","townName":"黒瀬町丸山","zipCode":"7392612"},{"prefectureJisCode":"34","cityJisCode":"34212","townNameKana":"ｸﾛｾﾁｮｳﾐﾅﾐｶﾞﾀ","townName":"黒瀬町南方","zipCode":"7392503"},{"prefectureJisCode":"34","cityJisCode":"34212","townNameKana":"ｸﾛｾﾁｮｳﾐﾅﾐｶﾞﾀｶﾓｾｲｼﾝｲﾘｮｳｾﾝﾀｰ","townName":"黒瀬町南方賀茂精神医療センター","zipCode":"7392621"},{"prefectureJisCode":"34","cityJisCode":"34212","townNameKana":"ｸﾛｾﾁｮｳﾑﾈﾁｶﾔﾅｸﾆ","townName":"黒瀬町宗近柳国","zipCode":"7392504"},{"prefectureJisCode":"34","cityJisCode":"34212","townNameKana":"ｸﾛｾﾅﾗﾊﾗｷﾀ","townName":"黒瀬楢原北","zipCode":"7392627"},{"prefectureJisCode":"34","cityJisCode":"34212","townNameKana":"ｸﾛｾﾅﾗﾊﾗﾆｼ","townName":"黒瀬楢原西","zipCode":"7392629"},{"prefectureJisCode":"34","cityJisCode":"34212","townNameKana":"ｸﾛｾﾅﾗﾊﾗﾋｶﾞｼ","townName":"黒瀬楢原東","zipCode":"7392628"},{"prefectureJisCode":"34","cityJisCode":"34212","townNameKana":"ｸﾛｾﾏﾂｶﾞｵｶ","townName":"黒瀬松ケ丘","zipCode":"7392614"},{"prefectureJisCode":"34","cityJisCode":"34212","townNameKana":"ｺｳﾁﾁｮｳｳﾔﾏ","townName":"河内町宇山","zipCode":"7392206"},{"prefectureJisCode":"34","cityJisCode":"34212","townNameKana":"ｺｳﾁﾁｮｳｵﾀﾞ","townName":"河内町小田","zipCode":"7392207"},{"prefectureJisCode":"34","cityJisCode":"34212","townNameKana":"ｺｳﾁﾁｮｳｶﾐｺﾞｳﾁ","townName":"河内町上河内","zipCode":"7392203"},{"prefectureJisCode":"34","cityJisCode":"34212","townNameKana":"ｺｳﾁﾁｮｳｺｳﾄﾞ","townName":"河内町河戸","zipCode":"7392204"},{"prefectureJisCode":"34","cityJisCode":"34212","townNameKana":"ｺｳﾁﾁｮｳｼﾓｺﾞｳﾁ","townName":"河内町下河内","zipCode":"7392202"},{"prefectureJisCode":"34","cityJisCode":"34212","townNameKana":"ｺｳﾁﾁｮｳﾄﾉ","townName":"河内町戸野","zipCode":"7392205"},{"prefectureJisCode":"34","cityJisCode":"34212","townNameKana":"ｺｳﾁﾁｮｳﾅｶｺﾞｳﾁ","townName":"河内町中河内","zipCode":"7392201"},{"prefectureJisCode":"34","cityJisCode":"34212","townNameKana":"ｺｳﾁﾁｮｳﾆｭｳﾉ","townName":"河内町入野","zipCode":"7392208"},{"prefectureJisCode":"34","cityJisCode":"34212","townNameKana":"ｺｳﾁﾘﾝｸｳﾀﾞﾝﾁ","townName":"河内臨空団地","zipCode":"7392211"},{"prefectureJisCode":"34","cityJisCode":"34212","townNameKana":"ｻｲｼﾞｮｳｱｻﾋﾏﾁ","townName":"西条朝日町","zipCode":"7390012"},{"prefectureJisCode":"34","cityJisCode":"34212","townNameKana":"ｻｲｼﾞｮｳｵｵﾂﾎﾞﾁｮｳ","townName":"西条大坪町","zipCode":"7390005"},{"prefectureJisCode":"34","cityJisCode":"34212","townNameKana":"ｻｲｼﾞｮｳｵｶﾏﾁ","townName":"西条岡町","zipCode":"7390016"},{"prefectureJisCode":"34","cityJisCode":"34212","townNameKana":"ｻｲｼﾞｮｳｶﾐｲﾁﾁｮｳ","townName":"西条上市町","zipCode":"7390006"},{"prefectureJisCode":"34","cityJisCode":"34212","townNameKana":"ｻｲｼﾞｮｳｺﾞｼﾞｮｳﾁｮｳ","townName":"西条御条町","zipCode":"7390013"},{"prefectureJisCode":"34","cityJisCode":"34212","townNameKana":"ｻｲｼﾞｮｳｻｶｴﾏﾁ","townName":"西条栄町","zipCode":"7390015"},{"prefectureJisCode":"34","cityJisCode":"34212","townNameKana":"ｻｲｼﾞｮｳｼｮｳﾜﾏﾁ","townName":"西条昭和町","zipCode":"7390014"},{"prefectureJisCode":"34","cityJisCode":"34212","townNameKana":"ｻｲｼﾞｮｳｼﾀﾐ","townName":"西条下見","zipCode":"7390047"},{"prefectureJisCode":"34","cityJisCode":"34212","townNameKana":"ｻｲｼﾞｮｳｽｴﾋﾛﾁｮｳ","townName":"西条末広町","zipCode":"7390004"},{"prefectureJisCode":"34","cityJisCode":"34212","townNameKana":"ｻｲｼﾞｮｳﾁｭｳｵｳ","townName":"西条中央","zipCode":"7390025"},{"prefectureJisCode":"34","cityJisCode":"34212","townNameKana":"ｻｲｼﾞｮｳﾁｮｳｳﾏｷ","townName":"西条町馬木","zipCode":"7390033"},{"prefectureJisCode":"34","cityJisCode":"34212","townNameKana":"ｻｲｼﾞｮｳﾁｮｳｵｵｻﾜ","townName":"西条町大沢","zipCode":"7390034"},{"prefectureJisCode":"34","cityJisCode":"34212","townNameKana":"ｻｲｼﾞｮｳﾁｮｳｶﾐﾐﾅｶﾞ","townName":"西条町上三永","zipCode":"7390022"},{"prefectureJisCode":"34","cityJisCode":"34212","townNameKana":"ｻｲｼﾞｮｳﾁｮｳｺﾞｳｿ","townName":"西条町郷曽","zipCode":"7390035"},{"prefectureJisCode":"34","cityJisCode":"34212","townNameKana":"ｻｲｼﾞｮｳﾁｮｳｻｲｼﾞｮｳ","townName":"西条町西条","zipCode":"7390001"},{"prefectureJisCode":"34","cityJisCode":"34212","townNameKana":"ｻｲｼﾞｮｳﾁｮｳｻｲｼﾞｮｳﾋｶﾞｼ","townName":"西条町西条東","zipCode":"7390042"},{"prefectureJisCode":"34","cityJisCode":"34212","townNameKana":"ｻｲｼﾞｮｳﾁｮｳｼﾀﾐ","townName":"西条町下見","zipCode":"7390044"},{"prefectureJisCode":"34","cityJisCode":"34212","townNameKana":"ｻｲｼﾞｮｳﾁｮｳｼﾓﾐﾅｶﾞ","townName":"西条町下三永","zipCode":"7390023"},{"prefectureJisCode":"34","cityJisCode":"34212","townNameKana":"ｻｲｼﾞｮｳﾁｮｳｼﾞｹ","townName":"西条町寺家","zipCode":"7390041"},{"prefectureJisCode":"34","cityJisCode":"34212","townNameKana":"ｻｲｼﾞｮｳﾁｮｳｽｹｻﾞﾈ","townName":"西条町助実","zipCode":"7390021"},{"prefectureJisCode":"34","cityJisCode":"34212","townNameKana":"ｻｲｼﾞｮｳﾁｮｳﾀｸﾞﾁ","townName":"西条町田口","zipCode":"7390036"},{"prefectureJisCode":"34","cityJisCode":"34212","townNameKana":"ｻｲｼﾞｮｳﾁｮｳﾄﾞﾖﾏﾙ","townName":"西条町土与丸","zipCode":"7390003"},{"prefectureJisCode":"34","cityJisCode":"34212","townNameKana":"ｻｲｼﾞｮｳﾁｮｳﾌｸﾓﾄ","townName":"西条町福本","zipCode":"7390031"},{"prefectureJisCode":"34","cityJisCode":"34212","townNameKana":"ｻｲｼﾞｮｳﾁｮｳﾐｿﾉｳ","townName":"西条町御薗宇","zipCode":"7390024"},{"prefectureJisCode":"34","cityJisCode":"34212","townNameKana":"ｻｲｼﾞｮｳﾁｮｳﾓﾘﾁｶ","townName":"西条町森近","zipCode":"7390032"},{"prefectureJisCode":"34","cityJisCode":"34212","townNameKana":"ｻｲｼﾞｮｳﾁｮｳﾖｼﾕｷ","townName":"西条町吉行","zipCode":"7390002"},{"prefectureJisCode":"34","cityJisCode":"34212","townNameKana":"ｻｲｼﾞｮｳﾄﾞﾖﾏﾙ","townName":"西条土与丸","zipCode":"7390007"},{"prefectureJisCode":"34","cityJisCode":"34212","townNameKana":"ｻｲｼﾞｮｳﾆｼﾎﾝﾏﾁ","townName":"西条西本町","zipCode":"7390043"},{"prefectureJisCode":"34","cityJisCode":"34212","townNameKana":"ｻｲｼﾞｮｳﾋｶﾞｼｷﾀﾏﾁ","townName":"西条東北町","zipCode":"7390048"},{"prefectureJisCode":"34","cityJisCode":"34212","townNameKana":"ｻｲｼﾞｮｳﾎﾝﾏﾁ","townName":"西条本町","zipCode":"7390011"},{"prefectureJisCode":"34","cityJisCode":"34212","townNameKana":"ｻｲｼﾞｮｳﾖｼﾕｷﾋｶﾞｼ","townName":"西条吉行東","zipCode":"7390008"},{"prefectureJisCode":"34","cityJisCode":"34212","townNameKana":"ｼﾜﾁｮｳｳﾁ","townName":"志和町内","zipCode":"7390261"},{"prefectureJisCode":"34","cityJisCode":"34212","townNameKana":"ｼﾜﾁｮｳｵｸﾔ","townName":"志和町奥屋","zipCode":"7390266"},{"prefectureJisCode":"34","cityJisCode":"34212","townNameKana":"ｼﾜﾁｮｳｶﾝﾑﾘ","townName":"志和町冠","zipCode":"7390265"},{"prefectureJisCode":"34","cityJisCode":"34212","townNameKana":"ｼﾜﾁｮｳｼﾁｼﾞｮｳｶﾌﾞｻｶ","townName":"志和町七条椛坂","zipCode":"7390264"},{"prefectureJisCode":"34","cityJisCode":"34212","townNameKana":"ｼﾜﾁｮｳｼﾜﾆｼ","townName":"志和町志和西","zipCode":"7390268"},{"prefectureJisCode":"34","cityJisCode":"34212","townNameKana":"ｼﾜﾁｮｳｼﾜﾋｶﾞｼ","townName":"志和町志和東","zipCode":"7390262"},{"prefectureJisCode":"34","cityJisCode":"34212","townNameKana":"ｼﾜﾁｮｳｼﾜﾎﾘ","townName":"志和町志和堀","zipCode":"7390269"},{"prefectureJisCode":"34","cityJisCode":"34212","townNameKana":"ｼﾜﾁｮｳﾍﾞﾌ","townName":"志和町別府","zipCode":"7390267"},{"prefectureJisCode":"34","cityJisCode":"34212","townNameKana":"ｼﾜﾘｭｳﾂｳ","townName":"志和流通","zipCode":"7390263"},{"prefectureJisCode":"34","cityJisCode":"34212","townNameKana":"ｼﾞｹｴｷﾏｴ","townName":"寺家駅前","zipCode":"7390040"},{"prefectureJisCode":"34","cityJisCode":"34212","townNameKana":"ｼﾞｹｻﾝｷﾞｮｳﾀﾞﾝﾁ","townName":"寺家産業団地","zipCode":"7390049"},{"prefectureJisCode":"34","cityJisCode":"34212","townNameKana":"ﾀｶﾔｳﾒﾉﾍﾞ","townName":"高屋うめの辺","zipCode":"7392116"},{"prefectureJisCode":"34","cityJisCode":"34212","townNameKana":"ﾀｶﾔﾀｶﾐｶﾞｵｶ","townName":"高屋高美が丘","zipCode":"7392115"},{"prefectureJisCode":"34","cityJisCode":"34212","townNameKana":"ﾀｶﾔﾀﾞｲ","townName":"高屋台","zipCode":"7392117"},{"prefectureJisCode":"34","cityJisCode":"34212","townNameKana":"ﾀｶﾔﾁｮｳｲﾅｷ","townName":"高屋町稲木","zipCode":"7392106"},{"prefectureJisCode":"34","cityJisCode":"34212","townNameKana":"ﾀｶﾔﾁｮｳｵｵﾊﾞﾀｹ","townName":"高屋町大畠","zipCode":"7392104"},{"prefectureJisCode":"34","cityJisCode":"34212","townNameKana":"ﾀｶﾔﾁｮｳｷﾈﾊﾗ","townName":"高屋町杵原","zipCode":"7392102"},{"prefectureJisCode":"34","cityJisCode":"34212","townNameKana":"ﾀｶﾔﾁｮｳｺﾀﾞﾆ","townName":"高屋町小谷","zipCode":"7392121"},{"prefectureJisCode":"34","cityJisCode":"34212","townNameKana":"ﾀｶﾔﾁｮｳｺﾞｳ","townName":"高屋町郷","zipCode":"7392124"},{"prefectureJisCode":"34","cityJisCode":"34212","townNameKana":"ﾀｶﾔﾁｮｳｻﾀﾞｼｹﾞ","townName":"高屋町貞重","zipCode":"7392112"},{"prefectureJisCode":"34","cityJisCode":"34212","townNameKana":"ﾀｶﾔﾁｮｳｼｹﾞｶﾈ","townName":"高屋町重兼","zipCode":"7392122"},{"prefectureJisCode":"34","cityJisCode":"34212","townNameKana":"ﾀｶﾔﾁｮｳｼﾗｲﾁ","townName":"高屋町白市","zipCode":"7392114"},{"prefectureJisCode":"34","cityJisCode":"34212","townNameKana":"ﾀｶﾔﾁｮｳｿﾞｳｶ","townName":"高屋町造賀","zipCode":"7392101"},{"prefectureJisCode":"34","cityJisCode":"34212","townNameKana":"ﾀｶﾔﾁｮｳﾀｶﾔﾋｶﾞｼ","townName":"高屋町高屋東","zipCode":"7392113"},{"prefectureJisCode":"34","cityJisCode":"34212","townNameKana":"ﾀｶﾔﾁｮｳﾀｶﾔﾎﾘ","townName":"高屋町高屋堀","zipCode":"7392111"},{"prefectureJisCode":"34","cityJisCode":"34212","townNameKana":"ﾀｶﾔﾁｮｳﾅｶｼﾏ","townName":"高屋町中島","zipCode":"7392125"},{"prefectureJisCode":"34","cityJisCode":"34212","townNameKana":"ﾀｶﾔﾁｮｳﾋﾔﾏ","townName":"高屋町檜山","zipCode":"7392105"},{"prefectureJisCode":"34","cityJisCode":"34212","townNameKana":"ﾀｶﾔﾁｮｳﾐｿﾞｸﾞﾁ","townName":"高屋町溝口","zipCode":"7392123"},{"prefectureJisCode":"34","cityJisCode":"34212","townNameKana":"ﾀｶﾔﾁｮｳﾐﾔﾘｮｳ","townName":"高屋町宮領","zipCode":"7392103"},{"prefectureJisCode":"34","cityJisCode":"34212","townNameKana":"ﾀｸﾞﾁｹﾝｷｭｳﾀﾞﾝﾁ","townName":"田口研究団地","zipCode":"7390038"},{"prefectureJisCode":"34","cityJisCode":"34212","townNameKana":"ﾄﾖｻｶﾁｮｳｱｽｶ","townName":"豊栄町安宿","zipCode":"7392316"},{"prefectureJisCode":"34","cityJisCode":"34212","townNameKana":"ﾄﾖｻｶﾁｮｳｲｲﾀﾞ","townName":"豊栄町飯田","zipCode":"7392314"},{"prefectureJisCode":"34","cityJisCode":"34212","townNameKana":"ﾄﾖｻｶﾁｮｳｶｼﾞﾔ","townName":"豊栄町鍛冶屋","zipCode":"7392317"},{"prefectureJisCode":"34","cityJisCode":"34212","townNameKana":"ﾄﾖｻｶﾁｮｳｷﾖﾀｹ","townName":"豊栄町清武","zipCode":"7392313"},{"prefectureJisCode":"34","cityJisCode":"34212","townNameKana":"ﾄﾖｻｶﾁｮｳﾉｳﾗ","townName":"豊栄町能良","zipCode":"7392318"},{"prefectureJisCode":"34","cityJisCode":"34212","townNameKana":"ﾄﾖｻｶﾁｮｳﾉﾐ","townName":"豊栄町乃美","zipCode":"7392311"},{"prefectureJisCode":"34","cityJisCode":"34212","townNameKana":"ﾄﾖｻｶﾁｮｳﾍﾞﾌ","townName":"豊栄町別府","zipCode":"7392312"},{"prefectureJisCode":"34","cityJisCode":"34212","townNameKana":"ﾄﾖｻｶﾁｮｳﾖｼﾜﾗ","townName":"豊栄町吉原","zipCode":"7392315"},{"prefectureJisCode":"34","cityJisCode":"34212","townNameKana":"ﾆｭｳﾉﾅｶﾔﾏﾀﾞｲ","townName":"入野中山台","zipCode":"7392209"},{"prefectureJisCode":"34","cityJisCode":"34212","townNameKana":"ﾆｼｵｵｻﾜ","townName":"西大沢","zipCode":"7390037"},{"prefectureJisCode":"34","cityJisCode":"34212","townNameKana":"ﾊﾁﾎﾝﾏﾂｲｲﾀﾞ","townName":"八本松飯田","zipCode":"7390146"},{"prefectureJisCode":"34","cityJisCode":"34212","townNameKana":"ﾊﾁﾎﾝﾏﾂﾁｮｳｲｲﾀﾞ","townName":"八本松町飯田","zipCode":"7390141"},{"prefectureJisCode":"34","cityJisCode":"34212","townNameKana":"ﾊﾁﾎﾝﾏﾂﾁｮｳｻｻ","townName":"八本松町篠","zipCode":"7390131"},{"prefectureJisCode":"34","cityJisCode":"34212","townNameKana":"ﾊﾁﾎﾝﾏﾂﾁｮｳｼｮｳﾘｷ","townName":"八本松町正力","zipCode":"7390132"},{"prefectureJisCode":"34","cityJisCode":"34212","townNameKana":"ﾊﾁﾎﾝﾏﾂﾁｮｳﾊﾗ","townName":"八本松町原","zipCode":"7390151"},{"prefectureJisCode":"34","cityJisCode":"34212","townNameKana":"ﾊﾁﾎﾝﾏﾂﾁｮｳﾑﾈﾖｼ","townName":"八本松町宗吉","zipCode":"7390145"},{"prefectureJisCode":"34","cityJisCode":"34212","townNameKana":"ﾊﾁﾎﾝﾏﾂﾁｮｳﾖｼｶﾜ","townName":"八本松町吉川","zipCode":"7390152"},{"prefectureJisCode":"34","cityJisCode":"34212","townNameKana":"ﾊﾁﾎﾝﾏﾂﾁｮｳﾖﾈﾐﾂ","townName":"八本松町米満","zipCode":"7390133"},{"prefectureJisCode":"34","cityJisCode":"34212","townNameKana":"ﾊﾁﾎﾝﾏﾂﾆｼ","townName":"八本松西","zipCode":"7390147"},{"prefectureJisCode":"34","cityJisCode":"34212","townNameKana":"ﾊﾁﾎﾝﾏﾂﾋｶﾞｼ","townName":"八本松東","zipCode":"7390142"},{"prefectureJisCode":"34","cityJisCode":"34212","townNameKana":"ﾊﾁﾎﾝﾏﾂﾐﾅﾐ","townName":"八本松南","zipCode":"7390144"},{"prefectureJisCode":"34","cityJisCode":"34212","townNameKana":"ﾌｸﾄﾐﾁｮｳｶﾐﾀﾞｹﾆ","townName":"福富町上竹仁","zipCode":"7392301"},{"prefectureJisCode":"34","cityJisCode":"34212","townNameKana":"ﾌｸﾄﾐﾁｮｳｶﾐﾄﾉ","townName":"福富町上戸野","zipCode":"7392304"},{"prefectureJisCode":"34","cityJisCode":"34212","townNameKana":"ﾌｸﾄﾐﾁｮｳｸﾊﾞ","townName":"福富町久芳","zipCode":"7392303"},{"prefectureJisCode":"34","cityJisCode":"34212","townNameKana":"ﾌｸﾄﾐﾁｮｳｼﾓﾀﾞｹﾆ","townName":"福富町下竹仁","zipCode":"7392302"},{"prefectureJisCode":"34","cityJisCode":"34212","townNameKana":"ﾐﾅｶﾞ","townName":"三永","zipCode":"7390026"},{"prefectureJisCode":"34","cityJisCode":"34212","townNameKana":"ﾖｼｶﾜｺｳｷﾞｮｳﾀﾞﾝﾁ","townName":"吉川工業団地","zipCode":"7390153"}]