[{"prefectureJisCode":"34","cityJisCode":"34210","townNameKana":"ｲﾀﾊﾞｼﾁｮｳ","townName":"板橋町","zipCode":"7270014"},{"prefectureJisCode":"34","cityJisCode":"34210","townNameKana":"ｲﾁﾏﾁ","townName":"市町","zipCode":"7270025"},{"prefectureJisCode":"34","cityJisCode":"34210","townNameKana":"ｳｴﾀﾞﾆﾁｮｳ","townName":"上谷町","zipCode":"7270624"},{"prefectureJisCode":"34","cityJisCode":"34210","townNameKana":"ｵｵｸﾎﾞﾁｮｳ","townName":"大久保町","zipCode":"7270001"},{"prefectureJisCode":"34","cityJisCode":"34210","townNameKana":"ｵﾋﾞｷﾁｮｳ","townName":"尾引町","zipCode":"7296143"},{"prefectureJisCode":"34","cityJisCode":"34210","townNameKana":"ｵﾖｳﾁｮｳ","townName":"小用町","zipCode":"7295812"},{"prefectureJisCode":"34","cityJisCode":"34210","townNameKana":"ｶｹﾀﾞﾁｮｳ","townName":"掛田町","zipCode":"7270026"},{"prefectureJisCode":"34","cityJisCode":"34210","townNameKana":"ｶﾐﾊﾗﾁｮｳ","townName":"上原町","zipCode":"7270022"},{"prefectureJisCode":"34","cityJisCode":"34210","townNameKana":"ｶﾜｷﾀﾁｮｳ","townName":"川北町","zipCode":"7270203"},{"prefectureJisCode":"34","cityJisCode":"34210","townNameKana":"ｶﾜﾃﾏﾁ","townName":"川手町","zipCode":"7270005"},{"prefectureJisCode":"34","cityJisCode":"34210","townNameKana":"ｶﾜﾆｼﾁｮｳ","townName":"川西町","zipCode":"7295813"},{"prefectureJisCode":"34","cityJisCode":"34210","townNameKana":"ｷﾄﾞﾁｮｳ","townName":"木戸町","zipCode":"7296134"},{"prefectureJisCode":"34","cityJisCode":"34210","townNameKana":"ｸﾁﾜﾁｮｳｵｵﾂｷ","townName":"口和町大月","zipCode":"7280503"},{"prefectureJisCode":"34","cityJisCode":"34210","townNameKana":"ｸﾁﾜﾁｮｳｷﾝﾃﾞ","townName":"口和町金田","zipCode":"7270112"},{"prefectureJisCode":"34","cityJisCode":"34210","townNameKana":"ｸﾁﾜﾁｮｳﾀｹﾁﾀﾞﾆ","townName":"口和町竹地谷","zipCode":"7280504"},{"prefectureJisCode":"34","cityJisCode":"34210","townNameKana":"ｸﾁﾜﾁｮｳﾂﾈｻﾀﾞ","townName":"口和町常定","zipCode":"7270113"},{"prefectureJisCode":"34","cityJisCode":"34210","townNameKana":"ｸﾁﾜﾁｮｳﾅｶﾞﾀ","townName":"口和町永田","zipCode":"7270114"},{"prefectureJisCode":"34","cityJisCode":"34210","townNameKana":"ｸﾁﾜﾁｮｳﾐﾔｳﾁ","townName":"口和町宮内","zipCode":"7280501"},{"prefectureJisCode":"34","cityJisCode":"34210","townNameKana":"ｸﾁﾜﾁｮｳﾑｺｳｲｽﾞﾐ","townName":"口和町向泉","zipCode":"7280502"},{"prefectureJisCode":"34","cityJisCode":"34210","townNameKana":"ｸﾁﾜﾁｮｳﾕｷ","townName":"口和町湯木","zipCode":"7270111"},{"prefectureJisCode":"34","cityJisCode":"34210","townNameKana":"ｺｳﾓﾁｮｳ","townName":"高茂町","zipCode":"7296142"},{"prefectureJisCode":"34","cityJisCode":"34210","townNameKana":"ｺﾚﾏﾂﾁｮｳ","townName":"是松町","zipCode":"7270003"},{"prefectureJisCode":"34","cityJisCode":"34210","townNameKana":"ｻｲｼﾞｮｳﾁｮｳｲﾘｴ","townName":"西城町入江","zipCode":"7295733"},{"prefectureJisCode":"34","cityJisCode":"34210","townNameKana":"ｻｲｼﾞｮｳﾁｮｳｵｵｻ","townName":"西城町大佐","zipCode":"7295722"},{"prefectureJisCode":"34","cityJisCode":"34210","townNameKana":"ｻｲｼﾞｮｳﾁｮｳｵｵﾔ","townName":"西城町大屋","zipCode":"7295744"},{"prefectureJisCode":"34","cityJisCode":"34210","townNameKana":"ｻｲｼﾞｮｳﾁｮｳｸﾏﾉ","townName":"西城町熊野","zipCode":"7295603"},{"prefectureJisCode":"34","cityJisCode":"34210","townNameKana":"ｻｲｼﾞｮｳﾁｮｳｸﾏﾉｵﾁｱｲ","townName":"西城町熊野落合","zipCode":"7295603"},{"prefectureJisCode":"34","cityJisCode":"34210","townNameKana":"ｻｲｼﾞｮｳﾁｮｳｸﾏﾉｶﾐｶｼﾞﾀﾞﾆ","townName":"西城町熊野上梶谷","zipCode":"7295603"},{"prefectureJisCode":"34","cityJisCode":"34210","townNameKana":"ｻｲｼﾞｮｳﾁｮｳｸﾏﾉｼﾓｶｼﾞﾀﾞﾆ","townName":"西城町熊野下梶谷","zipCode":"7295603"},{"prefectureJisCode":"34","cityJisCode":"34210","townNameKana":"ｻｲｼﾞｮｳﾁｮｳｸﾏﾉﾐｮｳｶﾞ","townName":"西城町熊野明賀","zipCode":"7295603"},{"prefectureJisCode":"34","cityJisCode":"34210","townNameKana":"ｻｲｼﾞｮｳﾁｮｳｸﾘ","townName":"西城町栗","zipCode":"7295732"},{"prefectureJisCode":"34","cityJisCode":"34210","townNameKana":"ｻｲｼﾞｮｳﾁｮｳｺｳｵ","townName":"西城町高尾","zipCode":"7295612"},{"prefectureJisCode":"34","cityJisCode":"34210","townNameKana":"ｻｲｼﾞｮｳﾁｮｳｻｲｼﾞｮｳ","townName":"西城町西城","zipCode":"7295731"},{"prefectureJisCode":"34","cityJisCode":"34210","townNameKana":"ｻｲｼﾞｮｳﾁｮｳﾅｶｻﾞｺ","townName":"西城町中迫","zipCode":"7295743"},{"prefectureJisCode":"34","cityJisCode":"34210","townNameKana":"ｻｲｼﾞｮｳﾁｮｳﾅｶﾉ","townName":"西城町中野","zipCode":"7295742"},{"prefectureJisCode":"34","cityJisCode":"34210","townNameKana":"ｻｲｼﾞｮｳﾁｮｳﾊｯﾄﾘ","townName":"西城町八鳥","zipCode":"7295613"},{"prefectureJisCode":"34","cityJisCode":"34210","townNameKana":"ｻｲｼﾞｮｳﾁｮｳﾊｯﾄﾘｲｼﾂﾞｶ","townName":"西城町八鳥石塚","zipCode":"7295613"},{"prefectureJisCode":"34","cityJisCode":"34210","townNameKana":"ｻｲｼﾞｮｳﾁｮｳﾊｯﾄﾘｵﾁｱｲｴｷﾏｴ","townName":"西城町八鳥落合駅前","zipCode":"7295613"},{"prefectureJisCode":"34","cityJisCode":"34210","townNameKana":"ｻｲｼﾞｮｳﾁｮｳﾊｯﾄﾘｽｷﾞﾉﾊﾗ","townName":"西城町八鳥杉ノ原","zipCode":"7295613"},{"prefectureJisCode":"34","cityJisCode":"34210","townNameKana":"ｻｲｼﾞｮｳﾁｮｳﾊｯﾄﾘﾆｼﾞｭｳｻﾞｶ","townName":"西城町八鳥二重坂","zipCode":"7295613"},{"prefectureJisCode":"34","cityJisCode":"34210","townNameKana":"ｻｲｼﾞｮｳﾁｮｳﾊｯﾄﾘﾐｮｳｶﾞ","townName":"西城町八鳥明賀","zipCode":"7295613"},{"prefectureJisCode":"34","cityJisCode":"34210","townNameKana":"ｻｲｼﾞｮｳﾁｮｳﾋﾄﾄﾊﾞﾗ","townName":"西城町小鳥原","zipCode":"7295601"},{"prefectureJisCode":"34","cityJisCode":"34210","townNameKana":"ｻｲｼﾞｮｳﾁｮｳﾋﾗｺ","townName":"西城町平子","zipCode":"7295723"},{"prefectureJisCode":"34","cityJisCode":"34210","townNameKana":"ｻｲｼﾞｮｳﾁｮｳﾌｸﾔﾏ","townName":"西城町福山","zipCode":"7295745"},{"prefectureJisCode":"34","cityJisCode":"34210","townNameKana":"ｻｲｼﾞｮｳﾁｮｳﾐｻｶ","townName":"西城町三坂","zipCode":"7295611"},{"prefectureJisCode":"34","cityJisCode":"34210","townNameKana":"ｻｲｼﾞｮｳﾁｮｳﾕｷ","townName":"西城町油木","zipCode":"7295602"},{"prefectureJisCode":"34","cityJisCode":"34210","townNameKana":"ｻﾈﾄﾞﾒﾁｮｳ","townName":"実留町","zipCode":"7270015"},{"prefectureJisCode":"34","cityJisCode":"34210","townNameKana":"ｼｭﾝﾀﾞﾁｮｳ","townName":"春田町","zipCode":"7270621"},{"prefectureJisCode":"34","cityJisCode":"34210","townNameKana":"ｼﾝｼﾞｮｳﾁｮｳ","townName":"新庄町","zipCode":"7270004"},{"prefectureJisCode":"34","cityJisCode":"34210","townNameKana":"ｿｳﾘｮｳﾁｮｳｲﾅｸｻ","townName":"総領町稲草","zipCode":"7293721"},{"prefectureJisCode":"34","cityJisCode":"34210","townNameKana":"ｿｳﾘｮｳﾁｮｳｶﾐﾘｮｳｹ","townName":"総領町上領家","zipCode":"7293712"},{"prefectureJisCode":"34","cityJisCode":"34210","townNameKana":"ｿｳﾘｮｳﾁｮｳｶﾒﾀﾞﾆ","townName":"総領町亀谷","zipCode":"7293702"},{"prefectureJisCode":"34","cityJisCode":"34210","townNameKana":"ｿｳﾘｮｳﾁｮｳｷﾔ","townName":"総領町木屋","zipCode":"7293722"},{"prefectureJisCode":"34","cityJisCode":"34210","townNameKana":"ｿｳﾘｮｳﾁｮｳｸﾛﾒ","townName":"総領町黒目","zipCode":"7293701"},{"prefectureJisCode":"34","cityJisCode":"34210","townNameKana":"ｿｳﾘｮｳﾁｮｳｺﾞｶ","townName":"総領町五箇","zipCode":"7293711"},{"prefectureJisCode":"34","cityJisCode":"34210","townNameKana":"ｿｳﾘｮｳﾁｮｳｼﾓﾘｮｳｹ","townName":"総領町下領家","zipCode":"7293703"},{"prefectureJisCode":"34","cityJisCode":"34210","townNameKana":"ｿｳﾘｮｳﾁｮｳﾅｶﾘｮｳｹ","townName":"総領町中領家","zipCode":"7293713"},{"prefectureJisCode":"34","cityJisCode":"34210","townNameKana":"ﾀｶｶﾄﾞﾁｮｳ","townName":"高門町","zipCode":"7270002"},{"prefectureJisCode":"34","cityJisCode":"34210","townNameKana":"ﾀｶﾉﾁｮｳｱｶﾞﾘﾊﾗ","townName":"高野町上里原","zipCode":"7270425"},{"prefectureJisCode":"34","cityJisCode":"34210","townNameKana":"ﾀｶﾉﾁｮｳｵｶｵｵｳﾁ","townName":"高野町岡大内","zipCode":"7270403"},{"prefectureJisCode":"34","cityJisCode":"34210","townNameKana":"ﾀｶﾉﾁｮｳｵｸﾓﾝﾃﾞ","townName":"高野町奥門田","zipCode":"7270422"},{"prefectureJisCode":"34","cityJisCode":"34210","townNameKana":"ﾀｶﾉﾁｮｳｶﾐﾕｶﾜ","townName":"高野町上湯川","zipCode":"7270411"},{"prefectureJisCode":"34","cityJisCode":"34210","townNameKana":"ﾀｶﾉﾁｮｳｺｳﾎﾞ","townName":"高野町高暮","zipCode":"7270424"},{"prefectureJisCode":"34","cityJisCode":"34210","townNameKana":"ﾀｶﾉﾁｮｳｼﾓﾕｶﾜ","townName":"高野町下湯川","zipCode":"7270412"},{"prefectureJisCode":"34","cityJisCode":"34210","townNameKana":"ﾀｶﾉﾁｮｳｼﾓﾝﾃﾞ","townName":"高野町下門田","zipCode":"7270423"},{"prefectureJisCode":"34","cityJisCode":"34210","townNameKana":"ﾀｶﾉﾁｮｳｼﾝｲﾁ","townName":"高野町新市","zipCode":"7270402"},{"prefectureJisCode":"34","cityJisCode":"34210","townNameKana":"ﾀｶﾉﾁｮｳﾅｶﾓﾝﾃﾞ","townName":"高野町中門田","zipCode":"7270421"},{"prefectureJisCode":"34","cityJisCode":"34210","townNameKana":"ﾀｶﾉﾁｮｳﾐﾅﾐ","townName":"高野町南","zipCode":"7270413"},{"prefectureJisCode":"34","cityJisCode":"34210","townNameKana":"ﾀｶﾉﾁｮｳﾜﾅﾝﾊﾞﾗ","townName":"高野町和南原","zipCode":"7270401"},{"prefectureJisCode":"34","cityJisCode":"34210","townNameKana":"ﾀｶﾏﾁ","townName":"高町","zipCode":"7295811"},{"prefectureJisCode":"34","cityJisCode":"34210","townNameKana":"ﾀﾜﾗﾁｮｳ","townName":"田原町","zipCode":"7270024"},{"prefectureJisCode":"34","cityJisCode":"34210","townNameKana":"ﾄｳｼﾞｮｳﾁｮｳｱﾜﾀ","townName":"東城町粟田","zipCode":"7295127"},{"prefectureJisCode":"34","cityJisCode":"34210","townNameKana":"ﾄｳｼﾞｮｳﾁｮｳｳｹﾊﾞﾗ","townName":"東城町受原","zipCode":"7295128"},{"prefectureJisCode":"34","cityJisCode":"34210","townNameKana":"ﾄｳｼﾞｮｳﾁｮｳｳｹﾊﾞﾗｵﾝｼﾞ","townName":"東城町受原隠地","zipCode":"7295128"},{"prefectureJisCode":"34","cityJisCode":"34210","townNameKana":"ﾄｳｼﾞｮｳﾁｮｳｳｹﾊﾞﾗﾅｶﾉﾀﾆ","townName":"東城町受原中ノ谷","zipCode":"7295128"},{"prefectureJisCode":"34","cityJisCode":"34210","townNameKana":"ﾄｳｼﾞｮｳﾁｮｳｳﾂﾎﾞﾘ","townName":"東城町内堀","zipCode":"7295502"},{"prefectureJisCode":"34","cityJisCode":"34210","townNameKana":"ﾄｳｼﾞｮｳﾁｮｳｵｸﾞｼ","townName":"東城町小串","zipCode":"7295504"},{"prefectureJisCode":"34","cityJisCode":"34210","townNameKana":"ﾄｳｼﾞｮｳﾁｮｳｵﾇｶ","townName":"東城町小奴可","zipCode":"7295501"},{"prefectureJisCode":"34","cityJisCode":"34210","townNameKana":"ﾄｳｼﾞｮｳﾁｮｳｶﾀﾞﾆ","townName":"東城町加谷","zipCode":"7295506"},{"prefectureJisCode":"34","cityJisCode":"34210","townNameKana":"ﾄｳｼﾞｮｳﾁｮｳｶﾜﾄﾘ","townName":"東城町川鳥","zipCode":"7295454"},{"prefectureJisCode":"34","cityJisCode":"34210","townNameKana":"ﾄｳｼﾞｮｳﾁｮｳｶﾜﾆｼ","townName":"東城町川西","zipCode":"7295125"},{"prefectureJisCode":"34","cityJisCode":"34210","townNameKana":"ﾄｳｼﾞｮｳﾁｮｳｶﾜﾋｶﾞｼ","townName":"東城町川東","zipCode":"7295121"},{"prefectureJisCode":"34","cityJisCode":"34210","townNameKana":"ﾄｳｼﾞｮｳﾁｮｳｸｼﾛ","townName":"東城町久代","zipCode":"7295122"},{"prefectureJisCode":"34","cityJisCode":"34210","townNameKana":"ﾄｳｼﾞｮｳﾁｮｳｼｵﾊﾗ","townName":"東城町塩原","zipCode":"7295505"},{"prefectureJisCode":"34","cityJisCode":"34210","townNameKana":"ﾄｳｼﾞｮｳﾁｮｳｼﾝﾌｸｼﾛ","townName":"東城町新福代","zipCode":"7295112"},{"prefectureJisCode":"34","cityJisCode":"34210","townNameKana":"ﾄｳｼﾞｮｳﾁｮｳｼﾝﾒﾝ","townName":"東城町新免","zipCode":"7295131"},{"prefectureJisCode":"34","cityJisCode":"34210","townNameKana":"ﾄｳｼﾞｮｳﾁｮｳｽｹﾞ","townName":"東城町菅","zipCode":"7295452"},{"prefectureJisCode":"34","cityJisCode":"34210","townNameKana":"ﾄｳｼﾞｮｳﾁｮｳﾀｲｼｬｸｳﾔﾏ","townName":"東城町帝釈宇山","zipCode":"7295241"},{"prefectureJisCode":"34","cityJisCode":"34210","townNameKana":"ﾄｳｼﾞｮｳﾁｮｳﾀｲｼｬｸｼｼｭｳ","townName":"東城町帝釈始終","zipCode":"7295243"},{"prefectureJisCode":"34","cityJisCode":"34210","townNameKana":"ﾄｳｼﾞｮｳﾁｮｳﾀｲｼｬｸﾐﾄﾞ","townName":"東城町帝釈未渡","zipCode":"7295244"},{"prefectureJisCode":"34","cityJisCode":"34210","townNameKana":"ﾄｳｼﾞｮｳﾁｮｳﾀｲｼｬｸﾔﾏﾅｶ","townName":"東城町帝釈山中","zipCode":"7295242"},{"prefectureJisCode":"34","cityJisCode":"34210","townNameKana":"ﾄｳｼﾞｮｳﾁｮｳﾀｸﾞﾛ","townName":"東城町田黒","zipCode":"7295451"},{"prefectureJisCode":"34","cityJisCode":"34210","townNameKana":"ﾄｳｼﾞｮｳﾁｮｳﾀｹﾓﾘ","townName":"東城町竹森","zipCode":"7295126"},{"prefectureJisCode":"34","cityJisCode":"34210","townNameKana":"ﾄｳｼﾞｮｳﾁｮｳﾁﾄﾞﾘ","townName":"東城町千鳥","zipCode":"7295503"},{"prefectureJisCode":"34","cityJisCode":"34210","townNameKana":"ﾄｳｼﾞｮｳﾁｮｳﾄｳ","townName":"東城町戸宇","zipCode":"7295123"},{"prefectureJisCode":"34","cityJisCode":"34210","townNameKana":"ﾄｳｼﾞｮｳﾁｮｳﾄｳｼﾞｮｳ","townName":"東城町東城","zipCode":"7295124"},{"prefectureJisCode":"34","cityJisCode":"34210","townNameKana":"ﾄｳｼﾞｮｳﾁｮｳﾌｸｼﾛ","townName":"東城町福代","zipCode":"7295111"},{"prefectureJisCode":"34","cityJisCode":"34210","townNameKana":"ﾄｳｼﾞｮｳﾁｮｳﾐｻｶ","townName":"東城町三坂","zipCode":"7295132"},{"prefectureJisCode":"34","cityJisCode":"34210","townNameKana":"ﾄｳｼﾞｮｳﾁｮｳﾓﾘ","townName":"東城町森","zipCode":"7295456"},{"prefectureJisCode":"34","cityJisCode":"34210","townNameKana":"ﾄｳｼﾞｮｳﾁｮｳﾔｽﾀﾞ","townName":"東城町保田","zipCode":"7295455"},{"prefectureJisCode":"34","cityJisCode":"34210","townNameKana":"ﾄｺﾞｳﾁｮｳ","townName":"戸郷町","zipCode":"7270017"},{"prefectureJisCode":"34","cityJisCode":"34210","townNameKana":"ﾄﾉｺﾞｳﾁﾁｮｳ","townName":"殿垣内町","zipCode":"7296133"},{"prefectureJisCode":"34","cityJisCode":"34210","townNameKana":"ﾅｶﾎﾝﾏﾁ","townName":"中本町","zipCode":"7270012"},{"prefectureJisCode":"34","cityJisCode":"34210","townNameKana":"ﾅｶﾞｽｴﾁｮｳ","townName":"永末町","zipCode":"7270008"},{"prefectureJisCode":"34","cityJisCode":"34210","townNameKana":"ﾅﾅﾂｶﾁｮｳ","townName":"七塚町","zipCode":"7270023"},{"prefectureJisCode":"34","cityJisCode":"34210","townNameKana":"ﾆｺﾞﾘｶﾜﾁｮｳ","townName":"濁川町","zipCode":"7270202"},{"prefectureJisCode":"34","cityJisCode":"34210","townNameKana":"ﾆｼﾎﾝﾏﾁ","townName":"西本町","zipCode":"7270013"},{"prefectureJisCode":"34","cityJisCode":"34210","townNameKana":"ﾋｶﾞｼﾎﾝﾏﾁ","townName":"東本町","zipCode":"7270011"},{"prefectureJisCode":"34","cityJisCode":"34210","townNameKana":"ﾋﾄﾂｷﾞﾁｮｳ","townName":"一木町","zipCode":"7270016"},{"prefectureJisCode":"34","cityJisCode":"34210","townNameKana":"ﾋﾜﾁｮｳｺｺﾞﾛ","townName":"比和町古頃","zipCode":"7270302"},{"prefectureJisCode":"34","cityJisCode":"34210","townNameKana":"ﾋﾜﾁｮｳｺﾔﾊﾞﾗ","townName":"比和町木屋原","zipCode":"7270312"},{"prefectureJisCode":"34","cityJisCode":"34210","townNameKana":"ﾋﾜﾁｮｳﾋﾜ","townName":"比和町比和","zipCode":"7270301"},{"prefectureJisCode":"34","cityJisCode":"34210","townNameKana":"ﾋﾜﾁｮｳﾐﾂｶﾞｲﾁ","townName":"比和町三河内","zipCode":"7270311"},{"prefectureJisCode":"34","cityJisCode":"34210","townNameKana":"ﾋﾜﾁｮｳﾓﾘﾜｷ","townName":"比和町森脇","zipCode":"7270321"},{"prefectureJisCode":"34","cityJisCode":"34210","townNameKana":"ﾍｲﾜﾁｮｳ","townName":"平和町","zipCode":"7296144"},{"prefectureJisCode":"34","cityJisCode":"34210","townNameKana":"ﾎﾝｺﾞｳﾁｮｳ","townName":"本郷町","zipCode":"7296132"},{"prefectureJisCode":"34","cityJisCode":"34210","townNameKana":"ﾎﾝﾏﾁ","townName":"本町","zipCode":"7270006"},{"prefectureJisCode":"34","cityJisCode":"34210","townNameKana":"ﾎﾝﾑﾗﾁｮｳ","townName":"本村町","zipCode":"7270623"},{"prefectureJisCode":"34","cityJisCode":"34210","townNameKana":"ﾐｯｶｲﾁﾁｮｳ","townName":"三日市町","zipCode":"7270021"},{"prefectureJisCode":"34","cityJisCode":"34210","townNameKana":"ﾐｽﾞｺｼﾁｮｳ","townName":"水越町","zipCode":"7296141"},{"prefectureJisCode":"34","cityJisCode":"34210","townNameKana":"ﾐﾈﾀﾁｮｳ","townName":"峰田町","zipCode":"7270622"},{"prefectureJisCode":"34","cityJisCode":"34210","townNameKana":"ﾐﾔｳﾁﾁｮｳ","townName":"宮内町","zipCode":"7270007"},{"prefectureJisCode":"34","cityJisCode":"34210","townNameKana":"ﾓﾝﾃﾞﾁｮｳ","townName":"門田町","zipCode":"7270201"},{"prefectureJisCode":"34","cityJisCode":"34210","townNameKana":"ﾔﾏﾉｳﾁﾁｮｳ","townName":"山内町","zipCode":"7296131"}]