[{"prefectureJisCode":"20","cityJisCode":"20324","townNameKana":"ｱｼﾀﾞ","townName":"芦田","zipCode":"3842305"},{"prefectureJisCode":"20","cityJisCode":"20324","townNameKana":"ｱｼﾀﾞﾊﾂｶﾉ","townName":"芦田八ケ野","zipCode":"3842309"},{"prefectureJisCode":"20","cityJisCode":"20324","townNameKana":"ｲｹﾉﾀｲﾗ","townName":"池の平","zipCode":"3910321"},{"prefectureJisCode":"20","cityJisCode":"20324","townNameKana":"ｳｼﾛｸ","townName":"牛鹿","zipCode":"3842308"},{"prefectureJisCode":"20","cityJisCode":"20324","townNameKana":"ｳﾔﾏ","townName":"宇山","zipCode":"3842306"},{"prefectureJisCode":"20","cityJisCode":"20324","townNameKana":"ｷﾘﾊﾗ","townName":"桐原","zipCode":"3842301"},{"prefectureJisCode":"20","cityJisCode":"20324","townNameKana":"ｼｵｻﾜ","townName":"塩沢","zipCode":"3842303"},{"prefectureJisCode":"20","cityJisCode":"20324","townNameKana":"ﾌｼﾞｻﾜ","townName":"藤沢","zipCode":"3842302"},{"prefectureJisCode":"20","cityJisCode":"20324","townNameKana":"ﾓﾀｲ","townName":"茂田井","zipCode":"3842211"},{"prefectureJisCode":"20","cityJisCode":"20324","townNameKana":"ﾔﾏﾍﾞ","townName":"山部","zipCode":"3842307"}]