[{"prefectureJisCode":"09","cityJisCode":"09203","townNameKana":"ｱｻﾋﾁｮｳ","townName":"旭町","zipCode":"3280035"},{"prefectureJisCode":"09","cityJisCode":"09203","townNameKana":"ｱｽﾞｻﾏﾁ","townName":"梓町","zipCode":"3280131"},{"prefectureJisCode":"09","cityJisCode":"09203","townNameKana":"ｱﾗｲﾏﾁ","townName":"新井町","zipCode":"3280061"},{"prefectureJisCode":"09","cityJisCode":"09203","townNameKana":"ｲｽﾞﾐｶﾞﾜﾏﾁ","townName":"泉川町","zipCode":"3280062"},{"prefectureJisCode":"09","cityJisCode":"09203","townNameKana":"ｲｽﾞﾐﾁｮｳ","townName":"泉町","zipCode":"3280014"},{"prefectureJisCode":"09","cityJisCode":"09203","townNameKana":"ｲｽﾞﾙﾏﾁ","townName":"出流町","zipCode":"3280206"},{"prefectureJisCode":"09","cityJisCode":"09203","townNameKana":"ｲﾏｲｽﾞﾐﾏﾁ","townName":"今泉町","zipCode":"3280027"},{"prefectureJisCode":"09","cityJisCode":"09203","townNameKana":"ｲﾘﾌﾈﾁｮｳ","townName":"入舟町","zipCode":"3280016"},{"prefectureJisCode":"09","cityJisCode":"09203","townNameKana":"ｲﾜｲﾁｮｳ","townName":"祝町","zipCode":"3280052"},{"prefectureJisCode":"09","cityJisCode":"09203","townNameKana":"ｲﾜﾃﾞﾏﾁ","townName":"岩出町","zipCode":"3280063"},{"prefectureJisCode":"09","cityJisCode":"09203","townNameKana":"ｲﾜﾌﾈﾏﾁｲｶﾊﾞﾀ","townName":"岩舟町五十畑","zipCode":"3294302"},{"prefectureJisCode":"09","cityJisCode":"09203","townNameKana":"ｲﾜﾌﾈﾏﾁｲｽﾞﾐ","townName":"岩舟町和泉","zipCode":"3294303"},{"prefectureJisCode":"09","cityJisCode":"09203","townNameKana":"ｲﾜﾌﾈﾏﾁｵﾉﾃﾞﾗ","townName":"岩舟町小野寺","zipCode":"3294314"},{"prefectureJisCode":"09","cityJisCode":"09203","townNameKana":"ｲﾜﾌﾈﾏﾁｶﾐｵｶ","townName":"岩舟町上岡","zipCode":"3294313"},{"prefectureJisCode":"09","cityJisCode":"09203","townNameKana":"ｲﾜﾌﾈﾏﾁｼｽﾞｶ","townName":"岩舟町静","zipCode":"3294307"},{"prefectureJisCode":"09","cityJisCode":"09203","townNameKana":"ｲﾜﾌﾈﾏﾁｼｽﾞｺ","townName":"岩舟町静戸","zipCode":"3294305"},{"prefectureJisCode":"09","cityJisCode":"09203","townNameKana":"ｲﾜﾌﾈﾏﾁｼｽﾞﾜ","townName":"岩舟町静和","zipCode":"3294304"},{"prefectureJisCode":"09","cityJisCode":"09203","townNameKana":"ｲﾜﾌﾈﾏﾁｼﾓｵｶ","townName":"岩舟町下岡","zipCode":"3294312"},{"prefectureJisCode":"09","cityJisCode":"09203","townNameKana":"ｲﾜﾌﾈﾏﾁｼﾓﾂﾊﾞﾗ","townName":"岩舟町下津原","zipCode":"3294308"},{"prefectureJisCode":"09","cityJisCode":"09203","townNameKana":"ｲﾜﾌﾈﾏﾁﾀﾀﾐｵｶ","townName":"岩舟町畳岡","zipCode":"3294309"},{"prefectureJisCode":"09","cityJisCode":"09203","townNameKana":"ｲﾜﾌﾈﾏﾁﾆｯｻﾄ","townName":"岩舟町新里","zipCode":"3294316"},{"prefectureJisCode":"09","cityJisCode":"09203","townNameKana":"ｲﾜﾌﾈﾏﾁﾌﾙｴ","townName":"岩舟町古江","zipCode":"3294311"},{"prefectureJisCode":"09","cityJisCode":"09203","townNameKana":"ｲﾜﾌﾈﾏﾁﾏｶﾞﾉｼﾏ","townName":"岩舟町曲ケ島","zipCode":"3294306"},{"prefectureJisCode":"09","cityJisCode":"09203","townNameKana":"ｲﾜﾌﾈﾏﾁﾐﾔ","townName":"岩舟町三谷","zipCode":"3294315"},{"prefectureJisCode":"09","cityJisCode":"09203","townNameKana":"ｲﾜﾌﾈﾏﾁﾜｼﾉｽ","townName":"岩舟町鷲巣","zipCode":"3294301"},{"prefectureJisCode":"09","cityJisCode":"09203","townNameKana":"ｳﾒｻﾞﾜﾏﾁ","townName":"梅沢町","zipCode":"3280204"},{"prefectureJisCode":"09","cityJisCode":"09203","townNameKana":"ｵｵｸﾎﾞﾏﾁ","townName":"大久保町","zipCode":"3280202"},{"prefectureJisCode":"09","cityJisCode":"09203","townNameKana":"ｵｵﾂｶﾏﾁ","townName":"大塚町","zipCode":"3280007"},{"prefectureJisCode":"09","cityJisCode":"09203","townNameKana":"ｵｵﾋﾗﾏﾁｱﾗｲ","townName":"大平町新","zipCode":"3294425"},{"prefectureJisCode":"09","cityJisCode":"09203","townNameKana":"ｵｵﾋﾗﾏﾁｳｼｸ","townName":"大平町牛久","zipCode":"3294401"},{"prefectureJisCode":"09","cityJisCode":"09203","townNameKana":"ｵｵﾋﾗﾏﾁｴﾉﾓﾄ","townName":"大平町榎本","zipCode":"3294422"},{"prefectureJisCode":"09","cityJisCode":"09203","townNameKana":"ｵｵﾋﾗﾏﾁｶﾐﾀｶｼﾏ","townName":"大平町上高島","zipCode":"3294413"},{"prefectureJisCode":"09","cityJisCode":"09203","townNameKana":"ｵｵﾋﾗﾏﾁｶﾜﾂﾚ","townName":"大平町川連","zipCode":"3294407"},{"prefectureJisCode":"09","cityJisCode":"09203","townNameKana":"ｵｵﾋﾗﾏﾁｷﾀﾀｹｲ","townName":"大平町北武井","zipCode":"3294412"},{"prefectureJisCode":"09","cityJisCode":"09203","townNameKana":"ｵｵﾋﾗﾏﾁｸﾗｲ","townName":"大平町蔵井","zipCode":"3294403"},{"prefectureJisCode":"09","cityJisCode":"09203","townNameKana":"ｵｵﾋﾗﾏﾁｼﾓﾀｶｼﾏ","townName":"大平町下高島","zipCode":"3294414"},{"prefectureJisCode":"09","cityJisCode":"09203","townNameKana":"ｵｵﾋﾗﾏﾁｼﾓﾐﾅｶﾞﾜ","townName":"大平町下皆川","zipCode":"3294406"},{"prefectureJisCode":"09","cityJisCode":"09203","townNameKana":"ｵｵﾋﾗﾏﾁﾄﾐﾀﾞ","townName":"大平町富田","zipCode":"3294404"},{"prefectureJisCode":"09","cityJisCode":"09203","townNameKana":"ｵｵﾋﾗﾏﾁﾄﾞﾖ","townName":"大平町土与","zipCode":"3294402"},{"prefectureJisCode":"09","cityJisCode":"09203","townNameKana":"ｵｵﾋﾗﾏﾁﾆｼﾉﾀﾞ","townName":"大平町西野田","zipCode":"3294421"},{"prefectureJisCode":"09","cityJisCode":"09203","townNameKana":"ｵｵﾋﾗﾏﾁﾆｼﾐｽﾞｼﾛ","townName":"大平町西水代","zipCode":"3294423"},{"prefectureJisCode":"09","cityJisCode":"09203","townNameKana":"ｵｵﾋﾗﾏﾁﾆｼﾔﾏﾀﾞ","townName":"大平町西山田","zipCode":"3294405"},{"prefectureJisCode":"09","cityJisCode":"09203","townNameKana":"ｵｵﾋﾗﾏﾁﾊｸﾁｭｳ","townName":"大平町伯仲","zipCode":"3294424"},{"prefectureJisCode":"09","cityJisCode":"09203","townNameKana":"ｵｵﾋﾗﾏﾁﾏﾕﾐ","townName":"大平町真弓","zipCode":"3294415"},{"prefectureJisCode":"09","cityJisCode":"09203","townNameKana":"ｵｵﾋﾗﾏﾁﾖｺﾎﾞﾘ","townName":"大平町横堀","zipCode":"3294411"},{"prefectureJisCode":"09","cityJisCode":"09203","townNameKana":"ｵｵﾐﾅｶﾞﾜﾏﾁ","townName":"大皆川町","zipCode":"3280068"},{"prefectureJisCode":"09","cityJisCode":"09203","townNameKana":"ｵｵﾐﾔﾏﾁ","townName":"大宮町","zipCode":"3280011"},{"prefectureJisCode":"09","cityJisCode":"09203","townNameKana":"ｵｵﾓﾘﾏﾁ","townName":"大森町","zipCode":"3280133"},{"prefectureJisCode":"09","cityJisCode":"09203","townNameKana":"ｵﾉｸﾞﾁﾏﾁ","townName":"小野口町","zipCode":"3280065"},{"prefectureJisCode":"09","cityJisCode":"09203","townNameKana":"ｶｳｴﾓﾝﾁｮｳ","townName":"嘉右衛門町","zipCode":"3280072"},{"prefectureJisCode":"09","cityJisCode":"09203","townNameKana":"ｶｼﾜｸﾞﾗﾏﾁ","townName":"柏倉町","zipCode":"3280066"},{"prefectureJisCode":"09","cityJisCode":"09203","townNameKana":"ｶﾀﾔﾅｷﾞﾁｮｳ","townName":"片柳町","zipCode":"3280053"},{"prefectureJisCode":"09","cityJisCode":"09203","townNameKana":"ｶﾜｲﾁｮｳ","townName":"河合町","zipCode":"3280041"},{"prefectureJisCode":"09","cityJisCode":"09203","townNameKana":"ｶﾜﾗﾀﾞﾏﾁ","townName":"川原田町","zipCode":"3280123"},{"prefectureJisCode":"09","cityJisCode":"09203","townNameKana":"ｶﾝﾀﾞﾁｮｳ","townName":"神田町","zipCode":"3280032"},{"prefectureJisCode":"09","cityJisCode":"09203","townNameKana":"ｷﾉｼﾞﾏﾁ","townName":"木野地町","zipCode":"3280122"},{"prefectureJisCode":"09","cityJisCode":"09203","townNameKana":"ｸﾎﾞﾀﾏﾁ","townName":"久保田町","zipCode":"3280021"},{"prefectureJisCode":"09","cityJisCode":"09203","townNameKana":"ｺｳﾏﾁ","townName":"国府町","zipCode":"3280006"},{"prefectureJisCode":"09","cityJisCode":"09203","townNameKana":"ｺｳﾔﾏﾁ","townName":"高谷町","zipCode":"3280023"},{"prefectureJisCode":"09","cityJisCode":"09203","townNameKana":"ｺﾋﾗﾁｮｳ","townName":"小平町","zipCode":"3280073"},{"prefectureJisCode":"09","cityJisCode":"09203","townNameKana":"ｻｶｲﾁｮｳ","townName":"境町","zipCode":"3280043"},{"prefectureJisCode":"09","cityJisCode":"09203","townNameKana":"ｼｮｳﾜﾁｮｳ","townName":"昭和町","zipCode":"3280013"},{"prefectureJisCode":"09","cityJisCode":"09203","townNameKana":"ｼﾄﾘﾏﾁ","townName":"志鳥町","zipCode":"3280064"},{"prefectureJisCode":"09","cityJisCode":"09203","townNameKana":"ｼﾘｳﾁﾏﾁ","townName":"尻内町","zipCode":"3280203"},{"prefectureJisCode":"09","cityJisCode":"09203","townNameKana":"ｼﾞｮｳﾅｲﾁｮｳ","townName":"城内町","zipCode":"3280033"},{"prefectureJisCode":"09","cityJisCode":"09203","townNameKana":"ｿｳｼﾞｬﾏﾁ","townName":"惣社町","zipCode":"3280002"},{"prefectureJisCode":"09","cityJisCode":"09203","townNameKana":"ｿﾉﾍﾞﾁｮｳ","townName":"薗部町","zipCode":"3280074"},{"prefectureJisCode":"09","cityJisCode":"09203","townNameKana":"ﾀﾑﾗﾏﾁ","townName":"田村町","zipCode":"3280004"},{"prefectureJisCode":"09","cityJisCode":"09203","townNameKana":"ﾀﾞｲｺｳｼﾞﾏﾁ","townName":"大光寺町","zipCode":"3280003"},{"prefectureJisCode":"09","cityJisCode":"09203","townNameKana":"ﾀﾞｲﾁｮｳ","townName":"大町","zipCode":"3280071"},{"prefectureJisCode":"09","cityJisCode":"09203","townNameKana":"ﾁﾂﾞｶﾏﾁ","townName":"千塚町","zipCode":"3280135"},{"prefectureJisCode":"09","cityJisCode":"09203","townNameKana":"ﾂｶﾞﾏﾁｲｴﾅｶ","townName":"都賀町家中","zipCode":"3280111"},{"prefectureJisCode":"09","cityJisCode":"09203","townNameKana":"ﾂｶﾞﾏﾁｳｽｸﾎﾞ","townName":"都賀町臼久保","zipCode":"3280105"},{"prefectureJisCode":"09","cityJisCode":"09203","townNameKana":"ﾂｶﾞﾏﾁｵｵｶﾞｷ","townName":"都賀町大柿","zipCode":"3280101"},{"prefectureJisCode":"09","cityJisCode":"09203","townNameKana":"ﾂｶﾞﾏﾁｵｵﾊｼ","townName":"都賀町大橋","zipCode":"3280106"},{"prefectureJisCode":"09","cityJisCode":"09203","townNameKana":"ﾂｶﾞﾏﾁｶｯｾﾝﾊﾞ","townName":"都賀町合戦場","zipCode":"3280113"},{"prefectureJisCode":"09","cityJisCode":"09203","townNameKana":"ﾂｶﾞﾏﾁｷ","townName":"都賀町木","zipCode":"3280104"},{"prefectureJisCode":"09","cityJisCode":"09203","townNameKana":"ﾂｶﾞﾏﾁﾄﾐﾊﾘ","townName":"都賀町富張","zipCode":"3280102"},{"prefectureJisCode":"09","cityJisCode":"09203","townNameKana":"ﾂｶﾞﾏﾁﾊﾗｼﾞｭｸ","townName":"都賀町原宿","zipCode":"3280103"},{"prefectureJisCode":"09","cityJisCode":"09203","townNameKana":"ﾂｶﾞﾏﾁﾋﾗｶﾜ","townName":"都賀町平川","zipCode":"3280112"},{"prefectureJisCode":"09","cityJisCode":"09203","townNameKana":"ﾂｶﾞﾏﾁﾌｶｻﾜ","townName":"都賀町深沢","zipCode":"3280107"},{"prefectureJisCode":"09","cityJisCode":"09203","townNameKana":"ﾂｶﾞﾏﾁﾏｽﾂﾞｶ","townName":"都賀町升塚","zipCode":"3280114"},{"prefectureJisCode":"09","cityJisCode":"09203","townNameKana":"ﾅｶｶﾞﾀﾏﾁ","townName":"仲方町","zipCode":"3280132"},{"prefectureJisCode":"09","cityJisCode":"09203","townNameKana":"ﾅｶｼｱｹﾞﾏﾁ","townName":"仲仕上町","zipCode":"3280025"},{"prefectureJisCode":"09","cityJisCode":"09203","townNameKana":"ﾅﾍﾞﾔﾏﾏﾁ","townName":"鍋山町","zipCode":"3280205"},{"prefectureJisCode":"09","cityJisCode":"09203","townNameKana":"ﾆｼｶﾀﾏﾁｶﾅｲ","townName":"西方町金井","zipCode":"3220602"},{"prefectureJisCode":"09","cityJisCode":"09203","townNameKana":"ﾆｼｶﾀﾏﾁｶﾅｻｷ","townName":"西方町金崎","zipCode":"3220601"},{"prefectureJisCode":"09","cityJisCode":"09203","townNameKana":"ﾆｼｶﾀﾏﾁﾎﾝｺﾞｳ","townName":"西方町本郷","zipCode":"3220603"},{"prefectureJisCode":"09","cityJisCode":"09203","townNameKana":"ﾆｼｶﾀﾏﾁﾎﾝｼﾞｮｳ","townName":"西方町本城","zipCode":"3220606"},{"prefectureJisCode":"09","cityJisCode":"09203","townNameKana":"ﾆｼｶﾀﾏﾁﾏﾅｺﾞ","townName":"西方町真名子","zipCode":"3220605"},{"prefectureJisCode":"09","cityJisCode":"09203","townNameKana":"ﾆｼｶﾀﾏﾁﾓﾄ","townName":"西方町元","zipCode":"3220604"},{"prefectureJisCode":"09","cityJisCode":"09203","townNameKana":"ﾆｼｷﾁｮｳ","townName":"錦町","zipCode":"3280017"},{"prefectureJisCode":"09","cityJisCode":"09203","townNameKana":"ﾇﾏﾜﾀﾞﾁｮｳ","townName":"沼和田町","zipCode":"3280042"},{"prefectureJisCode":"09","cityJisCode":"09203","townNameKana":"ﾉﾅｶﾏﾁ","townName":"野中町","zipCode":"3280124"},{"prefectureJisCode":"09","cityJisCode":"09203","townNameKana":"ﾊｺﾉﾓﾘﾏﾁ","townName":"箱森町","zipCode":"3280075"},{"prefectureJisCode":"09","cityJisCode":"09203","townNameKana":"ﾋﾉｸﾁﾏﾁ","townName":"樋ノ口町","zipCode":"3280024"},{"prefectureJisCode":"09","cityJisCode":"09203","townNameKana":"ﾋﾉﾃﾞﾁｮｳ","townName":"日ノ出町","zipCode":"3280031"},{"prefectureJisCode":"09","cityJisCode":"09203","townNameKana":"ﾋﾗｲﾁｮｳ","townName":"平井町","zipCode":"3280054"},{"prefectureJisCode":"09","cityJisCode":"09203","townNameKana":"ﾋﾗﾔﾅｷﾞﾏﾁ","townName":"平柳町","zipCode":"3280012"},{"prefectureJisCode":"09","cityJisCode":"09203","townNameKana":"ﾌｷｱｹﾞﾏﾁ","townName":"吹上町","zipCode":"3280125"},{"prefectureJisCode":"09","cityJisCode":"09203","townNameKana":"ﾌｼﾞｵｶﾏﾁｱｶﾏ","townName":"藤岡町赤麻","zipCode":"3231102"},{"prefectureJisCode":"09","cityJisCode":"09203","townNameKana":"ﾌｼﾞｵｶﾏﾁｲｼｶﾜ","townName":"藤岡町石川","zipCode":"3290316"},{"prefectureJisCode":"09","cityJisCode":"09203","townNameKana":"ﾌｼﾞｵｶﾏﾁｳﾁﾉ","townName":"藤岡町内野","zipCode":"3231103"},{"prefectureJisCode":"09","cityJisCode":"09203","townNameKana":"ﾌｼﾞｵｶﾏﾁｵｵﾀ","townName":"藤岡町太田","zipCode":"3231108"},{"prefectureJisCode":"09","cityJisCode":"09203","townNameKana":"ﾌｼﾞｵｶﾏﾁｵｵﾀﾞﾜ","townName":"藤岡町大田和","zipCode":"3231107"},{"prefectureJisCode":"09","cityJisCode":"09203","townNameKana":"ﾌｼﾞｵｶﾏﾁｵｵﾏｴ","townName":"藤岡町大前","zipCode":"3231101"},{"prefectureJisCode":"09","cityJisCode":"09203","townNameKana":"ﾌｼﾞｵｶﾏﾁｺｳ","townName":"藤岡町甲","zipCode":"3231105"},{"prefectureJisCode":"09","cityJisCode":"09203","townNameKana":"ﾌｼﾞｵｶﾏﾁｼﾀﾐﾔ","townName":"藤岡町下宮","zipCode":"3491221"},{"prefectureJisCode":"09","cityJisCode":"09203","townNameKana":"ﾌｼﾞｵｶﾏﾁﾀﾃﾜｷ","townName":"藤岡町帯刀","zipCode":"3290317"},{"prefectureJisCode":"09","cityJisCode":"09203","townNameKana":"ﾌｼﾞｵｶﾏﾁﾂｶﾞ","townName":"藤岡町都賀","zipCode":"3231106"},{"prefectureJisCode":"09","cityJisCode":"09203","townNameKana":"ﾌｼﾞｵｶﾏﾁﾄﾐﾖｼ","townName":"藤岡町富吉","zipCode":"3290311"},{"prefectureJisCode":"09","cityJisCode":"09203","townNameKana":"ﾌｼﾞｵｶﾏﾁﾅｶﾈ","townName":"藤岡町中根","zipCode":"3290319"},{"prefectureJisCode":"09","cityJisCode":"09203","townNameKana":"ﾌｼﾞｵｶﾏﾁﾆｯﾊﾟ","townName":"藤岡町新波","zipCode":"3290314"},{"prefectureJisCode":"09","cityJisCode":"09203","townNameKana":"ﾌｼﾞｵｶﾏﾁﾆｼﾏｴﾊﾗ","townName":"藤岡町西前原","zipCode":"3290318"},{"prefectureJisCode":"09","cityJisCode":"09203","townNameKana":"ﾌｼﾞｵｶﾏﾁﾋﾙﾇﾏ","townName":"藤岡町蛭沼","zipCode":"3290312"},{"prefectureJisCode":"09","cityJisCode":"09203","townNameKana":"ﾌｼﾞｵｶﾏﾁﾌｼﾞｵｶ","townName":"藤岡町藤岡","zipCode":"3231104"},{"prefectureJisCode":"09","cityJisCode":"09203","townNameKana":"ﾌｼﾞｵｶﾏﾁﾍﾔ","townName":"藤岡町部屋","zipCode":"3290315"},{"prefectureJisCode":"09","cityJisCode":"09203","townNameKana":"ﾌｼﾞｵｶﾏﾁﾐﾄﾞﾘｶﾜ","townName":"藤岡町緑川","zipCode":"3290313"},{"prefectureJisCode":"09","cityJisCode":"09203","townNameKana":"ﾌｼﾞﾀﾏﾁ","townName":"藤田町","zipCode":"3280026"},{"prefectureJisCode":"09","cityJisCode":"09203","townNameKana":"ﾌｼﾞﾐﾁｮｳ","townName":"富士見町","zipCode":"3280044"},{"prefectureJisCode":"09","cityJisCode":"09203","townNameKana":"ﾎｼﾉﾏﾁ","townName":"星野町","zipCode":"3280201"},{"prefectureJisCode":"09","cityJisCode":"09203","townNameKana":"ﾎｿﾎﾞﾘﾏﾁ","townName":"細堀町","zipCode":"3280121"},{"prefectureJisCode":"09","cityJisCode":"09203","townNameKana":"ﾎﾝﾁｮｳ","townName":"本町","zipCode":"3280034"},{"prefectureJisCode":"09","cityJisCode":"09203","townNameKana":"ﾐﾅｶﾞﾜｼﾞｮｳﾅｲﾏﾁ","townName":"皆川城内町","zipCode":"3280067"},{"prefectureJisCode":"09","cityJisCode":"09203","townNameKana":"ﾐﾅﾄﾁｮｳ","townName":"湊町","zipCode":"3280045"},{"prefectureJisCode":"09","cityJisCode":"09203","townNameKana":"ﾐﾔﾀﾏﾁ","townName":"宮田町","zipCode":"3280022"},{"prefectureJisCode":"09","cityJisCode":"09203","townNameKana":"ﾐﾔﾏﾁ","townName":"宮町","zipCode":"3280134"},{"prefectureJisCode":"09","cityJisCode":"09203","townNameKana":"ﾑﾛﾏﾁ","townName":"室町","zipCode":"3280036"},{"prefectureJisCode":"09","cityJisCode":"09203","townNameKana":"ﾔﾅｷﾞﾊﾗﾏﾁ","townName":"柳原町","zipCode":"3280001"},{"prefectureJisCode":"09","cityJisCode":"09203","townNameKana":"ﾔﾅｷﾞﾊﾞｼﾁｮｳ","townName":"柳橋町","zipCode":"3280051"},{"prefectureJisCode":"09","cityJisCode":"09203","townNameKana":"ﾔﾏﾄﾁｮｳ","townName":"倭町","zipCode":"3280037"},{"prefectureJisCode":"09","cityJisCode":"09203","townNameKana":"ﾖﾘｲﾏﾁ","townName":"寄居町","zipCode":"3280005"},{"prefectureJisCode":"09","cityJisCode":"09203","townNameKana":"ﾖﾛｽﾞﾁｮｳ","townName":"万町","zipCode":"3280015"}]