[{"prefectureJisCode":"09","cityJisCode":"09407","townNameKana":"ｱｼﾉ","townName":"芦野","zipCode":"3293443"},{"prefectureJisCode":"09","cityJisCode":"09407","townNameKana":"ｱｽﾞｻ","townName":"梓","zipCode":"3293432"},{"prefectureJisCode":"09","cityJisCode":"09407","townNameKana":"ｲｵｳﾉ","townName":"伊王野","zipCode":"3293436"},{"prefectureJisCode":"09","cityJisCode":"09407","townNameKana":"ｲﾅｻﾞﾜ","townName":"稲沢","zipCode":"3293447"},{"prefectureJisCode":"09","cityJisCode":"09407","townNameKana":"ｳﾙｼﾂｶ","townName":"漆塚","zipCode":"3293221"},{"prefectureJisCode":"09","cityJisCode":"09407","townNameKana":"ｵｵｼﾏ","townName":"大島","zipCode":"3293223"},{"prefectureJisCode":"09","cityJisCode":"09407","townNameKana":"ｵｵﾊﾀ","townName":"大畑","zipCode":"3293431"},{"prefectureJisCode":"09","cityJisCode":"09407","townNameKana":"ｵｵﾜｽ","townName":"大和須","zipCode":"3293433"},{"prefectureJisCode":"09","cityJisCode":"09407","townNameKana":"ﾀｶｸｵﾂ","townName":"高久乙","zipCode":"3250303"},{"prefectureJisCode":"09","cityJisCode":"09407","townNameKana":"ﾀｶｸｺｳ","townName":"高久甲","zipCode":"3250001"},{"prefectureJisCode":"09","cityJisCode":"09407","townNameKana":"ﾀｶｸﾍｲ","townName":"高久丙","zipCode":"3250002"},{"prefectureJisCode":"09","cityJisCode":"09407","townNameKana":"ﾀｶｸﾍｲﾎﾂﾞﾐ","townName":"高久丙穂積","zipCode":"3250002"},{"prefectureJisCode":"09","cityJisCode":"09407","townNameKana":"ﾀｶｸﾍｲﾔﾏﾅｼ","townName":"高久丙山梨子","zipCode":"3250002"},{"prefectureJisCode":"09","cityJisCode":"09407","townNameKana":"ﾃﾗｺ","townName":"寺子","zipCode":"3293444"},{"prefectureJisCode":"09","cityJisCode":"09407","townNameKana":"ﾃﾗｺｵﾂ","townName":"寺子乙","zipCode":"3250003"},{"prefectureJisCode":"09","cityJisCode":"09407","townNameKana":"ﾃﾗｺﾍｲ","townName":"寺子丙","zipCode":"3293222"},{"prefectureJisCode":"09","cityJisCode":"09407","townNameKana":"ﾄﾐｵｶ","townName":"富岡","zipCode":"3293212"},{"prefectureJisCode":"09","cityJisCode":"09407","townNameKana":"ﾄﾖﾊﾗ","townName":"豊原","zipCode":"3293213"},{"prefectureJisCode":"09","cityJisCode":"09407","townNameKana":"ﾄﾖﾊﾗｵﾂ","townName":"豊原乙","zipCode":"3293224"},{"prefectureJisCode":"09","cityJisCode":"09407","townNameKana":"ﾄﾖﾊﾗｺｳ","townName":"豊原甲","zipCode":"3293211"},{"prefectureJisCode":"09","cityJisCode":"09407","townNameKana":"ﾄﾖﾊﾗﾍｲ","townName":"豊原丙","zipCode":"3293225"},{"prefectureJisCode":"09","cityJisCode":"09407","townNameKana":"ﾇﾏﾉｲ","townName":"沼野井","zipCode":"3293446"},{"prefectureJisCode":"09","cityJisCode":"09407","townNameKana":"ﾋｶﾞｼｲﾜｻﾞｷ","townName":"東岩崎","zipCode":"3293445"},{"prefectureJisCode":"09","cityJisCode":"09407","townNameKana":"ﾐﾉｻﾞﾜ","townName":"蓑沢","zipCode":"3293437"},{"prefectureJisCode":"09","cityJisCode":"09407","townNameKana":"ﾑﾂﾔ","townName":"睦家","zipCode":"3293435"},{"prefectureJisCode":"09","cityJisCode":"09407","townNameKana":"ﾔﾅｾﾞ","townName":"梁瀬","zipCode":"3293434"},{"prefectureJisCode":"09","cityJisCode":"09407","townNameKana":"ﾕﾓﾄ","townName":"湯本","zipCode":"3250301"},{"prefectureJisCode":"09","cityJisCode":"09407","townNameKana":"ﾖｺｵｶ","townName":"横岡","zipCode":"3293214"},{"prefectureJisCode":"09","cityJisCode":"09407","townNameKana":"ﾖﾘｲ","townName":"寄居","zipCode":"3293441"}]