[{"prefectureJisCode":"40","cityJisCode":"40213","townNameKana":"ｱﾓｳﾀﾞ","townName":"天生田","zipCode":"8240044"},{"prefectureJisCode":"40","cityJisCode":"40213","townNameKana":"ｲｽﾞﾐﾁｭｳｵｳ","townName":"泉中央","zipCode":"8240034"},{"prefectureJisCode":"40","cityJisCode":"40213","townNameKana":"ｲﾅﾄﾞｳ","townName":"稲童","zipCode":"8240022"},{"prefectureJisCode":"40","cityJisCode":"40213","townNameKana":"ｲﾏｲ","townName":"今井","zipCode":"8240018"},{"prefectureJisCode":"40","cityJisCode":"40213","townNameKana":"ｵｵﾀﾆ","townName":"大谷","zipCode":"8240045"},{"prefectureJisCode":"40","cityJisCode":"40213","townNameKana":"ｵｵﾉｲ","townName":"大野井","zipCode":"8240041"},{"prefectureJisCode":"40","cityJisCode":"40213","townNameKana":"ｵｵﾊｼ","townName":"大橋","zipCode":"8240003"},{"prefectureJisCode":"40","cityJisCode":"40213","townNameKana":"ｵｻｷﾞ","townName":"長木","zipCode":"8240058"},{"prefectureJisCode":"40","cityJisCode":"40213","townNameKana":"ｶﾅﾔ","townName":"金屋","zipCode":"8240004"},{"prefectureJisCode":"40","cityJisCode":"40213","townNameKana":"ｶﾐｹﾝｼﾞ","townName":"上検地","zipCode":"8240052"},{"prefectureJisCode":"40","cityJisCode":"40213","townNameKana":"ｶﾐﾂﾞｸﾏ","townName":"上津熊","zipCode":"8240064"},{"prefectureJisCode":"40","cityJisCode":"40213","townNameKana":"ｶﾐﾋｴﾀﾞ","townName":"上稗田","zipCode":"8240055"},{"prefectureJisCode":"40","cityJisCode":"40213","townNameKana":"ｷﾀｲｽﾞﾐ","townName":"北泉","zipCode":"8240033"},{"prefectureJisCode":"40","cityJisCode":"40213","townNameKana":"ｷﾞｮｳｼﾞ","townName":"行事","zipCode":"8240001"},{"prefectureJisCode":"40","cityJisCode":"40213","townNameKana":"ｸｻﾉ","townName":"草野","zipCode":"8240061"},{"prefectureJisCode":"40","cityJisCode":"40213","townNameKana":"ｸﾂｵ","townName":"沓尾","zipCode":"8240013"},{"prefectureJisCode":"40","cityJisCode":"40213","townNameKana":"ｼﾓｹﾝｼﾞ","townName":"下検地","zipCode":"8240051"},{"prefectureJisCode":"40","cityJisCode":"40213","townNameKana":"ｼﾓｻｷ","townName":"下崎","zipCode":"8240076"},{"prefectureJisCode":"40","cityJisCode":"40213","townNameKana":"ｼﾓﾂﾞｸﾏ","townName":"下津熊","zipCode":"8240062"},{"prefectureJisCode":"40","cityJisCode":"40213","townNameKana":"ｼﾓﾋｴﾀﾞ","townName":"下稗田","zipCode":"8240054"},{"prefectureJisCode":"40","cityJisCode":"40213","townNameKana":"ｼﾞﾝﾃﾞﾝﾏﾁ","townName":"神田町","zipCode":"8240007"},{"prefectureJisCode":"40","cityJisCode":"40213","townNameKana":"ｽﾏｿﾞﾉ","townName":"須磨園","zipCode":"8240072"},{"prefectureJisCode":"40","cityJisCode":"40213","townNameKana":"ﾀｶｸ","townName":"高来","zipCode":"8240078"},{"prefectureJisCode":"40","cityJisCode":"40213","townNameKana":"ﾀｶｾ","townName":"高瀬","zipCode":"8240027"},{"prefectureJisCode":"40","cityJisCode":"40213","townNameKana":"ﾀｶﾗﾔﾏ","townName":"宝山","zipCode":"8240048"},{"prefectureJisCode":"40","cityJisCode":"40213","townNameKana":"ﾁｭｳｵｳ","townName":"中央","zipCode":"8240005"},{"prefectureJisCode":"40","cityJisCode":"40213","townNameKana":"ﾁｮｳｵﾝｼﾞ","townName":"長音寺","zipCode":"8240065"},{"prefectureJisCode":"40","cityJisCode":"40213","townNameKana":"ﾂｼﾞｶｷ","townName":"辻垣","zipCode":"8240028"},{"prefectureJisCode":"40","cityJisCode":"40213","townNameKana":"ﾂﾂﾐ","townName":"津積","zipCode":"8240047"},{"prefectureJisCode":"40","cityJisCode":"40213","townNameKana":"ﾂﾈﾏﾂ","townName":"常松","zipCode":"8240074"},{"prefectureJisCode":"40","cityJisCode":"40213","townNameKana":"ﾂﾙ","townName":"津留","zipCode":"8240016"},{"prefectureJisCode":"40","cityJisCode":"40213","townNameKana":"ﾃﾗﾅﾜﾃ","townName":"寺畔","zipCode":"8240042"},{"prefectureJisCode":"40","cityJisCode":"40213","townNameKana":"ﾄｸﾅｶﾞ","townName":"徳永","zipCode":"8240071"},{"prefectureJisCode":"40","cityJisCode":"40213","townNameKana":"ﾄﾞｳｼﾞｮｳｼﾞ","townName":"道場寺","zipCode":"8240026"},{"prefectureJisCode":"40","cityJisCode":"40213","townNameKana":"ﾅｶｶﾞﾜ","townName":"中川","zipCode":"8240053"},{"prefectureJisCode":"40","cityJisCode":"40213","townNameKana":"ﾅｶﾂﾞｸﾏ","townName":"中津熊","zipCode":"8240063"},{"prefectureJisCode":"40","cityJisCode":"40213","townNameKana":"ﾅｶﾞｲ","townName":"長井","zipCode":"8240014"},{"prefectureJisCode":"40","cityJisCode":"40213","townNameKana":"ﾅｶﾞｵ","townName":"長尾","zipCode":"8240075"},{"prefectureJisCode":"40","cityJisCode":"40213","townNameKana":"ﾆｭｳｶﾞｸ","townName":"入覚","zipCode":"8240077"},{"prefectureJisCode":"40","cityJisCode":"40213","townNameKana":"ﾆｼｲｽﾞﾐ","townName":"西泉","zipCode":"8240038"},{"prefectureJisCode":"40","cityJisCode":"40213","townNameKana":"ﾆｼﾀﾆ","townName":"西谷","zipCode":"8240046"},{"prefectureJisCode":"40","cityJisCode":"40213","townNameKana":"ﾆｼﾐﾔｲﾁ","townName":"西宮市","zipCode":"8240031"},{"prefectureJisCode":"40","cityJisCode":"40213","townNameKana":"ﾉﾌﾞﾅｶﾞ","townName":"延永","zipCode":"8240068"},{"prefectureJisCode":"40","cityJisCode":"40213","townNameKana":"ﾊﾞﾊﾞ","townName":"馬場","zipCode":"8240021"},{"prefectureJisCode":"40","cityJisCode":"40213","townNameKana":"ﾋｶﾞｼｲｽﾞﾐ","townName":"東泉","zipCode":"8240035"},{"prefectureJisCode":"40","cityJisCode":"40213","townNameKana":"ﾋｶﾞｼｵｵﾊｼ","townName":"東大橋","zipCode":"8240002"},{"prefectureJisCode":"40","cityJisCode":"40213","townNameKana":"ﾋｶﾞｼﾄｸﾅｶﾞ","townName":"東徳永","zipCode":"8240025"},{"prefectureJisCode":"40","cityJisCode":"40213","townNameKana":"ﾌｸﾊﾞﾙ","townName":"福原","zipCode":"8240049"},{"prefectureJisCode":"40","cityJisCode":"40213","townNameKana":"ﾌｸﾏﾙ","townName":"福丸","zipCode":"8240073"},{"prefectureJisCode":"40","cityJisCode":"40213","townNameKana":"ﾌｸﾛｻｺ","townName":"袋迫","zipCode":"8240024"},{"prefectureJisCode":"40","cityJisCode":"40213","townNameKana":"ﾌﾀﾂﾞｶ","townName":"二塚","zipCode":"8240067"},{"prefectureJisCode":"40","cityJisCode":"40213","townNameKana":"ﾌﾞﾝｷｭｳ","townName":"文久","zipCode":"8240012"},{"prefectureJisCode":"40","cityJisCode":"40213","townNameKana":"ﾏｴﾀﾞ","townName":"前田","zipCode":"8240056"},{"prefectureJisCode":"40","cityJisCode":"40213","townNameKana":"ﾏｺﾓ","townName":"真菰","zipCode":"8240017"},{"prefectureJisCode":"40","cityJisCode":"40213","townNameKana":"ﾏﾂﾊﾞﾗ","townName":"松原","zipCode":"8240023"},{"prefectureJisCode":"40","cityJisCode":"40213","townNameKana":"ﾐﾅﾐｲｽﾞﾐ","townName":"南泉","zipCode":"8240036"},{"prefectureJisCode":"40","cityJisCode":"40213","townNameKana":"ﾐﾅﾐｵｵﾊｼ","townName":"南大橋","zipCode":"8240032"},{"prefectureJisCode":"40","cityJisCode":"40213","townNameKana":"ﾐﾉｼﾏ","townName":"蓑島","zipCode":"8240011"},{"prefectureJisCode":"40","cityJisCode":"40213","townNameKana":"ﾐﾔｲﾁﾏﾁ","townName":"宮市町","zipCode":"8240008"},{"prefectureJisCode":"40","cityJisCode":"40213","townNameKana":"ﾐﾔﾉﾓﾘ","townName":"宮の杜","zipCode":"8240057"},{"prefectureJisCode":"40","cityJisCode":"40213","townNameKana":"ﾓﾄﾅｶﾞ","townName":"元永","zipCode":"8240015"},{"prefectureJisCode":"40","cityJisCode":"40213","townNameKana":"ﾓﾝﾋﾟﾏﾁ","townName":"門樋町","zipCode":"8240006"},{"prefectureJisCode":"40","cityJisCode":"40213","townNameKana":"ﾔﾄﾞﾐ","townName":"矢留","zipCode":"8240037"},{"prefectureJisCode":"40","cityJisCode":"40213","townNameKana":"ﾔﾔﾏ","townName":"矢山","zipCode":"8240079"},{"prefectureJisCode":"40","cityJisCode":"40213","townNameKana":"ﾖｼｸﾆ","townName":"吉国","zipCode":"8240066"},{"prefectureJisCode":"40","cityJisCode":"40213","townNameKana":"ﾘｭｳﾏﾂ","townName":"流末","zipCode":"8240043"}]