[{"prefectureJisCode":"40","cityJisCode":"40212","townNameKana":"ｱｹﾞﾏｷ","townName":"上巻","zipCode":"8310031"},{"prefectureJisCode":"40","cityJisCode":"40212","townNameKana":"ｴﾉｷﾂﾞ","townName":"榎津","zipCode":"8310004"},{"prefectureJisCode":"40","cityJisCode":"40212","townNameKana":"ｵｵﾉｼﾏ","townName":"大野島","zipCode":"8310045"},{"prefectureJisCode":"40","cityJisCode":"40212","townNameKana":"ｵｵﾊｼ","townName":"大橋","zipCode":"8310021"},{"prefectureJisCode":"40","cityJisCode":"40212","townNameKana":"ｵｷﾞｼﾏ","townName":"荻島","zipCode":"8310027"},{"prefectureJisCode":"40","cityJisCode":"40212","townNameKana":"ｵﾆｺｶﾞ","townName":"鬼古賀","zipCode":"8310024"},{"prefectureJisCode":"40","cityJisCode":"40212","townNameKana":"ｶﾈｶﾞｴ","townName":"鐘ケ江","zipCode":"8310008"},{"prefectureJisCode":"40","cityJisCode":"40212","townNameKana":"ｶﾐｼﾗｶｷ","townName":"上白垣","zipCode":"8310012"},{"prefectureJisCode":"40","cityJisCode":"40212","townNameKana":"ｷﾀｺｶﾞ","townName":"北古賀","zipCode":"8310032"},{"prefectureJisCode":"40","cityJisCode":"40212","townNameKana":"ｸｱﾐ","townName":"九網","zipCode":"8310042"},{"prefectureJisCode":"40","cityJisCode":"40212","townNameKana":"ｹﾞﾊﾞﾔｼ","townName":"下林","zipCode":"8310002"},{"prefectureJisCode":"40","cityJisCode":"40212","townNameKana":"ｺﾎﾞ","townName":"小保","zipCode":"8310041"},{"prefectureJisCode":"40","cityJisCode":"40212","townNameKana":"ｺﾞｳﾊﾞﾙ","townName":"郷原","zipCode":"8310028"},{"prefectureJisCode":"40","cityJisCode":"40212","townNameKana":"ｻｶｲ","townName":"坂井","zipCode":"8310025"},{"prefectureJisCode":"40","cityJisCode":"40212","townNameKana":"ｻｹﾐ","townName":"酒見","zipCode":"8310016"},{"prefectureJisCode":"40","cityJisCode":"40212","townNameKana":"ｼﾓｱｵｷ","townName":"下青木","zipCode":"8310001"},{"prefectureJisCode":"40","cityJisCode":"40212","townNameKana":"ｼﾓｷｻｷ","townName":"下木佐木","zipCode":"8310022"},{"prefectureJisCode":"40","cityJisCode":"40212","townNameKana":"ｼﾓｼﾗｶｷ","townName":"下白垣","zipCode":"8310011"},{"prefectureJisCode":"40","cityJisCode":"40212","townNameKana":"ｼﾓﾊﾁｲﾝ","townName":"下八院","zipCode":"8310017"},{"prefectureJisCode":"40","cityJisCode":"40212","townNameKana":"ｼﾓﾑﾀｸﾞﾁ","townName":"下牟田口","zipCode":"8310023"},{"prefectureJisCode":"40","cityJisCode":"40212","townNameKana":"ｼﾝﾃﾞﾝ","townName":"新田","zipCode":"8310043"},{"prefectureJisCode":"40","cityJisCode":"40212","townNameKana":"ﾂ","townName":"津","zipCode":"8310035"},{"prefectureJisCode":"40","cityJisCode":"40212","townNameKana":"ﾄﾞｳｶｲｼﾞﾏ","townName":"道海島","zipCode":"8310007"},{"prefectureJisCode":"40","cityJisCode":"40212","townNameKana":"ﾅｶｷﾑﾛ","townName":"中木室","zipCode":"8310014"},{"prefectureJisCode":"40","cityJisCode":"40212","townNameKana":"ﾅｶｺｶﾞ","townName":"中古賀","zipCode":"8310006"},{"prefectureJisCode":"40","cityJisCode":"40212","townNameKana":"ﾅｶﾊﾁｲﾝ","townName":"中八院","zipCode":"8310013"},{"prefectureJisCode":"40","cityJisCode":"40212","townNameKana":"ﾊﾀﾎ","townName":"幡保","zipCode":"8310033"},{"prefectureJisCode":"40","cityJisCode":"40212","townNameKana":"ﾋﾄﾂｷ","townName":"一木","zipCode":"8310034"},{"prefectureJisCode":"40","cityJisCode":"40212","townNameKana":"ﾍﾞﾆﾔ","townName":"紅粉屋","zipCode":"8310044"},{"prefectureJisCode":"40","cityJisCode":"40212","townNameKana":"ﾎﾝｷﾞﾑﾛ","townName":"本木室","zipCode":"8310015"},{"prefectureJisCode":"40","cityJisCode":"40212","townNameKana":"ﾐﾂﾏﾙ","townName":"三丸","zipCode":"8310026"},{"prefectureJisCode":"40","cityJisCode":"40212","townNameKana":"ﾑｶｲｼﾞﾏ","townName":"向島","zipCode":"8310005"},{"prefectureJisCode":"40","cityJisCode":"40212","townNameKana":"ﾓﾛﾄﾞﾐ","townName":"諸富","zipCode":"8310003"}]