[{"prefectureJisCode":"40","cityJisCode":"40231","townNameKana":"ｱﾝﾄｸ","townName":"安徳","zipCode":"8111224"},{"prefectureJisCode":"40","cityJisCode":"40231","townNameKana":"ｲﾁﾉｾ","townName":"市ノ瀬","zipCode":"8111233"},{"prefectureJisCode":"40","cityJisCode":"40231","townNameKana":"ｲﾏﾐﾂ","townName":"今光","zipCode":"8111211"},{"prefectureJisCode":"40","cityJisCode":"40231","townNameKana":"ｳｼﾛﾉ","townName":"後野","zipCode":"8111241"},{"prefectureJisCode":"40","cityJisCode":"40231","townNameKana":"ｳﾒｶﾞﾈ","townName":"埋金","zipCode":"8111232"},{"prefectureJisCode":"40","cityJisCode":"40231","townNameKana":"ｴｺ","townName":"恵子","zipCode":"8111255"},{"prefectureJisCode":"40","cityJisCode":"40231","townNameKana":"ｵｳﾂｶﾀﾞｲ","townName":"王塚台","zipCode":"8111221"},{"prefectureJisCode":"40","cityJisCode":"40231","townNameKana":"ｶﾀﾅﾜ","townName":"片縄","zipCode":"8111201"},{"prefectureJisCode":"40","cityJisCode":"40231","townNameKana":"ｶﾀﾅﾜｷﾀ","townName":"片縄北","zipCode":"8111203"},{"prefectureJisCode":"40","cityJisCode":"40231","townNameKana":"ｶﾀﾅﾜﾆｼ","townName":"片縄西","zipCode":"8111202"},{"prefectureJisCode":"40","cityJisCode":"40231","townNameKana":"ｶﾀﾅﾜﾋｶﾞｼ","townName":"片縄東","zipCode":"8111204"},{"prefectureJisCode":"40","cityJisCode":"40231","townNameKana":"ｶﾐｶｼﾞﾜﾗ","townName":"上梶原","zipCode":"8111223"},{"prefectureJisCode":"40","cityJisCode":"40231","townNameKana":"ｺﾞｶﾔﾏ","townName":"五ケ山","zipCode":"8111234"},{"prefectureJisCode":"40","cityJisCode":"40231","townNameKana":"ｺﾞﾛｳﾏﾙ","townName":"五郎丸","zipCode":"8111252"},{"prefectureJisCode":"40","cityJisCode":"40231","townNameKana":"ｼﾓｶｼﾞﾜﾗ","townName":"下梶原","zipCode":"8111222"},{"prefectureJisCode":"40","cityJisCode":"40231","townNameKana":"ﾁｭｳ","townName":"仲","zipCode":"8111253"},{"prefectureJisCode":"40","cityJisCode":"40231","townNameKana":"ﾁｭｳﾏﾙ","townName":"仲丸","zipCode":"8111256"},{"prefectureJisCode":"40","cityJisCode":"40231","townNameKana":"ﾄﾞｳｾﾞﾝ","townName":"道善","zipCode":"8111254"},{"prefectureJisCode":"40","cityJisCode":"40231","townNameKana":"ﾅｶﾊﾞﾙ","townName":"中原","zipCode":"8111213"},{"prefectureJisCode":"40","cityJisCode":"40231","townNameKana":"ﾅｶﾊﾞﾙﾋｶﾞｼ","townName":"中原東","zipCode":"8111214"},{"prefectureJisCode":"40","cityJisCode":"40231","townNameKana":"ﾅﾒﾘ","townName":"南面里","zipCode":"8111236"},{"prefectureJisCode":"40","cityJisCode":"40231","townNameKana":"ﾅﾙﾀｹ","townName":"成竹","zipCode":"8111235"},{"prefectureJisCode":"40","cityJisCode":"40231","townNameKana":"ﾆｼｸﾞﾏ","townName":"西隈","zipCode":"8111242"},{"prefectureJisCode":"40","cityJisCode":"40231","townNameKana":"ﾆｼﾊﾀ","townName":"西畑","zipCode":"8111246"},{"prefectureJisCode":"40","cityJisCode":"40231","townNameKana":"ﾋｶﾞｼｸﾞﾏ","townName":"東隈","zipCode":"8111243"},{"prefectureJisCode":"40","cityJisCode":"40231","townNameKana":"ﾌﾆｭｳﾄﾞｳ","townName":"不入道","zipCode":"8111231"},{"prefectureJisCode":"40","cityJisCode":"40231","townNameKana":"ﾍﾞｯｼｮ","townName":"別所","zipCode":"8111245"},{"prefectureJisCode":"40","cityJisCode":"40231","townNameKana":"ﾏﾂﾉｷ","townName":"松木","zipCode":"8111251"},{"prefectureJisCode":"40","cityJisCode":"40231","townNameKana":"ﾏﾂﾊﾞﾙ","townName":"松原","zipCode":"8111215"},{"prefectureJisCode":"40","cityJisCode":"40231","townNameKana":"ﾐﾊﾙｶﾞｵｶ","townName":"観晴が丘","zipCode":"8111216"},{"prefectureJisCode":"40","cityJisCode":"40231","townNameKana":"ﾔﾏﾀﾞ","townName":"山田","zipCode":"8111244"}]