[{"prefectureJisCode":"40","cityJisCode":"40342","townNameKana":"ｵﾄｲﾇ","townName":"乙犬","zipCode":"8112412"},{"prefectureJisCode":"40","cityJisCode":"40342","townNameKana":"ｵﾅｶ","townName":"尾仲","zipCode":"8112413"},{"prefectureJisCode":"40","cityJisCode":"40342","townNameKana":"ｶﾅｲﾃﾞ","townName":"金出","zipCode":"8112402"},{"prefectureJisCode":"40","cityJisCode":"40342","townNameKana":"ｻｻｸﾞﾘ","townName":"篠栗","zipCode":"8112405"},{"prefectureJisCode":"40","cityJisCode":"40342","townNameKana":"ﾀｶﾀ","townName":"高田","zipCode":"8112401"},{"prefectureJisCode":"40","cityJisCode":"40342","townNameKana":"ﾀﾅｶ","townName":"田中","zipCode":"8112416"},{"prefectureJisCode":"40","cityJisCode":"40342","townNameKana":"ﾂﾊﾞｸﾛ","townName":"津波黒","zipCode":"8112415"},{"prefectureJisCode":"40","cityJisCode":"40342","townNameKana":"ﾅｲｼﾞｭｳ","townName":"内住","zipCode":"8112404"},{"prefectureJisCode":"40","cityJisCode":"40342","townNameKana":"ﾊｷﾞﾉｳ","townName":"萩尾","zipCode":"8112403"},{"prefectureJisCode":"40","cityJisCode":"40342","townNameKana":"ﾜｶｽｷﾞ","townName":"若杉","zipCode":"8112411"},{"prefectureJisCode":"40","cityJisCode":"40342","townNameKana":"ﾜﾀﾞ","townName":"和田","zipCode":"8112414"}]