[{"prefectureJisCode":"40","cityJisCode":"40602","townNameKana":"ｵﾁｱｲ","townName":"落合","zipCode":"8240722"},{"prefectureJisCode":"40","cityJisCode":"40602","townNameKana":"ｼｮｳ","townName":"庄","zipCode":"8240601"},{"prefectureJisCode":"40","cityJisCode":"40602","townNameKana":"ｿｴﾀﾞ","townName":"添田","zipCode":"8240602"},{"prefectureJisCode":"40","cityJisCode":"40602","townNameKana":"ﾁｭｳｶﾞﾝｼﾞ","townName":"中元寺","zipCode":"8240603"},{"prefectureJisCode":"40","cityJisCode":"40602","townNameKana":"ﾂﾉ","townName":"津野","zipCode":"8240411"},{"prefectureJisCode":"40","cityJisCode":"40602","townNameKana":"ﾉﾀﾞ","townName":"野田","zipCode":"8240604"},{"prefectureJisCode":"40","cityJisCode":"40602","townNameKana":"ﾋｺｻﾝ","townName":"英彦山","zipCode":"8240721"},{"prefectureJisCode":"40","cityJisCode":"40602","townNameKana":"ﾏｽﾀﾞ","townName":"桝田","zipCode":"8240723"}]