[{"prefectureJisCode":"40","cityJisCode":"40625","townNameKana":"ｱｻﾞﾐ","townName":"呰見","zipCode":"8240102"},{"prefectureJisCode":"40","cityJisCode":"40625","townNameKana":"ｱﾔﾉ","townName":"綾野","zipCode":"8240104"},{"prefectureJisCode":"40","cityJisCode":"40625","townNameKana":"ｱﾘﾋｻ","townName":"有久","zipCode":"8240106"},{"prefectureJisCode":"40","cityJisCode":"40625","townNameKana":"ｲﾏｻﾄ","townName":"今里","zipCode":"8240211"},{"prefectureJisCode":"40","cityJisCode":"40625","townNameKana":"ｶﾂﾔﾏｲｹﾀﾞ","townName":"勝山池田","zipCode":"8240818"},{"prefectureJisCode":"40","cityJisCode":"40625","townNameKana":"ｶﾂﾔﾏｲﾜｸﾞﾏ","townName":"勝山岩熊","zipCode":"8240817"},{"prefectureJisCode":"40","cityJisCode":"40625","townNameKana":"ｶﾂﾔﾏｳｴﾀﾞ","townName":"勝山上田","zipCode":"8240821"},{"prefectureJisCode":"40","cityJisCode":"40625","townNameKana":"ｶﾂﾔﾏｳﾗｶﾞﾜﾁ","townName":"勝山浦河内","zipCode":"8240814"},{"prefectureJisCode":"40","cityJisCode":"40625","townNameKana":"ｶﾂﾔﾏｵｵｸﾎﾞ","townName":"勝山大久保","zipCode":"8240801"},{"prefectureJisCode":"40","cityJisCode":"40625","townNameKana":"ｶﾂﾔﾏｶﾐﾔﾔﾏ","townName":"勝山上矢山","zipCode":"8240815"},{"prefectureJisCode":"40","cityJisCode":"40625","townNameKana":"ｶﾂﾔﾏｸﾛﾀﾞ","townName":"勝山黒田","zipCode":"8240822"},{"prefectureJisCode":"40","cityJisCode":"40625","townNameKana":"ｶﾂﾔﾏﾅｶﾞﾜ","townName":"勝山長川","zipCode":"8240812"},{"prefectureJisCode":"40","cityJisCode":"40625","townNameKana":"ｶﾂﾔﾏﾏﾂﾀﾞ","townName":"勝山松田","zipCode":"8240802"},{"prefectureJisCode":"40","cityJisCode":"40625","townNameKana":"ｶﾂﾔﾏﾐﾀﾞ","townName":"勝山箕田","zipCode":"8240811"},{"prefectureJisCode":"40","cityJisCode":"40625","townNameKana":"ｶﾂﾔﾏﾐﾔﾊﾞﾙ","townName":"勝山宮原","zipCode":"8240813"},{"prefectureJisCode":"40","cityJisCode":"40625","townNameKana":"ｶﾂﾔﾏﾔﾔﾏ","townName":"勝山矢山","zipCode":"8240816"},{"prefectureJisCode":"40","cityJisCode":"40625","townNameKana":"ｶﾐｻｶ","townName":"上坂","zipCode":"8240111"},{"prefectureJisCode":"40","cityJisCode":"40625","townNameKana":"ｶﾝﾊﾞﾙ","townName":"上原","zipCode":"8240112"},{"prefectureJisCode":"40","cityJisCode":"40625","townNameKana":"ｸﾗﾓﾁ","townName":"蔵持","zipCode":"8240207"},{"prefectureJisCode":"40","cityJisCode":"40625","townNameKana":"ｹﾝﾄﾞｸ","townName":"彦徳","zipCode":"8240122"},{"prefectureJisCode":"40","cityJisCode":"40625","townNameKana":"ｺｸｻｸ","townName":"国作","zipCode":"8240125"},{"prefectureJisCode":"40","cityJisCode":"40625","townNameKana":"ｺｸﾌﾞ","townName":"国分","zipCode":"8240123"},{"prefectureJisCode":"40","cityJisCode":"40625","townNameKana":"ｻｲｶﾞﾜｱﾌﾞﾐﾊﾀ","townName":"犀川鐙畑","zipCode":"8240214"},{"prefectureJisCode":"40","cityJisCode":"40625","townNameKana":"ｻｲｶﾞﾜｲﾇﾏﾙ","townName":"犀川犬丸","zipCode":"8240242"},{"prefectureJisCode":"40","cityJisCode":"40625","townNameKana":"ｻｲｶﾞﾜｳﾁｶﾞｷ","townName":"犀川内垣","zipCode":"8240241"},{"prefectureJisCode":"40","cityJisCode":"40625","townNameKana":"ｻｲｶﾞﾜｵｲﾀﾂ","townName":"犀川生立","zipCode":"8240215"},{"prefectureJisCode":"40","cityJisCode":"40625","townNameKana":"ｻｲｶﾞﾜｵｳｷﾞﾀﾞﾆ","townName":"犀川扇谷","zipCode":"8240254"},{"prefectureJisCode":"40","cityJisCode":"40625","townNameKana":"ｻｲｶﾞﾜｵｵｸﾏ","townName":"犀川大熊","zipCode":"8240212"},{"prefectureJisCode":"40","cityJisCode":"40625","townNameKana":"ｻｲｶﾞﾜｵｵｻｶ","townName":"犀川大坂","zipCode":"8240225"},{"prefectureJisCode":"40","cityJisCode":"40625","townNameKana":"ｻｲｶﾞﾜｵｵﾑﾗ","townName":"犀川大村","zipCode":"8240222"},{"prefectureJisCode":"40","cityJisCode":"40625","townNameKana":"ｻｲｶﾞﾜｶﾐｲﾗﾊﾗ","townName":"犀川上伊良原","zipCode":"8240252"},{"prefectureJisCode":"40","cityJisCode":"40625","townNameKana":"ｻｲｶﾞﾜｶﾐﾀｶﾔ","townName":"犀川上高屋","zipCode":"8240202"},{"prefectureJisCode":"40","cityJisCode":"40625","townNameKana":"ｻｲｶﾞﾜｷｲﾊﾞﾊﾞ","townName":"犀川木井馬場","zipCode":"8240243"},{"prefectureJisCode":"40","cityJisCode":"40625","townNameKana":"ｻｲｶﾞﾜｷﾀﾗ","townName":"犀川喜多良","zipCode":"8240213"},{"prefectureJisCode":"40","cityJisCode":"40625","townNameKana":"ｻｲｶﾞﾜｷﾔﾏ","townName":"犀川木山","zipCode":"8240235"},{"prefectureJisCode":"40","cityJisCode":"40625","townNameKana":"ｻｲｶﾞﾜｻｷﾔﾏ","townName":"犀川崎山","zipCode":"8240224"},{"prefectureJisCode":"40","cityJisCode":"40625","townNameKana":"ｻｲｶﾞﾜｼﾓｲﾗﾊﾗ","townName":"犀川下伊良原","zipCode":"8240251"},{"prefectureJisCode":"40","cityJisCode":"40625","townNameKana":"ｻｲｶﾞﾜｼﾓﾀｶﾔ","townName":"犀川下高屋","zipCode":"8240201"},{"prefectureJisCode":"40","cityJisCode":"40625","townNameKana":"ｻｲｶﾞﾜｽｴ","townName":"犀川末江","zipCode":"8240204"},{"prefectureJisCode":"40","cityJisCode":"40625","townNameKana":"ｻｲｶﾞﾜｿﾞｸﾐｮｳｲﾝ","townName":"犀川続命院","zipCode":"8240203"},{"prefectureJisCode":"40","cityJisCode":"40625","townNameKana":"ｻｲｶﾞﾜﾀﾆｸﾞﾁ","townName":"犀川谷口","zipCode":"8240216"},{"prefectureJisCode":"40","cityJisCode":"40625","townNameKana":"ｻｲｶﾞﾜﾊﾅｸﾞﾏ","townName":"犀川花熊","zipCode":"8240233"},{"prefectureJisCode":"40","cityJisCode":"40625","townNameKana":"ｻｲｶﾞﾜﾋｻﾄﾞﾐ","townName":"犀川久富","zipCode":"8240205"},{"prefectureJisCode":"40","cityJisCode":"40625","townNameKana":"ｻｲｶﾞﾜﾌﾙｶﾜ","townName":"犀川古川","zipCode":"8240217"},{"prefectureJisCode":"40","cityJisCode":"40625","townNameKana":"ｻｲｶﾞﾜﾎﾊﾞｼﾗ","townName":"犀川帆柱","zipCode":"8240253"},{"prefectureJisCode":"40","cityJisCode":"40625","townNameKana":"ｻｲｶﾞﾜﾎﾝｼﾞｮｳ","townName":"犀川本庄","zipCode":"8240231"},{"prefectureJisCode":"40","cityJisCode":"40625","townNameKana":"ｻｲｶﾞﾜﾔﾂﾐｿﾞ","townName":"犀川八ツ溝","zipCode":"8240206"},{"prefectureJisCode":"40","cityJisCode":"40625","townNameKana":"ｻｲｶﾞﾜﾔﾅｾ","townName":"犀川柳瀬","zipCode":"8240223"},{"prefectureJisCode":"40","cityJisCode":"40625","townNameKana":"ｻｲｶﾞﾜﾔﾏｶﾞ","townName":"犀川山鹿","zipCode":"8240221"},{"prefectureJisCode":"40","cityJisCode":"40625","townNameKana":"ｻｲｶﾞﾜﾖｺｾ","townName":"犀川横瀬","zipCode":"8240244"},{"prefectureJisCode":"40","cityJisCode":"40625","townNameKana":"ｻｸﾗﾀﾞｲ","townName":"桜台","zipCode":"8240232"},{"prefectureJisCode":"40","cityJisCode":"40625","townNameKana":"ｼﾓﾀｶﾔﾀﾞﾝﾁ","townName":"下高屋団地","zipCode":"8240234"},{"prefectureJisCode":"40","cityJisCode":"40625","townNameKana":"ｼﾓﾊﾞﾙ","townName":"下原","zipCode":"8240103"},{"prefectureJisCode":"40","cityJisCode":"40625","townNameKana":"ｾﾂﾏﾙ","townName":"節丸","zipCode":"8240114"},{"prefectureJisCode":"40","cityJisCode":"40625","townNameKana":"ｿｳｼｬ","townName":"惣社","zipCode":"8240124"},{"prefectureJisCode":"40","cityJisCode":"40625","townNameKana":"ﾀﾅｶ","townName":"田中","zipCode":"8240107"},{"prefectureJisCode":"40","cityJisCode":"40625","townNameKana":"ﾄｸｾｲ","townName":"徳政","zipCode":"8240105"},{"prefectureJisCode":"40","cityJisCode":"40625","townNameKana":"ﾄｸﾅｶﾞ","townName":"徳永","zipCode":"8240101"},{"prefectureJisCode":"40","cityJisCode":"40625","townNameKana":"ﾄﾖﾂ","townName":"豊津","zipCode":"8240121"},{"prefectureJisCode":"40","cityJisCode":"40625","townNameKana":"ﾏﾂｻｶ","townName":"松坂","zipCode":"8240226"},{"prefectureJisCode":"40","cityJisCode":"40625","townNameKana":"ﾐﾂﾄﾞﾐ","townName":"光冨","zipCode":"8240115"},{"prefectureJisCode":"40","cityJisCode":"40625","townNameKana":"ﾖｼｵｶ","townName":"吉岡","zipCode":"8240113"}]