[{"prefectureJisCode":"01","cityJisCode":"01236","townNameKana":"ｲｯﾎﾟﾝｷﾞ","townName":"一本木","zipCode":"0411223"},{"prefectureJisCode":"01","cityJisCode":"01236","townNameKana":"ｲﾁﾉﾜﾀﾘ","townName":"市渡","zipCode":"0411242"},{"prefectureJisCode":"01","cityJisCode":"01236","townNameKana":"ｲﾅｻﾄ","townName":"稲里","zipCode":"0411241"},{"prefectureJisCode":"01","cityJisCode":"01236","townNameKana":"ｲﾅﾘ","townName":"飯生","zipCode":"0490161"},{"prefectureJisCode":"01","cityJisCode":"01236","townNameKana":"ｵｲﾜｹ","townName":"追分","zipCode":"0490101"},{"prefectureJisCode":"01","cityJisCode":"01236","townNameKana":"ｵｼｱｹﾞ","townName":"押上","zipCode":"0490152"},{"prefectureJisCode":"01","cityJisCode":"01236","townNameKana":"ｶｲﾊﾂ","townName":"開発","zipCode":"0411213"},{"prefectureJisCode":"01","cityJisCode":"01236","townNameKana":"ｶﾞﾛｳ","townName":"峨朗","zipCode":"0490136"},{"prefectureJisCode":"01","cityJisCode":"01236","townNameKana":"ｷﾖｶﾜ","townName":"清川","zipCode":"0490157"},{"prefectureJisCode":"01","cityJisCode":"01236","townNameKana":"ｸﾈﾍﾞﾂ","townName":"久根別","zipCode":"0490121"},{"prefectureJisCode":"01","cityJisCode":"01236","townNameKana":"ｺｳｴﾝﾄﾞｵﾘ","townName":"公園通","zipCode":"0490143"},{"prefectureJisCode":"01","cityJisCode":"01236","townNameKana":"ｻｸﾗﾀｲ","townName":"桜岱","zipCode":"0490151"},{"prefectureJisCode":"01","cityJisCode":"01236","townNameKana":"ｼｮｳﾜ","townName":"昭和","zipCode":"0490142"},{"prefectureJisCode":"01","cityJisCode":"01236","townNameKana":"ｼﾐｽﾞｶﾜ","townName":"清水川","zipCode":"0411221"},{"prefectureJisCode":"01","cityJisCode":"01236","townNameKana":"ｼﾗｶﾜ","townName":"白川","zipCode":"0411211"},{"prefectureJisCode":"01","cityJisCode":"01236","townNameKana":"ｿｴﾔﾏ","townName":"添山","zipCode":"0490154"},{"prefectureJisCode":"01","cityJisCode":"01236","townNameKana":"ﾀﾆﾖｼ","townName":"谷好","zipCode":"0490141"},{"prefectureJisCode":"01","cityJisCode":"01236","townNameKana":"ﾀﾞｲｸｶﾞﾜ","townName":"大工川","zipCode":"0490153"},{"prefectureJisCode":"01","cityJisCode":"01236","townNameKana":"ﾀﾞﾃﾉ","townName":"館野","zipCode":"0490132"},{"prefectureJisCode":"01","cityJisCode":"01236","townNameKana":"ﾁｭｳｵｳ","townName":"中央","zipCode":"0490162"},{"prefectureJisCode":"01","cityJisCode":"01236","townNameKana":"ﾁﾖﾀﾞ","townName":"千代田","zipCode":"0411222"},{"prefectureJisCode":"01","cityJisCode":"01236","townNameKana":"ﾄｳﾍﾞﾂ","townName":"当別","zipCode":"0490282"},{"prefectureJisCode":"01","cityJisCode":"01236","townNameKana":"ﾄｷﾜ","townName":"常盤","zipCode":"0490171"},{"prefectureJisCode":"01","cityJisCode":"01236","townNameKana":"ﾄﾐｶﾞﾜ","townName":"富川","zipCode":"0490131"},{"prefectureJisCode":"01","cityJisCode":"01236","townNameKana":"ﾅｶﾉ","townName":"中野","zipCode":"0490155"},{"prefectureJisCode":"01","cityJisCode":"01236","townNameKana":"ﾅｶﾉﾄﾞｵﾘ","townName":"中野通","zipCode":"0490156"},{"prefectureJisCode":"01","cityJisCode":"01236","townNameKana":"ﾅｶﾔﾏ","townName":"中山","zipCode":"0411243"},{"prefectureJisCode":"01","cityJisCode":"01236","townNameKana":"ﾅﾅｴﾊﾏ","townName":"七重浜","zipCode":"0490111"},{"prefectureJisCode":"01","cityJisCode":"01236","townNameKana":"ﾉｻﾞｷ","townName":"野崎","zipCode":"0490158"},{"prefectureJisCode":"01","cityJisCode":"01236","townNameKana":"ﾊｷﾞﾉ","townName":"萩野","zipCode":"0411215"},{"prefectureJisCode":"01","cityJisCode":"01236","townNameKana":"ﾋｶﾞｼﾊﾏ","townName":"東浜","zipCode":"0490122"},{"prefectureJisCode":"01","cityJisCode":"01236","townNameKana":"ﾋｶﾞｼﾏｴ","townName":"東前","zipCode":"0411214"},{"prefectureJisCode":"01","cityJisCode":"01236","townNameKana":"ﾌﾐﾂﾞｷ","townName":"文月","zipCode":"0411225"},{"prefectureJisCode":"01","cityJisCode":"01236","townNameKana":"ﾎｿｲﾚ","townName":"細入","zipCode":"0411212"},{"prefectureJisCode":"01","cityJisCode":"01236","townNameKana":"ﾎﾝｺﾞｳ","townName":"本郷","zipCode":"0411251"},{"prefectureJisCode":"01","cityJisCode":"01236","townNameKana":"ﾎﾝﾁｮｳ","townName":"本町","zipCode":"0411201"},{"prefectureJisCode":"01","cityJisCode":"01236","townNameKana":"ﾐｽﾞﾅｼ","townName":"水無","zipCode":"0490135"},{"prefectureJisCode":"01","cityJisCode":"01236","townNameKana":"ﾐﾂｲｼ","townName":"三ツ石","zipCode":"0490283"},{"prefectureJisCode":"01","cityJisCode":"01236","townNameKana":"ﾐﾅﾐｵｵﾉ","townName":"南大野","zipCode":"0411224"},{"prefectureJisCode":"01","cityJisCode":"01236","townNameKana":"ﾐﾖｼ","townName":"三好","zipCode":"0490134"},{"prefectureJisCode":"01","cityJisCode":"01236","townNameKana":"ﾑｶｲﾉ","townName":"向野","zipCode":"0411231"},{"prefectureJisCode":"01","cityJisCode":"01236","townNameKana":"ﾑﾗｳﾁ","townName":"村内","zipCode":"0411226"},{"prefectureJisCode":"01","cityJisCode":"01236","townNameKana":"ﾑﾗﾔﾏ","townName":"村山","zipCode":"0411244"},{"prefectureJisCode":"01","cityJisCode":"01236","townNameKana":"ﾓﾍｼﾞ","townName":"茂辺地","zipCode":"0490281"},{"prefectureJisCode":"01","cityJisCode":"01236","townNameKana":"ﾓﾍｼﾞｲﾁﾉﾜﾀﾘ","townName":"茂辺地市ノ渡","zipCode":"0490285"},{"prefectureJisCode":"01","cityJisCode":"01236","townNameKana":"ﾔﾅｷﾞｻﾜ","townName":"柳沢","zipCode":"0490133"},{"prefectureJisCode":"01","cityJisCode":"01236","townNameKana":"ﾔﾌﾗｲ","townName":"矢不来","zipCode":"0490286"},{"prefectureJisCode":"01","cityJisCode":"01236","townNameKana":"ﾕﾉｻﾜ","townName":"湯ノ沢","zipCode":"0490284"}]