[{"prefectureJisCode":"01","cityJisCode":"01332","townNameKana":"ｲﾜﾍﾞ","townName":"岩部","zipCode":"0491325"},{"prefectureJisCode":"01","cityJisCode":"01332","townNameKana":"ｳｴﾏﾁ","townName":"上町","zipCode":"0491312"},{"prefectureJisCode":"01","cityJisCode":"01332","townNameKana":"ｳﾗﾜ","townName":"浦和","zipCode":"0491323"},{"prefectureJisCode":"01","cityJisCode":"01332","townNameKana":"ｶﾜﾗﾏﾁ","townName":"川原町","zipCode":"0491312"},{"prefectureJisCode":"01","cityJisCode":"01332","townNameKana":"ｼｵｶﾞﾏ","townName":"塩釜","zipCode":"0491322"},{"prefectureJisCode":"01","cityJisCode":"01332","townNameKana":"ｼﾗﾌ","townName":"白符","zipCode":"0491301"},{"prefectureJisCode":"01","cityJisCode":"01332","townNameKana":"ｼﾝｴｲﾁｮｳ","townName":"新栄町","zipCode":"0491331"},{"prefectureJisCode":"01","cityJisCode":"01332","townNameKana":"ｾﾝｹﾞﾝ","townName":"千軒","zipCode":"0491332"},{"prefectureJisCode":"01","cityJisCode":"01332","townNameKana":"ﾀﾃｺ","townName":"館古","zipCode":"0491312"},{"prefectureJisCode":"01","cityJisCode":"01332","townNameKana":"ﾀﾃｻｷ","townName":"館崎","zipCode":"0491454"},{"prefectureJisCode":"01","cityJisCode":"01332","townNameKana":"ﾂｷｻｷ","townName":"月崎","zipCode":"0491321"},{"prefectureJisCode":"01","cityJisCode":"01332","townNameKana":"ﾄﾖﾊﾏ","townName":"豊浜","zipCode":"0491452"},{"prefectureJisCode":"01","cityJisCode":"01332","townNameKana":"ﾋｭｳｶﾞ","townName":"日向","zipCode":"0491302"},{"prefectureJisCode":"01","cityJisCode":"01332","townNameKana":"ﾋｸﾗ","townName":"桧倉","zipCode":"0491311"},{"prefectureJisCode":"01","cityJisCode":"01332","townNameKana":"ﾋﾉﾃﾞ","townName":"日の出","zipCode":"0491324"},{"prefectureJisCode":"01","cityJisCode":"01332","townNameKana":"ﾌｸｼﾏ","townName":"福島","zipCode":"0491312"},{"prefectureJisCode":"01","cityJisCode":"01332","townNameKana":"ﾎﾝﾁｮｳ","townName":"本町","zipCode":"0491312"},{"prefectureJisCode":"01","cityJisCode":"01332","townNameKana":"ﾏﾂｳﾗ","townName":"松浦","zipCode":"0491456"},{"prefectureJisCode":"01","cityJisCode":"01332","townNameKana":"ﾏﾙﾔﾏﾀﾞﾝﾁ","townName":"丸山団地","zipCode":"0491321"},{"prefectureJisCode":"01","cityJisCode":"01332","townNameKana":"ﾐﾀｹ","townName":"三岳","zipCode":"0491331"},{"prefectureJisCode":"01","cityJisCode":"01332","townNameKana":"ﾐﾄﾞﾘﾁｮｳ","townName":"緑町","zipCode":"0491321"},{"prefectureJisCode":"01","cityJisCode":"01332","townNameKana":"ﾐﾔｳﾀ","townName":"宮歌","zipCode":"0491451"},{"prefectureJisCode":"01","cityJisCode":"01332","townNameKana":"ﾐﾔﾏ","townName":"美山","zipCode":"0491453"},{"prefectureJisCode":"01","cityJisCode":"01332","townNameKana":"ﾖｼｵｶ","townName":"吉岡","zipCode":"0491453"},{"prefectureJisCode":"01","cityJisCode":"01332","townNameKana":"ﾖｼﾀﾞﾏﾁ","townName":"吉田町","zipCode":"0491312"},{"prefectureJisCode":"01","cityJisCode":"01332","townNameKana":"ﾖｼﾉ","townName":"吉野","zipCode":"0491455"}]