[{"prefectureJisCode":"01","cityJisCode":"01364","townNameKana":"ｱｻﾋﾀｲ","townName":"旭岱","zipCode":"0430116"},{"prefectureJisCode":"01","cityJisCode":"01364","townNameKana":"ｹﾞﾝﾅ","townName":"元和","zipCode":"0430114"},{"prefectureJisCode":"01","cityJisCode":"01364","townNameKana":"ｻｶｴﾉ","townName":"栄野","zipCode":"0430112"},{"prefectureJisCode":"01","cityJisCode":"01364","townNameKana":"ｻｶｴﾊﾏ","townName":"栄浜","zipCode":"0430113"},{"prefectureJisCode":"01","cityJisCode":"01364","townNameKana":"ｼｵﾐ","townName":"潮見","zipCode":"0430233"},{"prefectureJisCode":"01","cityJisCode":"01364","townNameKana":"ﾀｷｾ","townName":"滝瀬","zipCode":"0430101"},{"prefectureJisCode":"01","cityJisCode":"01364","townNameKana":"ﾀﾃｳﾗ","townName":"館浦","zipCode":"0430104"},{"prefectureJisCode":"01","cityJisCode":"01364","townNameKana":"ﾄﾐｵｶ","townName":"富岡","zipCode":"0430115"},{"prefectureJisCode":"01","cityJisCode":"01364","townNameKana":"ﾄﾖﾊﾏ","townName":"豊浜","zipCode":"0430231"},{"prefectureJisCode":"01","cityJisCode":"01364","townNameKana":"ﾄﾘﾔﾏ","townName":"鳥山","zipCode":"0430111"},{"prefectureJisCode":"01","cityJisCode":"01364","townNameKana":"ﾊﾅｲｿ","townName":"花磯","zipCode":"0430232"},{"prefectureJisCode":"01","cityJisCode":"01364","townNameKana":"ﾋﾒｶﾜ","townName":"姫川","zipCode":"0430117"},{"prefectureJisCode":"01","cityJisCode":"01364","townNameKana":"ﾐﾂﾔ","townName":"三ツ谷","zipCode":"0430234"},{"prefectureJisCode":"01","cityJisCode":"01364","townNameKana":"ﾐﾄﾞﾘﾏﾁ","townName":"緑町","zipCode":"0430103"},{"prefectureJisCode":"01","cityJisCode":"01364","townNameKana":"ﾓﾄﾏﾁ","townName":"元町","zipCode":"0430102"}]