[{"prefectureJisCode":"01","cityJisCode":"01362","townNameKana":"ｲｼｻﾞｷ","townName":"石崎","zipCode":"0490741"},{"prefectureJisCode":"01","cityJisCode":"01362","townNameKana":"ｳﾁｺﾞｳ","townName":"内郷","zipCode":"0490621"},{"prefectureJisCode":"01","cityJisCode":"01362","townNameKana":"ｵｳｷﾞｲｼ","townName":"扇石","zipCode":"0490607"},{"prefectureJisCode":"01","cityJisCode":"01362","townNameKana":"ｵｵｱﾝｻﾞｲ","townName":"大安在","zipCode":"0490604"},{"prefectureJisCode":"01","cityJisCode":"01362","townNameKana":"ｵｵｻｷ","townName":"大崎","zipCode":"0490603"},{"prefectureJisCode":"01","cityJisCode":"01362","townNameKana":"ｵｵﾄﾞﾒ","townName":"大留","zipCode":"0490611"},{"prefectureJisCode":"01","cityJisCode":"01362","townNameKana":"ｶﾂﾔﾏ","townName":"勝山","zipCode":"0490601"},{"prefectureJisCode":"01","cityJisCode":"01362","townNameKana":"ｶﾂﾗｵｶ","townName":"桂岡","zipCode":"0490626"},{"prefectureJisCode":"01","cityJisCode":"01362","townNameKana":"ｶﾐﾉｸﾆ","townName":"上ノ国","zipCode":"0490612"},{"prefectureJisCode":"01","cityJisCode":"01362","townNameKana":"ｷﾀﾑﾗ","townName":"北村","zipCode":"0490622"},{"prefectureJisCode":"01","cityJisCode":"01362","townNameKana":"ｷﾉｺ","townName":"木ノ子","zipCode":"0490606"},{"prefectureJisCode":"01","cityJisCode":"01362","townNameKana":"ｺｱﾝｻﾞｲ","townName":"小安在","zipCode":"0490605"},{"prefectureJisCode":"01","cityJisCode":"01362","townNameKana":"ｺﾓﾘ","townName":"小森","zipCode":"0490627"},{"prefectureJisCode":"01","cityJisCode":"01362","townNameKana":"ｼｵﾌｷ","townName":"汐吹","zipCode":"0490608"},{"prefectureJisCode":"01","cityJisCode":"01362","townNameKana":"ｼﾝﾑﾗ","townName":"新村","zipCode":"0490623"},{"prefectureJisCode":"01","cityJisCode":"01362","townNameKana":"ｼﾝﾒｲ","townName":"神明","zipCode":"0490561"},{"prefectureJisCode":"01","cityJisCode":"01362","townNameKana":"ﾀﾃﾉ","townName":"館野","zipCode":"0490742"},{"prefectureJisCode":"01","cityJisCode":"01362","townNameKana":"ﾁｲｻｺﾞ","townName":"小砂子","zipCode":"0490743"},{"prefectureJisCode":"01","cityJisCode":"01362","townNameKana":"ﾄﾖﾀ","townName":"豊田","zipCode":"0490625"},{"prefectureJisCode":"01","cityJisCode":"01362","townNameKana":"ﾅｶｽﾀﾞ","townName":"中須田","zipCode":"0490624"},{"prefectureJisCode":"01","cityJisCode":"01362","townNameKana":"ﾊﾔｶﾜ","townName":"早川","zipCode":"0490744"},{"prefectureJisCode":"01","cityJisCode":"01362","townNameKana":"ﾊﾔｾ","townName":"早瀬","zipCode":"0490564"},{"prefectureJisCode":"01","cityJisCode":"01362","townNameKana":"ﾊﾗｳﾀ","townName":"原歌","zipCode":"0490602"},{"prefectureJisCode":"01","cityJisCode":"01362","townNameKana":"ﾐﾔｺｼ","townName":"宮越","zipCode":"0490563"},{"prefectureJisCode":"01","cityJisCode":"01362","townNameKana":"ﾑｶｲﾊﾏ","townName":"向浜","zipCode":"0490613"},{"prefectureJisCode":"01","cityJisCode":"01362","townNameKana":"ﾕﾉﾀｲ","townName":"湯ノ岱","zipCode":"0490562"}]