[{"prefectureJisCode":"01","cityJisCode":"01399","townNameKana":"ｵｵﾄﾐ","townName":"大富","zipCode":"0440122"},{"prefectureJisCode":"01","cityJisCode":"01399","townNameKana":"ｶｽｶﾞ","townName":"春日","zipCode":"0440112"},{"prefectureJisCode":"01","cityJisCode":"01399","townNameKana":"ｶﾜﾆｼ","townName":"川西","zipCode":"0440131"},{"prefectureJisCode":"01","cityJisCode":"01399","townNameKana":"ｷｮｳｺﾞｸ","townName":"京極","zipCode":"0440101"},{"prefectureJisCode":"01","cityJisCode":"01399","townNameKana":"ｷﾀｵｶ","townName":"北岡","zipCode":"0440111"},{"prefectureJisCode":"01","cityJisCode":"01399","townNameKana":"ｺｳｼﾝ","townName":"更進","zipCode":"0440132"},{"prefectureJisCode":"01","cityJisCode":"01399","townNameKana":"ﾄｳｶ","townName":"東花","zipCode":"0440125"},{"prefectureJisCode":"01","cityJisCode":"01399","townNameKana":"ﾆｼｷ","townName":"錦","zipCode":"0440124"},{"prefectureJisCode":"01","cityJisCode":"01399","townNameKana":"ﾏﾂｶﾜ","townName":"松川","zipCode":"0440113"},{"prefectureJisCode":"01","cityJisCode":"01399","townNameKana":"ﾐｻｷ","townName":"三崎","zipCode":"0440121"},{"prefectureJisCode":"01","cityJisCode":"01399","townNameKana":"ﾜｷｶﾀ","townName":"脇方","zipCode":"0440123"}]