[{"prefectureJisCode":"01","cityJisCode":"01391","townNameKana":"ｳﾀｼﾏ","townName":"歌島","zipCode":"0480602"},{"prefectureJisCode":"01","cityJisCode":"01391","townNameKana":"ｴﾉｼﾏ","townName":"江の島","zipCode":"0480623"},{"prefectureJisCode":"01","cityJisCode":"01391","townNameKana":"ｵｵﾋﾞﾗ","townName":"大平","zipCode":"0480613"},{"prefectureJisCode":"01","cityJisCode":"01391","townNameKana":"ｻｶｴｲｿ","townName":"栄磯","zipCode":"0480611"},{"prefectureJisCode":"01","cityJisCode":"01391","townNameKana":"ｻｶｴﾊﾏ","townName":"栄浜","zipCode":"0480634"},{"prefectureJisCode":"01","cityJisCode":"01391","townNameKana":"ﾁﾜｾ","townName":"千走","zipCode":"0480631"},{"prefectureJisCode":"01","cityJisCode":"01391","townNameKana":"ﾄﾏﾘ","townName":"泊","zipCode":"0480621"},{"prefectureJisCode":"01","cityJisCode":"01391","townNameKana":"ﾄﾐｳﾗ","townName":"富浦","zipCode":"0480601"},{"prefectureJisCode":"01","cityJisCode":"01391","townNameKana":"ﾄﾖﾊﾏ","townName":"豊浜","zipCode":"0480612"},{"prefectureJisCode":"01","cityJisCode":"01391","townNameKana":"ﾄﾖﾋﾗ","townName":"豊平","zipCode":"0480622"},{"prefectureJisCode":"01","cityJisCode":"01391","townNameKana":"ﾅｶﾞﾄﾖﾏﾁ","townName":"永豊町","zipCode":"0480614"},{"prefectureJisCode":"01","cityJisCode":"01391","townNameKana":"ﾊﾗｳﾀﾏﾁ","townName":"原歌町","zipCode":"0480633"},{"prefectureJisCode":"01","cityJisCode":"01391","townNameKana":"ﾎﾝﾒ","townName":"本目","zipCode":"0480603"},{"prefectureJisCode":"01","cityJisCode":"01391","townNameKana":"ﾐﾅﾄ","townName":"港","zipCode":"0480604"},{"prefectureJisCode":"01","cityJisCode":"01391","townNameKana":"ﾓﾄﾏﾁ","townName":"元町","zipCode":"0480632"}]