[{"prefectureJisCode":"01","cityJisCode":"01402","townNameKana":"ｱｲｵｲ","townName":"相生","zipCode":"0450023"},{"prefectureJisCode":"01","cityJisCode":"01402","townNameKana":"ｵｵﾊﾏ","townName":"大浜","zipCode":"0450001"},{"prefectureJisCode":"01","cityJisCode":"01402","townNameKana":"ｷﾖｽﾞﾐ","townName":"清住","zipCode":"0450022"},{"prefectureJisCode":"01","cityJisCode":"01402","townNameKana":"ｻｶｴ","townName":"栄","zipCode":"0450011"},{"prefectureJisCode":"01","cityJisCode":"01402","townNameKana":"ｼｷｼﾏﾅｲ","townName":"敷島内","zipCode":"0450025"},{"prefectureJisCode":"01","cityJisCode":"01402","townNameKana":"ﾀｶﾀﾞｲ","townName":"高台","zipCode":"0450013"},{"prefectureJisCode":"01","cityJisCode":"01402","townNameKana":"ﾉﾂﾞｶ","townName":"野束","zipCode":"0450024"},{"prefectureJisCode":"01","cityJisCode":"01402","townNameKana":"ﾋｶﾞｼﾔﾏ","townName":"東山","zipCode":"0450002"},{"prefectureJisCode":"01","cityJisCode":"01402","townNameKana":"ﾏﾝﾀﾞｲ","townName":"万代","zipCode":"0450003"},{"prefectureJisCode":"01","cityJisCode":"01402","townNameKana":"ﾐｻｷ","townName":"御崎","zipCode":"0450026"},{"prefectureJisCode":"01","cityJisCode":"01402","townNameKana":"ﾐﾔｿﾞﾉ","townName":"宮園","zipCode":"0450012"},{"prefectureJisCode":"01","cityJisCode":"01402","townNameKana":"ﾔﾏﾄ","townName":"大和","zipCode":"0450021"}]