[{"prefectureJisCode":"01","cityJisCode":"01407","townNameKana":"ｱｻﾋﾀﾞｲ","townName":"旭台","zipCode":"0482401"},{"prefectureJisCode":"01","cityJisCode":"01407","townNameKana":"ｵｵｴ","townName":"大江","zipCode":"0482331"},{"prefectureJisCode":"01","cityJisCode":"01407","townNameKana":"ｵﾈﾅｲ","townName":"尾根内","zipCode":"0482334"},{"prefectureJisCode":"01","cityJisCode":"01407","townNameKana":"ｷﾀﾏﾁ","townName":"北町","zipCode":"0482405"},{"prefectureJisCode":"01","cityJisCode":"01407","townNameKana":"ｷﾞﾝｻﾞﾝ","townName":"銀山","zipCode":"0482335"},{"prefectureJisCode":"01","cityJisCode":"01407","townNameKana":"ｼｶﾘﾍﾞﾂ","townName":"然別","zipCode":"0482403"},{"prefectureJisCode":"01","cityJisCode":"01407","townNameKana":"ﾄﾉｶﾜ","townName":"砥の川","zipCode":"0482404"},{"prefectureJisCode":"01","cityJisCode":"01407","townNameKana":"ﾅｶﾞｻﾜﾆｼ","townName":"長沢西","zipCode":"0482332"},{"prefectureJisCode":"01","cityJisCode":"01407","townNameKana":"ﾅｶﾞｻﾜﾐﾅﾐ","townName":"長沢南","zipCode":"0482333"},{"prefectureJisCode":"01","cityJisCode":"01407","townNameKana":"ﾆｼﾏﾁ","townName":"西町","zipCode":"0482406"},{"prefectureJisCode":"01","cityJisCode":"01407","townNameKana":"ﾋｶﾞｼﾏﾁ","townName":"東町","zipCode":"0482411"},{"prefectureJisCode":"01","cityJisCode":"01407","townNameKana":"ﾋｶﾞｼﾏﾁﾐﾄﾞﾘｶﾞｵｶ","townName":"東町緑ケ丘","zipCode":"0482412"},{"prefectureJisCode":"01","cityJisCode":"01407","townNameKana":"ﾐﾅﾐﾏﾁ","townName":"南町","zipCode":"0482413"}]