[{"prefectureJisCode":"01","cityJisCode":"01409","townNameKana":"ｱｶｲｶﾞﾜ","townName":"赤井川","zipCode":"0460501"},{"prefectureJisCode":"01","cityJisCode":"01409","townNameKana":"ｱｻﾋｵｶ","townName":"旭丘","zipCode":"0460531"},{"prefectureJisCode":"01","cityJisCode":"01409","townNameKana":"ｲｹﾀﾞ","townName":"池田","zipCode":"0460521"},{"prefectureJisCode":"01","cityJisCode":"01409","townNameKana":"ｵﾁｱｲ","townName":"落合","zipCode":"0460561"},{"prefectureJisCode":"01","cityJisCode":"01409","townNameKana":"ﾄｷﾜ","townName":"常盤","zipCode":"0460571"},{"prefectureJisCode":"01","cityJisCode":"01409","townNameKana":"ﾄﾄﾞﾛｷ","townName":"轟","zipCode":"0460551"},{"prefectureJisCode":"01","cityJisCode":"01409","townNameKana":"ﾄﾐﾀ","townName":"富田","zipCode":"0460532"},{"prefectureJisCode":"01","cityJisCode":"01409","townNameKana":"ﾋﾉﾃﾞ","townName":"日ノ出","zipCode":"0460511"},{"prefectureJisCode":"01","cityJisCode":"01409","townNameKana":"ﾏｶﾞﾘｶﾜ","townName":"曲川","zipCode":"0460542"},{"prefectureJisCode":"01","cityJisCode":"01409","townNameKana":"ﾐﾔｺ","townName":"都","zipCode":"0460541"},{"prefectureJisCode":"01","cityJisCode":"01409","townNameKana":"ﾒｲｼﾞ","townName":"明治","zipCode":"0460552"},{"prefectureJisCode":"01","cityJisCode":"01409","townNameKana":"ﾔﾏﾅｼ","townName":"山梨","zipCode":"0460512"}]