[{"prefectureJisCode":"01","cityJisCode":"01425","townNameKana":"ｱｻｺﾏ","townName":"朝駒","zipCode":"0730205"},{"prefectureJisCode":"01","cityJisCode":"01425","townNameKana":"ｳｽﾞﾗ","townName":"鶉","zipCode":"0730212"},{"prefectureJisCode":"01","cityJisCode":"01425","townNameKana":"ｳｽﾞﾗﾎﾝﾁｮｳ","townName":"鶉本町","zipCode":"0730221"},{"prefectureJisCode":"01","cityJisCode":"01425","townNameKana":"ｼﾓｳｽﾞﾗ","townName":"下鶉","zipCode":"0730222"},{"prefectureJisCode":"01","cityJisCode":"01425","townNameKana":"ﾁｭｳｵｳ","townName":"中央","zipCode":"0730201"},{"prefectureJisCode":"01","cityJisCode":"01425","townNameKana":"ﾅｶﾏﾁ","townName":"中町","zipCode":"0730203"},{"prefectureJisCode":"01","cityJisCode":"01425","townNameKana":"ﾋｶﾞｼｳｽﾞﾗ","townName":"東鶉","zipCode":"0730211"},{"prefectureJisCode":"01","cityJisCode":"01425","townNameKana":"ﾋｶﾞｼﾏﾁ","townName":"東町","zipCode":"0730202"},{"prefectureJisCode":"01","cityJisCode":"01425","townNameKana":"ﾋｶﾞｼﾔﾏ","townName":"東山","zipCode":"0730206"},{"prefectureJisCode":"01","cityJisCode":"01425","townNameKana":"ﾎﾝﾏﾁ","townName":"本町","zipCode":"0730204"},{"prefectureJisCode":"01","cityJisCode":"01425","townNameKana":"ﾐﾄﾞﾘｶﾞｵｶ","townName":"緑が丘","zipCode":"0730213"}]