[{"prefectureJisCode":"01","cityJisCode":"01456","townNameKana":"ｱｲｻﾞﾝ","townName":"愛山","zipCode":"0781653"},{"prefectureJisCode":"01","cityJisCode":"01456","townNameKana":"ｱｲｻﾞﾝﾁｮｳ","townName":"愛山町","zipCode":"0781654"},{"prefectureJisCode":"01","cityJisCode":"01456","townNameKana":"ｱｲﾍﾞﾂ","townName":"愛別","zipCode":"0781401"},{"prefectureJisCode":"01","cityJisCode":"01456","townNameKana":"ｶﾅﾄﾐ","townName":"金富","zipCode":"0781411"},{"prefectureJisCode":"01","cityJisCode":"01456","townNameKana":"ｷｮｳﾜ","townName":"協和","zipCode":"0781414"},{"prefectureJisCode":"01","cityJisCode":"01456","townNameKana":"ｷﾀﾏﾁ","townName":"北町","zipCode":"0781404"},{"prefectureJisCode":"01","cityJisCode":"01456","townNameKana":"ｺｳｾｲ","townName":"厚生","zipCode":"0781412"},{"prefectureJisCode":"01","cityJisCode":"01456","townNameKana":"ﾁｭｳｵｳ","townName":"中央","zipCode":"0781652"},{"prefectureJisCode":"01","cityJisCode":"01456","townNameKana":"ﾄｸｾｲ","townName":"徳星","zipCode":"0781415"},{"prefectureJisCode":"01","cityJisCode":"01456","townNameKana":"ﾄﾖｻﾄ","townName":"豊里","zipCode":"0781651"},{"prefectureJisCode":"01","cityJisCode":"01456","townNameKana":"ﾋｶﾞｼﾏﾁ","townName":"東町","zipCode":"0781402"},{"prefectureJisCode":"01","cityJisCode":"01456","townNameKana":"ﾌｼｺ","townName":"伏古","zipCode":"0781413"},{"prefectureJisCode":"01","cityJisCode":"01456","townNameKana":"ﾎﾝﾁｮｳ","townName":"本町","zipCode":"0781405"},{"prefectureJisCode":"01","cityJisCode":"01456","townNameKana":"ﾐﾅﾐﾏﾁ","townName":"南町","zipCode":"0781403"}]