[{"prefectureJisCode":"01","cityJisCode":"01584","townNameKana":"ｱｵﾊﾞﾁｮｳ","townName":"青葉町","zipCode":"0495601"},{"prefectureJisCode":"01","cityJisCode":"01584","townNameKana":"ｱｻﾋｳﾗ","townName":"旭浦","zipCode":"0495801"},{"prefectureJisCode":"01","cityJisCode":"01584","townNameKana":"ｱｻﾋﾁｮｳ","townName":"旭町","zipCode":"0495611"},{"prefectureJisCode":"01","cityJisCode":"01584","townNameKana":"ｲｽﾞﾐ","townName":"泉","zipCode":"0495602"},{"prefectureJisCode":"01","cityJisCode":"01584","townNameKana":"ｲﾘｴ","townName":"入江","zipCode":"0495603"},{"prefectureJisCode":"01","cityJisCode":"01584","townNameKana":"ｲﾜﾔ","townName":"岩屋","zipCode":"0495811"},{"prefectureJisCode":"01","cityJisCode":"01584","townNameKana":"ｵｵｲｿﾁｮｳ","townName":"大磯町","zipCode":"0495612"},{"prefectureJisCode":"01","cityJisCode":"01584","townNameKana":"ｵｵﾊﾗ","townName":"大原","zipCode":"0495821"},{"prefectureJisCode":"01","cityJisCode":"01584","townNameKana":"ｶｶﾞﾜ","townName":"香川","zipCode":"0495831"},{"prefectureJisCode":"01","cityJisCode":"01584","townNameKana":"ｶﾜﾋｶﾞｼ","townName":"川東","zipCode":"0495812"},{"prefectureJisCode":"01","cityJisCode":"01584","townNameKana":"ｻｶｴﾁｮｳ","townName":"栄町","zipCode":"0495604"},{"prefectureJisCode":"01","cityJisCode":"01584","townNameKana":"ｼﾐｽﾞ","townName":"清水","zipCode":"0495613"},{"prefectureJisCode":"01","cityJisCode":"01584","townNameKana":"ﾀｶｻｺﾞﾁｮｳ","townName":"高砂町","zipCode":"0495605"},{"prefectureJisCode":"01","cityJisCode":"01584","townNameKana":"ﾀｶﾗﾀﾞ","townName":"財田","zipCode":"0495813"},{"prefectureJisCode":"01","cityJisCode":"01584","townNameKana":"ﾂｷｳﾗ","townName":"月浦","zipCode":"0495723"},{"prefectureJisCode":"01","cityJisCode":"01584","townNameKana":"ﾄｳﾔｺｵﾝｾﾝ","townName":"洞爺湖温泉","zipCode":"0495721"},{"prefectureJisCode":"01","cityJisCode":"01584","townNameKana":"ﾄｳﾔﾏﾁ","townName":"洞爺町","zipCode":"0495802"},{"prefectureJisCode":"01","cityJisCode":"01584","townNameKana":"ﾄﾐｵｶ","townName":"富丘","zipCode":"0495822"},{"prefectureJisCode":"01","cityJisCode":"01584","townNameKana":"ﾅﾙｶ","townName":"成香","zipCode":"0495832"},{"prefectureJisCode":"01","cityJisCode":"01584","townNameKana":"ﾊﾅﾜ","townName":"花和","zipCode":"0495724"},{"prefectureJisCode":"01","cityJisCode":"01584","townNameKana":"ﾊﾏﾁｮｳ","townName":"浜町","zipCode":"0495614"},{"prefectureJisCode":"01","cityJisCode":"01584","townNameKana":"ﾊﾔﾂｷ","townName":"早月","zipCode":"0495814"},{"prefectureJisCode":"01","cityJisCode":"01584","townNameKana":"ﾌｼﾐ","townName":"伏見","zipCode":"0495833"},{"prefectureJisCode":"01","cityJisCode":"01584","townNameKana":"ﾎﾝﾁｮｳ","townName":"本町","zipCode":"0495615"},{"prefectureJisCode":"01","cityJisCode":"01584","townNameKana":"ﾐﾄﾖ","townName":"三豊","zipCode":"0495616"}]