[{"prefectureJisCode":"08","cityJisCode":"08215","townNameKana":"ｲｿﾊﾗﾁｮｳｲｿﾊﾗ","townName":"磯原町磯原","zipCode":"3191541"},{"prefectureJisCode":"08","cityJisCode":"08215","townNameKana":"ｲｿﾊﾗﾁｮｳｳﾂﾉ","townName":"磯原町内野","zipCode":"3191547"},{"prefectureJisCode":"08","cityJisCode":"08215","townNameKana":"ｲｿﾊﾗﾁｮｳｵｵﾂｶ","townName":"磯原町大塚","zipCode":"3191546"},{"prefectureJisCode":"08","cityJisCode":"08215","townNameKana":"ｲｿﾊﾗﾁｮｳｶﾐｿｳﾀﾞ","townName":"磯原町上相田","zipCode":"3191544"},{"prefectureJisCode":"08","cityJisCode":"08215","townNameKana":"ｲｿﾊﾗﾁｮｳｷｻﾗ","townName":"磯原町木皿","zipCode":"3191545"},{"prefectureJisCode":"08","cityJisCode":"08215","townNameKana":"ｲｿﾊﾗﾁｮｳﾄﾖﾀﾞ","townName":"磯原町豊田","zipCode":"3191543"},{"prefectureJisCode":"08","cityJisCode":"08215","townNameKana":"ｲｿﾊﾗﾁｮｳﾎﾝﾁｮｳ","townName":"磯原町本町","zipCode":"3191542"},{"prefectureJisCode":"08","cityJisCode":"08215","townNameKana":"ｵｵﾂﾁｮｳ","townName":"大津町","zipCode":"3191702"},{"prefectureJisCode":"08","cityJisCode":"08215","townNameKana":"ｵｵﾂﾁｮｳｲﾂﾞﾗ","townName":"大津町五浦","zipCode":"3191703"},{"prefectureJisCode":"08","cityJisCode":"08215","townNameKana":"ｵｵﾂﾁｮｳｷﾀﾁｮｳ","townName":"大津町北町","zipCode":"3191704"},{"prefectureJisCode":"08","cityJisCode":"08215","townNameKana":"ｾｷﾅﾐﾁｮｳｶﾐｵｶｶﾐ","townName":"関南町神岡上","zipCode":"3191714"},{"prefectureJisCode":"08","cityJisCode":"08215","townNameKana":"ｾｷﾅﾐﾁｮｳｶﾐｵｶｼﾓ","townName":"関南町神岡下","zipCode":"3191715"},{"prefectureJisCode":"08","cityJisCode":"08215","townNameKana":"ｾｷﾅﾐﾁｮｳｻﾄﾈｶﾞﾜ","townName":"関南町里根川","zipCode":"3191712"},{"prefectureJisCode":"08","cityJisCode":"08215","townNameKana":"ｾｷﾅﾐﾁｮｳｾｷﾓﾄｼﾓ","townName":"関南町関本下","zipCode":"3191711"},{"prefectureJisCode":"08","cityJisCode":"08215","townNameKana":"ｾｷﾅﾐﾁｮｳﾆｲﾀﾞ","townName":"関南町仁井田","zipCode":"3191713"},{"prefectureJisCode":"08","cityJisCode":"08215","townNameKana":"ｾｷﾓﾄﾁｮｳｵｶﾞﾜ","townName":"関本町小川","zipCode":"3191727"},{"prefectureJisCode":"08","cityJisCode":"08215","townNameKana":"ｾｷﾓﾄﾁｮｳｻｲﾏﾙ","townName":"関本町才丸","zipCode":"3191726"},{"prefectureJisCode":"08","cityJisCode":"08215","townNameKana":"ｾｷﾓﾄﾁｮｳｾｷﾓﾄｶﾐ","townName":"関本町関本上","zipCode":"3191721"},{"prefectureJisCode":"08","cityJisCode":"08215","townNameKana":"ｾｷﾓﾄﾁｮｳｾｷﾓﾄﾅｶ","townName":"関本町関本中","zipCode":"3191723"},{"prefectureJisCode":"08","cityJisCode":"08215","townNameKana":"ｾｷﾓﾄﾁｮｳﾊｯﾀﾝ","townName":"関本町八反","zipCode":"3191724"},{"prefectureJisCode":"08","cityJisCode":"08215","townNameKana":"ｾｷﾓﾄﾁｮｳﾌｸﾀﾞ","townName":"関本町福田","zipCode":"3191722"},{"prefectureJisCode":"08","cityJisCode":"08215","townNameKana":"ｾｷﾓﾄﾁｮｳﾌｼﾞｶﾞｵｶ","townName":"関本町富士ケ丘","zipCode":"3191725"},{"prefectureJisCode":"08","cityJisCode":"08215","townNameKana":"ﾅｶｺﾞｳﾁｮｳｱｼｱﾗｲ","townName":"中郷町足洗","zipCode":"3191552"},{"prefectureJisCode":"08","cityJisCode":"08215","townNameKana":"ﾅｶｺﾞｳﾁｮｳｱﾜﾉ","townName":"中郷町粟野","zipCode":"3191554"},{"prefectureJisCode":"08","cityJisCode":"08215","townNameKana":"ﾅｶｺﾞｳﾁｮｳｲｼｵｶ","townName":"中郷町石岡","zipCode":"3191558"},{"prefectureJisCode":"08","cityJisCode":"08215","townNameKana":"ﾅｶｺﾞｳﾁｮｳｵﾉﾔｻｼ","townName":"中郷町小野矢指","zipCode":"3191555"},{"prefectureJisCode":"08","cityJisCode":"08215","townNameKana":"ﾅｶｺﾞｳﾁｮｳｶﾐｻｸﾗｲ","townName":"中郷町上桜井","zipCode":"3191559"},{"prefectureJisCode":"08","cityJisCode":"08215","townNameKana":"ﾅｶｺﾞｳﾁｮｳｼｵﾐｶﾞｵｶ","townName":"中郷町汐見ケ丘","zipCode":"3191553"},{"prefectureJisCode":"08","cityJisCode":"08215","townNameKana":"ﾅｶｺﾞｳﾁｮｳｼﾓｻｸﾗｲ","townName":"中郷町下桜井","zipCode":"3191551"},{"prefectureJisCode":"08","cityJisCode":"08215","townNameKana":"ﾅｶｺﾞｳﾁｮｳﾋﾀﾅ","townName":"中郷町日棚","zipCode":"3191556"},{"prefectureJisCode":"08","cityJisCode":"08215","townNameKana":"ﾅｶｺﾞｳﾁｮｳﾏﾂｲ","townName":"中郷町松井","zipCode":"3191557"},{"prefectureJisCode":"08","cityJisCode":"08215","townNameKana":"ﾊﾅｶﾜﾁｮｳｱｽﾞﾊﾀ","townName":"華川町小豆畑","zipCode":"3191538"},{"prefectureJisCode":"08","cityJisCode":"08215","townNameKana":"ﾊﾅｶﾜﾁｮｳｳｽﾊﾞ","townName":"華川町臼場","zipCode":"3191535"},{"prefectureJisCode":"08","cityJisCode":"08215","townNameKana":"ﾊﾅｶﾜﾁｮｳｶﾐｺﾂﾀﾞ","townName":"華川町上小津田","zipCode":"3191532"},{"prefectureJisCode":"08","cityJisCode":"08215","townNameKana":"ﾊﾅｶﾜﾁｮｳｸﾙﾏ","townName":"華川町車","zipCode":"3191534"},{"prefectureJisCode":"08","cityJisCode":"08215","townNameKana":"ﾊﾅｶﾜﾁｮｳｼﾓｺﾂﾀﾞ","townName":"華川町下小津田","zipCode":"3191533"},{"prefectureJisCode":"08","cityJisCode":"08215","townNameKana":"ﾊﾅｶﾜﾁｮｳｼﾓｿｳﾀﾞ","townName":"華川町下相田","zipCode":"3191537"},{"prefectureJisCode":"08","cityJisCode":"08215","townNameKana":"ﾊﾅｶﾜﾁｮｳﾅｶﾂﾏ","townName":"華川町中妻","zipCode":"3191536"},{"prefectureJisCode":"08","cityJisCode":"08215","townNameKana":"ﾊﾅｶﾜﾁｮｳﾊﾅｿﾞﾉ","townName":"華川町花園","zipCode":"3191531"},{"prefectureJisCode":"08","cityJisCode":"08215","townNameKana":"ﾋﾗｶﾀﾁｮｳ","townName":"平潟町","zipCode":"3191701"}]