[{"prefectureJisCode":"08","cityJisCode":"08214","townNameKana":"ｱｶﾊﾏ","townName":"赤浜","zipCode":"3180001"},{"prefectureJisCode":"08","cityJisCode":"08214","townNameKana":"ｱｷﾔﾏ","townName":"秋山","zipCode":"3180024"},{"prefectureJisCode":"08","cityJisCode":"08214","townNameKana":"ｱﾗｶﾜ","townName":"安良川","zipCode":"3180021"},{"prefectureJisCode":"08","cityJisCode":"08214","townNameKana":"ｱﾘｱｹﾁｮｳ","townName":"有明町","zipCode":"3180012"},{"prefectureJisCode":"08","cityJisCode":"08214","townNameKana":"ｲｼﾀｷ","townName":"石滝","zipCode":"3180022"},{"prefectureJisCode":"08","cityJisCode":"08214","townNameKana":"ｵｵﾉ","townName":"大能","zipCode":"3180103"},{"prefectureJisCode":"08","cityJisCode":"08214","townNameKana":"ｶｽｶﾞﾁｮｳ","townName":"春日町","zipCode":"3180031"},{"prefectureJisCode":"08","cityJisCode":"08214","townNameKana":"ｶﾐｷﾐﾀﾞ","townName":"上君田","zipCode":"3180105"},{"prefectureJisCode":"08","cityJisCode":"08214","townNameKana":"ｶﾐﾃﾂﾞﾅ","townName":"上手綱","zipCode":"3180004"},{"prefectureJisCode":"08","cityJisCode":"08214","townNameKana":"ｼﾏﾅ","townName":"島名","zipCode":"3180023"},{"prefectureJisCode":"08","cityJisCode":"08214","townNameKana":"ｼﾓｷﾐﾀﾞ","townName":"下君田","zipCode":"3180106"},{"prefectureJisCode":"08","cityJisCode":"08214","townNameKana":"ｼﾓﾃﾂﾞﾅ","townName":"下手綱","zipCode":"3180003"},{"prefectureJisCode":"08","cityJisCode":"08214","townNameKana":"ﾀｶﾄﾞ","townName":"高戸","zipCode":"3180002"},{"prefectureJisCode":"08","cityJisCode":"08214","townNameKana":"ﾀｶﾊｷﾞ","townName":"高萩","zipCode":"3180034"},{"prefectureJisCode":"08","cityJisCode":"08214","townNameKana":"ﾀｶﾊﾏﾁｮｳ","townName":"高浜町","zipCode":"3180013"},{"prefectureJisCode":"08","cityJisCode":"08214","townNameKana":"ﾅｶﾄﾞｶﾞﾜ","townName":"中戸川","zipCode":"3180104"},{"prefectureJisCode":"08","cityJisCode":"08214","townNameKana":"ﾋｶﾞｼﾎﾝﾁｮｳ","townName":"東本町","zipCode":"3180014"},{"prefectureJisCode":"08","cityJisCode":"08214","townNameKana":"ﾋｾﾞﾝﾁｮｳ","townName":"肥前町","zipCode":"3180011"},{"prefectureJisCode":"08","cityJisCode":"08214","townNameKana":"ﾌｸﾀﾞｲﾗ","townName":"福平","zipCode":"3180025"},{"prefectureJisCode":"08","cityJisCode":"08214","townNameKana":"ﾎﾝﾁｮｳ","townName":"本町","zipCode":"3180033"},{"prefectureJisCode":"08","cityJisCode":"08214","townNameKana":"ﾎﾞｳｶｲ","townName":"望海","zipCode":"3180005"},{"prefectureJisCode":"08","cityJisCode":"08214","townNameKana":"ﾔﾏﾄﾁｮｳ","townName":"大和町","zipCode":"3180032"},{"prefectureJisCode":"08","cityJisCode":"08214","townNameKana":"ﾖｺｶﾜ","townName":"横川","zipCode":"3180101"},{"prefectureJisCode":"08","cityJisCode":"08214","townNameKana":"ﾜｶｸﾞﾘ","townName":"若栗","zipCode":"3180102"}]