[{"prefectureJisCode":"01","cityJisCode":"01332","zipCode":"0491312","prefectureNameKana":"ﾎｯｶｲﾄﾞｳ","cityNameKana":"ﾏﾂﾏｴｸﾞﾝﾌｸｼﾏﾁｮｳ","townNameKana":"ｳｴﾏﾁ","prefectureName":"北海道","cityName":"松前郡福島町","townName":"上町"},{"prefectureJisCode":"01","cityJisCode":"01332","zipCode":"0491312","prefectureNameKana":"ﾎｯｶｲﾄﾞｳ","cityNameKana":"ﾏﾂﾏｴｸﾞﾝﾌｸｼﾏﾁｮｳ","townNameKana":"ｶﾜﾗﾏﾁ","prefectureName":"北海道","cityName":"松前郡福島町","townName":"川原町"},{"prefectureJisCode":"01","cityJisCode":"01332","zipCode":"0491312","prefectureNameKana":"ﾎｯｶｲﾄﾞｳ","cityNameKana":"ﾏﾂﾏｴｸﾞﾝﾌｸｼﾏﾁｮｳ","townNameKana":"ﾀﾃｺ","prefectureName":"北海道","cityName":"松前郡福島町","townName":"館古"},{"prefectureJisCode":"01","cityJisCode":"01332","zipCode":"0491312","prefectureNameKana":"ﾎｯｶｲﾄﾞｳ","cityNameKana":"ﾏﾂﾏｴｸﾞﾝﾌｸｼﾏﾁｮｳ","townNameKana":"ﾌｸｼﾏ","prefectureName":"北海道","cityName":"松前郡福島町","townName":"福島"},{"prefectureJisCode":"01","cityJisCode":"01332","zipCode":"0491312","prefectureNameKana":"ﾎｯｶｲﾄﾞｳ","cityNameKana":"ﾏﾂﾏｴｸﾞﾝﾌｸｼﾏﾁｮｳ","townNameKana":"ﾎﾝﾁｮｳ","prefectureName":"北海道","cityName":"松前郡福島町","townName":"本町"},{"prefectureJisCode":"01","cityJisCode":"01332","zipCode":"0491312","prefectureNameKana":"ﾎｯｶｲﾄﾞｳ","cityNameKana":"ﾏﾂﾏｴｸﾞﾝﾌｸｼﾏﾁｮｳ","townNameKana":"ﾖｼﾀﾞﾏﾁ","prefectureName":"北海道","cityName":"松前郡福島町","townName":"吉田町"}]