[{"prefectureJisCode":"39","cityJisCode":"39410","townNameKana":"ｲﾜﾒｼﾞ","townName":"岩目地","zipCode":"7812154"},{"prefectureJisCode":"39","cityJisCode":"39410","townNameKana":"ｵｵﾊﾅ","townName":"大花","zipCode":"7812163"},{"prefectureJisCode":"39","cityJisCode":"39410","townNameKana":"ｵｷﾅ","townName":"沖名","zipCode":"7812152"},{"prefectureJisCode":"39","cityJisCode":"39410","townNameKana":"ｶﾓｼﾞ","townName":"鴨地","zipCode":"7812167"},{"prefectureJisCode":"39","cityJisCode":"39410","townNameKana":"ｸｽﾞ","townName":"九頭","zipCode":"7812155"},{"prefectureJisCode":"39","cityJisCode":"39410","townNameKana":"ｼﾓﾌﾞﾝ","townName":"下分","zipCode":"7812151"},{"prefectureJisCode":"39","cityJisCode":"39410","townNameKana":"ﾅｶﾞﾊﾞﾀ","townName":"長畑","zipCode":"7812166"},{"prefectureJisCode":"39","cityJisCode":"39410","townNameKana":"ﾅｺﾞﾔ","townName":"名越屋","zipCode":"7812162"},{"prefectureJisCode":"39","cityJisCode":"39410","townNameKana":"ﾊｼﾗﾀﾆ","townName":"柱谷","zipCode":"7812161"},{"prefectureJisCode":"39","cityJisCode":"39410","townNameKana":"ﾎﾝｺﾞｳ","townName":"本郷","zipCode":"7812153"},{"prefectureJisCode":"39","cityJisCode":"39410","townNameKana":"ﾎﾝﾑﾗ","townName":"本村","zipCode":"7812164"},{"prefectureJisCode":"39","cityJisCode":"39410","townNameKana":"ﾐﾔﾉﾀﾆ","townName":"宮ノ谷","zipCode":"7812165"}]